{"type":"FeatureCollection","features":[{"type":"Feature","geometry":{"type":"LineString","coordinates":[[3.32662,6.519365],[3.3266382,6.518024],[3.3266307,6.5173077],[3.3264698,6.5164549],[3.3261737,6.5153354],[3.3259511,6.5147086],[3.3257794,6.5144634],[3.3255434,6.5142716],[3.3252001,6.5141223],[3.3246958,6.5140264],[3.3243311,6.5138665],[3.323977,6.5135361],[3.3236337,6.513131],[3.3233976,6.5127472],[3.3233231,6.5124275],[3.3233016,6.5119691],[3.3233553,6.5109031],[3.3234513,6.5103488],[3.3234616,6.5102542],[3.3234942,6.5099544],[3.323462,6.5096133],[3.323248,6.5084088],[3.3230978,6.5079717],[3.3229794,6.5077267]]},"properties":{"osm_id":"way/87249525","name":"Unnamed (OSM way/87249525)","named":false,"source":"OpenStreetMap contributors","source_tags":{"waterway":"stream"},"retrieved_at":"2026-09-06T12:43:12.245Z","confidence":"openstreetmap_mapped_unverified","field_verified":false,"layer":"osm_waterway","waterway_type":"stream","navigability":"unknown"}},{"type":"Feature","geometry":{"type":"LineString","coordinates":[[3.3417467,6.5444369],[3.3403648,6.5440313],[3.3400992,6.544042],[3.3397586,6.5439754],[3.3394636,6.5438688],[3.3379871,6.5437222],[3.3370886,6.5437593],[3.3364261,6.5438546],[3.3360435,6.5438193],[3.3356321,6.543848],[3.3352819,6.5437666],[3.3349156,6.5437891],[3.3345429,6.5437358],[3.3343003,6.5439769],[3.3340349,6.5441013],[3.3338782,6.5441341],[3.3327071,6.5432327],[3.3315149,6.5426457],[3.3310772,6.5421835],[3.3307341,6.5419539],[3.3292465,6.541042],[3.326706,6.5393361],[3.3260406,6.5389931],[3.3256449,6.5386997],[3.3210725,6.5357074],[3.3192494,6.5345334],[3.3185964,6.5341127],[3.3169899,6.5330929]]},"properties":{"osm_id":"way/87249581","name":"Unnamed (OSM way/87249581)","named":false,"source":"OpenStreetMap contributors","source_tags":{"waterway":"ditch"},"retrieved_at":"2026-09-06T12:43:12.245Z","confidence":"openstreetmap_mapped_unverified","field_verified":false,"layer":"osm_waterway","waterway_type":"ditch","navigability":"unknown"}},{"type":"Feature","geometry":{"type":"LineString","coordinates":[[3.403305,6.454888],[3.4038898,6.4563047],[3.4040093,6.4575262],[3.4040776,6.4578401],[3.403974,6.4582132]]},"properties":{"osm_id":"way/88669590","name":"Unnamed (OSM way/88669590)","named":false,"source":"OpenStreetMap contributors","source_tags":{"waterway":"drain"},"retrieved_at":"2026-09-06T12:43:12.245Z","confidence":"openstreetmap_mapped_unverified","field_verified":false,"layer":"osm_waterway","waterway_type":"drain","navigability":"unknown"}},{"type":"Feature","geometry":{"type":"LineString","coordinates":[[3.3568845,6.5117489],[3.3567368,6.5115867],[3.3565316,6.5113838],[3.3557458,6.5104168],[3.3554777,6.5100693],[3.3553689,6.5098569],[3.3552873,6.5095365],[3.355023,6.5078955],[3.3547549,6.5064398],[3.3547121,6.5063202],[3.3544129,6.505741],[3.3539621,6.5045981],[3.3539271,6.5043471],[3.3539543,6.5042004],[3.3546266,6.5025633],[3.3547898,6.5023084],[3.3554855,6.5014628],[3.3558034,6.5011367]]},"properties":{"osm_id":"way/90288417","name":"Unnamed (OSM way/90288417)","named":false,"source":"OpenStreetMap contributors","source_tags":{"waterway":"stream"},"retrieved_at":"2026-09-06T12:43:12.245Z","confidence":"openstreetmap_mapped_unverified","field_verified":false,"layer":"osm_waterway","waterway_type":"stream","navigability":"unknown"}},{"type":"Feature","geometry":{"type":"LineString","coordinates":[[3.3407676,6.566721],[3.3407796,6.5660833],[3.3406616,6.566014],[3.3403635,6.5658728],[3.3401533,6.5656649],[3.3401627,6.5654211],[3.3401801,6.5652332],[3.3397738,6.5642753],[3.3394513,6.563436],[3.3392585,6.5626541],[3.3390894,6.5619187],[3.3388644,6.5613388],[3.338815,6.560315],[3.3385513,6.559728],[3.3384352,6.5590467],[3.3384141,6.5584597],[3.3382559,6.5579566],[3.3379921,6.5575374],[3.3378314,6.5568107],[3.337723,6.5560412],[3.3375806,6.5552733],[3.3374962,6.5547702],[3.3372852,6.5543614],[3.337032,6.5537115],[3.3366796,6.5529778],[3.3365195,6.5525107],[3.3363339,6.5511113],[3.3364074,6.5504592],[3.3361388,6.5500064],[3.3356393,6.5486279],[3.3353017,6.5481667],[3.3349784,6.5474093],[3.3345948,6.5465106],[3.3348796,6.5459026],[3.3347741,6.5455672],[3.3344365,6.545106],[3.3343838,6.5445504],[3.3342994,6.5442779],[3.3340349,6.5441013]]},"properties":{"osm_id":"way/92451100","name":"Unnamed (OSM way/92451100)","named":false,"source":"OpenStreetMap contributors","source_tags":{"waterway":"ditch"},"retrieved_at":"2026-09-06T12:43:12.245Z","confidence":"openstreetmap_mapped_unverified","field_verified":false,"layer":"osm_waterway","waterway_type":"ditch","navigability":"unknown"}},{"type":"Feature","geometry":{"type":"LineString","coordinates":[[3.3712343,6.5394064],[3.371347,6.5392945],[3.3714207,6.5392525],[3.3715576,6.5392029],[3.3717282,6.5393112],[3.3721451,6.5395465],[3.3727515,6.5399372],[3.3729231,6.5400489],[3.3730263,6.5401161],[3.3732268,6.5402378],[3.3736559,6.5403764],[3.3740636,6.540435],[3.3743318,6.5404456],[3.3746805,6.5403977],[3.3751647,6.5402407],[3.3755938,6.5400808],[3.3760485,6.5398221],[3.3764132,6.5395609],[3.3767673,6.5392092],[3.3771906,6.5387294],[3.3776305,6.5382178],[3.3782046,6.5376194],[3.3789608,6.5368747],[3.3794758,6.5363738],[3.3799372,6.535958],[3.3805165,6.5354997],[3.3811602,6.5350733],[3.3818469,6.5346576],[3.3825121,6.5342952],[3.3832882,6.5338487],[3.3834926,6.5336452],[3.3841366,6.5330159],[3.3843561,6.5327828],[3.3846608,6.5325309],[3.3848085,6.5323221],[3.3848462,6.5321622],[3.3848129,6.5318377],[3.3846772,6.5308888],[3.3844383,6.5302474],[3.3843462,6.5301285],[3.3842197,6.530001],[3.3840458,6.5295902],[3.3838517,6.5288239],[3.3836071,6.5281226],[3.383107,6.5269521],[3.3829246,6.5265017],[3.3827262,6.5262006],[3.3823506,6.5253532],[3.3820931,6.5246923],[3.3820717,6.5235624],[3.3825437,6.5227736],[3.3831016,6.5218569],[3.3835522,6.5217077],[3.3837454,6.5214518],[3.3838956,6.5208336],[3.3839599,6.5202153],[3.3839385,6.5194692],[3.3837668,6.5187017],[3.3838522,6.517829],[3.3838868,6.5173848],[3.3837025,6.516719],[3.3836317,6.5162731],[3.3836595,6.5159302],[3.3837454,6.5156104],[3.3839431,6.5153963],[3.384526,6.5150611],[3.3850114,6.5147364],[3.3854834,6.5142887],[3.3860818,6.5137256],[3.386547,6.5127382],[3.386721,6.5125051],[3.3869892,6.5122563],[3.3872103,6.5121553],[3.3881077,6.5119341],[3.3882944,6.511837],[3.388745,6.5113893],[3.3890454,6.5108563],[3.3894531,6.5101101],[3.3895693,6.5099818],[3.3897126,6.5099226],[3.3898968,6.509957],[3.3904402,6.5102167],[3.3909673,6.5103871],[3.391513,6.5104938],[3.3920944,6.5105606],[3.3926107,6.5105348],[3.3933431,6.5103543],[3.3945769,6.509816],[3.395226,6.5095495],[3.3956337,6.5089579],[3.3957839,6.5083716],[3.3955827,6.5074203],[3.3952153,6.5070179],[3.3951107,6.5067247],[3.3950999,6.5054909],[3.3950168,6.5049739],[3.3950463,6.5047793],[3.3949329,6.5045671],[3.394939,6.5042357],[3.3949739,6.5040998],[3.3949865,6.5035277],[3.3950599,6.5031771],[3.3950489,6.502996],[3.3950624,6.5027919],[3.3950571,6.5024102],[3.3950966,6.5021577],[3.395045,6.5019331],[3.394998,6.5016693],[3.3949484,6.5013988],[3.394939,6.5012696],[3.3949055,6.5011696],[3.394889,6.5010481]]},"properties":{"osm_id":"way/93337825","name":"Drainage Channel","named":true,"source":"OpenStreetMap contributors","source_tags":{"name":"Drainage Channel","waterway":"canal"},"retrieved_at":"2026-09-06T12:43:12.245Z","confidence":"openstreetmap_mapped_unverified","field_verified":false,"layer":"osm_waterway","waterway_type":"canal","navigability":"unknown"}},{"type":"Feature","geometry":{"type":"LineString","coordinates":[[3.3725342,6.555368],[3.3727809,6.5556131],[3.3730116,6.555757],[3.3732932,6.555869],[3.3734032,6.5561034],[3.3733633,6.5562394],[3.3734139,6.5564419],[3.3736178,6.5567323],[3.3738109,6.5569028],[3.3741006,6.5569028],[3.3743581,6.5569455],[3.3745297,6.5571373],[3.3748409,6.5571586],[3.3750983,6.5573718],[3.3754202,6.5577982],[3.375667,6.5581712],[3.375785,6.558395],[3.3760747,6.5586722],[3.3763643,6.5589066],[3.3766969,6.559269],[3.3769115,6.5595355],[3.3771046,6.5599725],[3.3773407,6.5602709],[3.3776411,6.5607826],[3.37792,6.5612515],[3.3782097,6.5616992],[3.3784457,6.5620936],[3.3786818,6.5624133],[3.3789607,6.5628503],[3.3791324,6.5630635],[3.3796477,6.5635538],[3.3802727,6.5641614],[3.3805409,6.5643559],[3.3807501,6.5644065],[3.3817881,6.5644811],[3.3822116,6.5644491]]},"properties":{"osm_id":"way/95045689","name":"Unnamed (OSM way/95045689)","named":false,"source":"OpenStreetMap contributors","source_tags":{"source":"Bing","waterway":"stream"},"retrieved_at":"2026-09-06T12:43:12.245Z","confidence":"openstreetmap_mapped_unverified","field_verified":false,"layer":"osm_waterway","waterway_type":"stream","navigability":"unknown"}},{"type":"Feature","geometry":{"type":"LineString","coordinates":[[3.3894287,6.5454716],[3.3891561,6.5453328],[3.389077,6.5452908],[3.3886841,6.5450823],[3.3884561,6.5449624],[3.3883917,6.5449064],[3.3883542,6.5448105],[3.3883273,6.5446799],[3.3882673,6.5445256],[3.3881718,6.5443761],[3.3879515,6.5442407]]},"properties":{"osm_id":"way/95045706","name":"Unnamed (OSM way/95045706)","named":false,"source":"OpenStreetMap contributors","source_tags":{"waterway":"drain"},"retrieved_at":"2026-09-06T12:43:12.245Z","confidence":"openstreetmap_mapped_unverified","field_verified":false,"layer":"osm_waterway","waterway_type":"drain","navigability":"unknown"}},{"type":"Feature","geometry":{"type":"LineString","coordinates":[[3.3676633,6.5503903],[3.368189,6.550337],[3.368704,6.5502624],[3.3692189,6.5502305],[3.3696803,6.5503051],[3.3700773,6.5502944],[3.3702918,6.5501665],[3.3706459,6.5501665],[3.3709785,6.5502518],[3.3712896,6.5501665],[3.3716758,6.549996],[3.3719012,6.5498574],[3.3721908,6.5496655],[3.3724591,6.5495376],[3.3727595,6.5494524],[3.3729526,6.5494524],[3.3731135,6.5496655],[3.3732637,6.5498681],[3.3732101,6.5500706],[3.3733925,6.5503157],[3.3735212,6.5506142],[3.3736178,6.5510832],[3.3736929,6.5515202],[3.3736607,6.5519359],[3.3733925,6.5522876],[3.373253,6.5525754],[3.373253,6.5527886],[3.3731672,6.5531296],[3.3731055,6.5535903],[3.3732368,6.5541132],[3.373452,6.5544804],[3.3736285,6.5546538],[3.3737572,6.554867],[3.3739396,6.5550908],[3.3738967,6.5553893],[3.3737036,6.5557623],[3.373489,6.5559968],[3.3734032,6.5561034]]},"properties":{"osm_id":"way/95045712","name":"Unnamed (OSM way/95045712)","named":false,"source":"OpenStreetMap contributors","source_tags":{"source":"Bing","waterway":"stream"},"retrieved_at":"2026-09-06T12:43:12.245Z","confidence":"openstreetmap_mapped_unverified","field_verified":false,"layer":"osm_waterway","waterway_type":"stream","navigability":"unknown"}},{"type":"Feature","geometry":{"type":"LineString","coordinates":[[3.3818146,6.5620829],[3.3816703,6.5627405],[3.3815464,6.5630955]]},"properties":{"osm_id":"way/95045713","name":"Unnamed (OSM way/95045713)","named":false,"source":"OpenStreetMap contributors","source_tags":{"source":"Bing","waterway":"stream"},"retrieved_at":"2026-09-06T12:43:12.245Z","confidence":"openstreetmap_mapped_unverified","field_verified":false,"layer":"osm_waterway","waterway_type":"stream","navigability":"unknown"}},{"type":"Feature","geometry":{"type":"LineString","coordinates":[[3.3695982,6.5665748],[3.3699378,6.5665382],[3.3702489,6.5663996],[3.3706351,6.5663037],[3.3709141,6.5663143],[3.3713325,6.566293],[3.3716973,6.5662824],[3.3721178,6.5663703],[3.3722978,6.566411],[3.3724859,6.5664814],[3.3728379,6.5665987],[3.3733878,6.5667494],[3.3736061,6.5668093],[3.3738404,6.5668606],[3.3742186,6.5669112],[3.3746155,6.5669219],[3.3750125,6.5668899],[3.3753666,6.5670498],[3.3758601,6.5673349],[3.3763214,6.5675614],[3.3767077,6.5677319],[3.3769694,6.5678873],[3.3774947,6.5682403],[3.3778773,6.5685239],[3.37792,6.5689256],[3.3782204,6.569384],[3.3785959,6.5695971],[3.3789929,6.569789],[3.3793792,6.5700235],[3.3797117,6.5702153],[3.3801945,6.5704924],[3.3805808,6.5707909],[3.3807417,6.571004],[3.3809348,6.5713344],[3.3811494,6.5716755],[3.3814069,6.5719846],[3.3816859,6.5721978],[3.3819433,6.572283],[3.3822194,6.5722685]]},"properties":{"osm_id":"way/95045795","name":"Unnamed (OSM way/95045795)","named":false,"source":"OpenStreetMap contributors","source_tags":{"source":"Bing","waterway":"stream"},"retrieved_at":"2026-09-06T12:43:12.245Z","confidence":"openstreetmap_mapped_unverified","field_verified":false,"layer":"osm_waterway","waterway_type":"stream","navigability":"unknown"}},{"type":"Feature","geometry":{"type":"LineString","coordinates":[[3.7440205,6.6986267],[3.744607,6.6979789],[3.7455353,6.6976167],[3.7479557,6.6976002],[3.7507574,6.6963983],[3.7519676,6.6955092],[3.7524649,6.6944225],[3.7525478,6.692562],[3.7521665,6.6898288],[3.7518847,6.6878036],[3.7519676,6.6863546],[3.7528628,6.6850045],[3.7548853,6.6836543],[3.7563586,6.6826591],[3.7577212,6.6813484],[3.7586975,6.6813217],[3.7590629,6.6822383],[3.7604555,6.6823865],[3.7611352,6.6817444],[3.7616657,6.6812339],[3.763224,6.6812669],[3.7649812,6.6805918],[3.7666224,6.6790605],[3.76833,6.6786983],[3.7696892,6.6785991],[3.7704593,6.6785239],[3.7713307,6.6777573],[3.772155,6.6772439],[3.7724733,6.6770434],[3.772613,6.6768425],[3.7724733,6.6766864],[3.7722409,6.6764836],[3.7716898,6.6761553],[3.7715721,6.6758765],[3.7718215,6.6755253],[3.7723231,6.6752531],[3.7724862,6.6748957],[3.7724574,6.6743543],[3.7725806,6.6739158],[3.7727925,6.6735242],[3.773509,6.6733952],[3.7752619,6.67321],[3.7760688,6.6727193],[3.7765652,6.6719849],[3.7768614,6.6712358],[3.776841,6.6702598],[3.7763572,6.6689452],[3.7754047,6.6677054],[3.774544,6.6659929],[3.7741556,6.6651362],[3.7734979,6.6617943],[3.7733902,6.660885],[3.7735248,6.6603237],[3.7738144,6.6599827],[3.7746238,6.6595128],[3.776207,6.6581178],[3.7784219,6.6566127],[3.7817598,6.6547953],[3.7836252,6.6540188],[3.785002,6.6536158],[3.7867181,6.6534506],[3.789361,6.653561],[3.7911581,6.6537088],[3.793233,6.6539338],[3.7941267,6.6539992],[3.7949459,6.6539004],[3.7955473,6.653691],[3.7961676,6.6531921],[3.7965909,6.6520117],[3.7969014,6.6505419],[3.7970058,6.6492344],[3.7970197,6.6462043],[3.7971285,6.6445412],[3.7975944,6.6428501],[3.7984617,6.6403968],[3.7991345,6.6395113],[3.799982,6.638524],[3.8002396,6.6376037],[3.7999905,6.6362058],[3.7999913,6.6345583],[3.8005345,6.6319333],[3.801291,6.6306233],[3.802294,6.6293057],[3.8052499,6.6248685],[3.8066232,6.6228649],[3.8072562,6.6218631],[3.8073528,6.6210958],[3.8073631,6.6204065]]},"properties":{"osm_id":"way/125070205","name":"Aye River","named":true,"source":"OpenStreetMap contributors","source_tags":{"GNS:dsg_code":"STM","GNS:dsg_string":"stream","GNS:id":"-2001126","alt_name":"River Itaw","is_in:country":"Nigeria","name":"Aye River","source":"Bing","waterway":"river"},"retrieved_at":"2026-09-06T12:43:12.245Z","confidence":"openstreetmap_mapped_unverified","field_verified":false,"layer":"osm_waterway","waterway_type":"river","navigability":"unknown"}},{"type":"Feature","geometry":{"type":"LineString","coordinates":[[3.3941257,6.4579987],[3.3942877,6.4584483],[3.3947597,6.4589387],[3.3951916,6.4593155]]},"properties":{"osm_id":"way/129556768","name":"Unnamed (OSM way/129556768)","named":false,"source":"OpenStreetMap contributors","source_tags":{"waterway":"drain"},"retrieved_at":"2026-09-06T12:43:12.245Z","confidence":"openstreetmap_mapped_unverified","field_verified":false,"layer":"osm_waterway","waterway_type":"drain","navigability":"unknown"}},{"type":"Feature","geometry":{"type":"LineString","coordinates":[[3.4083992,6.4618207],[3.4084303,6.4612946],[3.4091259,6.4602845],[3.4094282,6.4598304],[3.4096505,6.4594226],[3.4098937,6.4589771],[3.4099458,6.4588816],[3.4100609,6.4586843],[3.4102494,6.4583829],[3.4104163,6.4581702],[3.410592,6.4579594],[3.4106244,6.4579034],[3.4106432,6.4578581],[3.4106513,6.4577915],[3.4106539,6.4577195],[3.4106486,6.4576716],[3.4106298,6.4576209],[3.4104045,6.4572718],[3.4103318,6.4572025],[3.4102487,6.4571305],[3.4101819,6.4570559],[3.410088,6.456944],[3.4099324,6.4567414],[3.4098251,6.4565895],[3.4097527,6.4564562],[3.4096669,6.4562937],[3.4095355,6.4560645],[3.4094899,6.4559578],[3.409463,6.4558699],[3.4088059,6.4530581],[3.408771,6.4528635],[3.4087442,6.452709],[3.4087362,6.4526237],[3.4084157,6.4524666],[3.4078176,6.4492597],[3.4073044,6.4465694],[3.4072336,6.446274],[3.4071345,6.4459469],[3.4070036,6.4455495],[3.4068408,6.4451802],[3.4066391,6.4447547],[3.4064409,6.4444065],[3.406186,6.4440162],[3.4059595,6.4436856],[3.4057189,6.4434007],[3.4054464,6.4431018]]},"properties":{"osm_id":"way/129586384","name":"MacGregor Canal","named":true,"source":"OpenStreetMap contributors","source_tags":{"name":"MacGregor Canal","waterway":"canal","wikidata":"Q56275684","wikipedia":"en:MacGregor canal"},"retrieved_at":"2026-09-06T12:43:12.245Z","confidence":"openstreetmap_mapped_unverified","field_verified":false,"layer":"osm_waterway","waterway_type":"canal","navigability":"unknown"}},{"type":"Feature","geometry":{"type":"LineString","coordinates":[[3.4647488,6.4624584],[3.4658361,6.4585691],[3.465929,6.4582367],[3.4668189,6.4527262],[3.4666478,6.4519255],[3.4662503,6.4514788],[3.4617447,6.4498683],[3.4604575,6.4495999],[3.4588451,6.4497839],[3.4576296,6.4504035],[3.45604,6.4514593],[3.4538448,6.45173],[3.4526836,6.4513377],[3.452059,6.450299],[3.4522043,6.4488429],[3.4523847,6.4468931],[3.4526594,6.4446138],[3.4527345,6.4425765],[3.4521531,6.4410623],[3.4509515,6.4396018],[3.4500835,6.4388923],[3.4487114,6.4381432],[3.4469815,6.4378626],[3.4443318,6.4374695],[3.4430444,6.437768],[3.440448,6.4396551],[3.4365641,6.4413822],[3.435502,6.4418299],[3.4342467,6.4420645],[3.4325866,6.4418637],[3.4310388,6.4412862],[3.4306956,6.4412566],[3.4277021,6.4409984],[3.4254276,6.4410304],[3.4238006,6.4405899],[3.4225416,6.4399962],[3.4187114,6.4382585],[3.4164476,6.4383331],[3.4153441,6.4385399],[3.4130052,6.4395527],[3.4105038,6.4413715],[3.4085941,6.4420858],[3.4070062,6.4423204],[3.4056222,6.4421818],[3.4043025,6.4413182],[3.403809,6.4409984],[3.4031545,6.4399642],[3.4003604,6.4353339]]},"properties":{"osm_id":"way/129586395","name":"Five Cowries Creek","named":true,"source":"OpenStreetMap contributors","source_tags":{"name":"Five Cowries Creek","waterway":"river"},"retrieved_at":"2026-09-06T12:43:12.245Z","confidence":"openstreetmap_mapped_unverified","field_verified":false,"layer":"osm_waterway","waterway_type":"river","navigability":"unknown"}},{"type":"Feature","geometry":{"type":"LineString","coordinates":[[3.4176811,6.441906],[3.4177715,6.440157],[3.4177225,6.439541]]},"properties":{"osm_id":"way/129725807","name":"Unnamed (OSM way/129725807)","named":false,"source":"OpenStreetMap contributors","source_tags":{"waterway":"drain"},"retrieved_at":"2026-09-06T12:43:12.245Z","confidence":"openstreetmap_mapped_unverified","field_verified":false,"layer":"osm_waterway","waterway_type":"drain","navigability":"unknown"}},{"type":"Feature","geometry":{"type":"LineString","coordinates":[[3.4398777,6.4376435],[3.4397691,6.4372028],[3.439358,6.4353309],[3.439311,6.4352691],[3.4392221,6.4352352],[3.4389479,6.4351653],[3.4387242,6.4351739],[3.4386041,6.4351348],[3.4384863,6.4350679],[3.4383557,6.4349554],[3.4382968,6.4348744],[3.4382484,6.4347292],[3.4382433,6.4345617],[3.4382859,6.4344068],[3.4385885,6.4337899],[3.4386039,6.4336772],[3.43858,6.4335657],[3.4385052,6.433449],[3.4383795,6.4333707]]},"properties":{"osm_id":"way/129725848","name":"Kuramo Creek","named":true,"source":"OpenStreetMap contributors","source_tags":{"name":"Kuramo Creek","waterway":"stream"},"retrieved_at":"2026-09-06T12:43:12.245Z","confidence":"openstreetmap_mapped_unverified","field_verified":false,"layer":"osm_waterway","waterway_type":"stream","navigability":"unknown"}},{"type":"Feature","geometry":{"type":"LineString","coordinates":[[3.4240739,6.4289934],[3.424745,6.4289949],[3.4248511,6.4289951],[3.4255048,6.4289958]]},"properties":{"osm_id":"way/129725868","name":"Unnamed (OSM way/129725868)","named":false,"source":"OpenStreetMap contributors","source_tags":{"waterway":"drain"},"retrieved_at":"2026-09-06T12:43:12.245Z","confidence":"openstreetmap_mapped_unverified","field_verified":false,"layer":"osm_waterway","waterway_type":"drain","navigability":"unknown"}},{"type":"Feature","geometry":{"type":"LineString","coordinates":[[3.4215035,6.4570469],[3.4199698,6.4611184],[3.4199327,6.4612618],[3.4198643,6.4618082],[3.4198639,6.4620561],[3.4199184,6.4623605],[3.4199238,6.4625062],[3.4198922,6.4625821]]},"properties":{"osm_id":"way/129730341","name":"Unnamed (OSM way/129730341)","named":false,"source":"OpenStreetMap contributors","source_tags":{"waterway":"ditch"},"retrieved_at":"2026-09-06T12:43:12.245Z","confidence":"openstreetmap_mapped_unverified","field_verified":false,"layer":"osm_waterway","waterway_type":"ditch","navigability":"unknown"}},{"type":"Feature","geometry":{"type":"LineString","coordinates":[[3.428818,6.4465603],[3.4289835,6.4464073],[3.4293554,6.4463934],[3.4293939,6.4463714],[3.4298277,6.4457606],[3.4299548,6.4457216],[3.4302241,6.4457108],[3.4306484,6.4455202]]},"properties":{"osm_id":"way/129730386","name":"Unnamed (OSM way/129730386)","named":false,"source":"OpenStreetMap contributors","source_tags":{"waterway":"drain"},"retrieved_at":"2026-09-06T12:43:12.245Z","confidence":"openstreetmap_mapped_unverified","field_verified":false,"layer":"osm_waterway","waterway_type":"drain","navigability":"unknown"}},{"type":"Feature","geometry":{"type":"LineString","coordinates":[[3.3413464,6.5070356],[3.3411412,6.5070387],[3.340936,6.506993],[3.3406846,6.5069282],[3.3404409,6.5068712],[3.3401925,6.5068243],[3.3400631,6.5068027],[3.339974,6.5067831],[3.3398841,6.5067415],[3.3398231,6.5066532],[3.3397777,6.5065821],[3.3397636,6.5064721],[3.3397353,6.5062732],[3.3397094,6.5060813],[3.3396364,6.5057092],[3.339594,6.50544],[3.3395375,6.5052247],[3.3395021,6.5050867],[3.3394315,6.5048058],[3.339349,6.5045133],[3.3392101,6.5041716],[3.3391323,6.5039821],[3.3389392,6.5035983],[3.3388379,6.5033455],[3.3388097,6.5031864],[3.3386942,6.502943],[3.3386746,6.5027439],[3.3386901,6.5026829],[3.3388567,6.5025803],[3.3390332,6.5025075],[3.3391731,6.502438],[3.3392431,6.5023784],[3.3392664,6.5023354],[3.3392464,6.5022461],[3.3391631,6.5020243],[3.3390166,6.5016934],[3.3389333,6.5014915],[3.3386002,6.500995],[3.3385502,6.5008196],[3.3386368,6.5004456],[3.3386335,6.5002537],[3.3384636,6.5000021],[3.3382038,6.4996679],[3.3380173,6.499456],[3.3377508,6.4990953],[3.337381,6.4985922],[3.3372111,6.4983903],[3.3371245,6.4982249],[3.3371312,6.4981123],[3.3371474,6.4978922],[3.3371332,6.4976675],[3.337105,6.4975084],[3.3369654,6.4972143],[3.3368618,6.4970177],[3.3366522,6.4966971],[3.336178,6.4959936],[3.333485,6.4920174],[3.3334174,6.4918063],[3.3334174,6.4913479],[3.3333778,6.4908874],[3.3332351,6.4905271],[3.333013,6.4902158],[3.3315324,6.4885955],[3.3312924,6.4883117],[3.3310786,6.4878941],[3.3309847,6.4874704],[3.3309965,6.4872424],[3.3308854,6.4869027],[3.3307814,6.4865381],[3.3305239,6.4861863],[3.3302127,6.4858132],[3.329952,6.4854422],[3.3297482,6.4850158],[3.3295905,6.4847152],[3.3295765,6.4845255],[3.3303629,6.4816131],[3.3306741,6.4808562],[3.3311322,6.480272],[3.3317577,6.4798861],[3.3323263,6.4796623],[3.3331279,6.479641],[3.3332161,6.479567],[3.3333468,6.4794548]]},"properties":{"osm_id":"way/134157440","name":"Unnamed (OSM way/134157440)","named":false,"source":"OpenStreetMap contributors","source_tags":{"waterway":"stream"},"retrieved_at":"2026-09-06T12:43:12.245Z","confidence":"openstreetmap_mapped_unverified","field_verified":false,"layer":"osm_waterway","waterway_type":"stream","navigability":"unknown"}},{"type":"Feature","geometry":{"type":"LineString","coordinates":[[3.3971591,6.5500052],[3.3972604,6.5496801],[3.397431,6.54942],[3.3975507,6.5491407],[3.3977137,6.5486563],[3.3978468,6.5481063],[3.3978865,6.5476831],[3.3980023,6.5474924],[3.3982188,6.5473272],[3.398318,6.5471913],[3.3983027,6.5470854],[3.3983498,6.5469822],[3.3984699,6.5468294],[3.3986066,6.5467125],[3.3988472,6.5464541],[3.3991847,6.5461482],[3.3995709,6.5458498],[3.3998381,6.5456418],[3.4001181,6.5454341],[3.400279,6.545157],[3.4004507,6.5446986],[3.4005794,6.5437393],[3.4006224,6.5432754],[3.4007029,6.5428383],[3.4008008,6.5423971],[3.4008316,6.5422574],[3.400837,6.5421508],[3.4008209,6.5420336],[3.4007579,6.5418908],[3.4006439,6.5417405],[3.4004829,6.5415912],[3.4001963,6.5415103],[3.3997504,6.541426]]},"properties":{"osm_id":"way/134222238","name":"Unnamed (OSM way/134222238)","named":false,"source":"OpenStreetMap contributors","source_tags":{"waterway":"stream"},"retrieved_at":"2026-09-06T12:43:12.245Z","confidence":"openstreetmap_mapped_unverified","field_verified":false,"layer":"osm_waterway","waterway_type":"stream","navigability":"unknown"}},{"type":"Feature","geometry":{"type":"LineString","coordinates":[[3.3953169,6.5509826],[3.395392,6.5505882],[3.3954457,6.5501085],[3.3954242,6.5496182],[3.3954725,6.5493566],[3.395612,6.549154],[3.3957794,6.5490368],[3.3958319,6.549],[3.3959821,6.5487655],[3.3961843,6.5480297],[3.3963459,6.5474576],[3.3963532,6.547088],[3.3963373,6.5466364],[3.396245,6.5463081],[3.3961806,6.5457965],[3.3961602,6.5455602],[3.3961647,6.5455085],[3.3962023,6.5454259],[3.3963403,6.5451657],[3.3963644,6.5451417],[3.396402,6.5451204],[3.3964651,6.5450982],[3.3965575,6.5450804],[3.3967422,6.5450079],[3.3968064,6.5449846],[3.3968538,6.5449496],[3.3969559,6.5448232],[3.3970486,6.5447507],[3.3972131,6.5446141],[3.3972898,6.5445662],[3.3973342,6.54448],[3.3973583,6.5443467],[3.3973771,6.5442028],[3.3973878,6.544019],[3.3973944,6.5438733],[3.3974012,6.5437951],[3.397428,6.5437152],[3.3974656,6.5436299],[3.3975285,6.5435189],[3.3975602,6.5434554],[3.3976331,6.5433377],[3.3977136,6.5432071],[3.3977639,6.5430976],[3.397774,6.5430756],[3.397811,6.5428467],[3.3979604,6.5423377],[3.398031,6.5421063],[3.3981065,6.5418627],[3.3982273,6.5416607],[3.3982446,6.5416136],[3.3982649,6.5415834],[3.3983036,6.541571],[3.398576,6.5414981],[3.3986577,6.541491],[3.3987343,6.5415034],[3.3988662,6.5415876],[3.3996285,6.5414199],[3.3997504,6.541426]]},"properties":{"osm_id":"way/134222258","name":"Unnamed (OSM way/134222258)","named":false,"source":"OpenStreetMap contributors","source_tags":{"waterway":"drain"},"retrieved_at":"2026-09-06T12:43:12.245Z","confidence":"openstreetmap_mapped_unverified","field_verified":false,"layer":"osm_waterway","waterway_type":"drain","navigability":"unknown"}},{"type":"Feature","geometry":{"type":"LineString","coordinates":[[3.3280496,6.6140066],[3.327913,6.6139659],[3.3276019,6.613934],[3.3270225,6.6139553],[3.3263037,6.6140299],[3.3257438,6.6139706],[3.3252308,6.6139446],[3.3250883,6.6139199],[3.3250173,6.6138572],[3.3249948,6.6137208],[3.3250612,6.6132738],[3.3250701,6.6130755],[3.3250133,6.6128563],[3.3249295,6.6125951],[3.3248981,6.6123149],[3.3249024,6.6119648],[3.324995,6.6114615],[3.3250055,6.6109605],[3.3249626,6.6108326],[3.3247909,6.6106941],[3.3245871,6.6105236],[3.3244718,6.6102265],[3.3235679,6.6084459],[3.3235035,6.6082114],[3.3235464,6.6079343],[3.3235464,6.6076572],[3.3235249,6.6073482],[3.3234284,6.6070071],[3.3232787,6.6066661],[3.3230427,6.6061332],[3.3225813,6.6053126],[3.3224284,6.605123],[3.3221844,6.6042042],[3.3218518,6.6037779],[3.3214761,6.6033273],[3.3213631,6.6031913],[3.321214,6.6026421],[3.3211063,6.6023195],[3.3211312,6.6021443],[3.3209613,6.6014438],[3.320736,6.6009962],[3.3204356,6.6006552],[3.3201673,6.6003887],[3.3199206,6.5998878],[3.3197276,6.5995817],[3.3195346,6.5990085],[3.3194741,6.5986636],[3.3191244,6.5980823],[3.3189375,6.5974096],[3.3184492,6.5963786],[3.3184505,6.5961346],[3.3179895,6.5949817],[3.3174122,6.5940914],[3.3173937,6.5936809],[3.3163415,6.5913617],[3.3156827,6.5894857],[3.3154252,6.5891234],[3.3152004,6.5889715],[3.3150819,6.5888036]]},"properties":{"osm_id":"way/134414163","name":"Guiness Drainage Canal","named":true,"source":"OpenStreetMap contributors","source_tags":{"name":"Guiness Drainage Canal","waterway":"ditch"},"retrieved_at":"2026-09-06T12:43:12.245Z","confidence":"openstreetmap_mapped_unverified","field_verified":false,"layer":"osm_waterway","waterway_type":"ditch","navigability":"unknown"}},{"type":"Feature","geometry":{"type":"LineString","coordinates":[[3.4041137,6.5518148],[3.4043454,6.5518292],[3.4045386,6.5518931],[3.4047639,6.5518825],[3.4049248,6.5519251],[3.4050121,6.5520604],[3.405021,6.552123],[3.4050364,6.5522729],[3.4050242,6.5523488],[3.4050036,6.5524636],[3.4051286,6.5526925],[3.4053003,6.5527458],[3.4059441,6.5529165],[3.4063136,6.5533179]]},"properties":{"osm_id":"way/135176586","name":"Unnamed (OSM way/135176586)","named":false,"source":"OpenStreetMap contributors","source_tags":{"waterway":"stream"},"retrieved_at":"2026-09-06T12:43:12.245Z","confidence":"openstreetmap_mapped_unverified","field_verified":false,"layer":"osm_waterway","waterway_type":"stream","navigability":"unknown"}},{"type":"Feature","geometry":{"type":"LineString","coordinates":[[3.3975433,6.5581924],[3.3977579,6.5580539],[3.3978545,6.5579899],[3.3979983,6.5580395],[3.3981227,6.5581604],[3.3983416,6.558242],[3.3985411,6.5582457],[3.3987021,6.5583097],[3.398863,6.5584909],[3.3989703,6.5585974],[3.3990776,6.558736],[3.3991462,6.5589454],[3.3991677,6.5591373],[3.3991677,6.5593718],[3.3992213,6.5595956],[3.3993029,6.5598338],[3.3994102,6.5600044],[3.3994681,6.5601712],[3.3995271,6.5602778],[3.3996355,6.5604147],[3.3997575,6.5604987],[3.3998608,6.5605693],[3.3998973,6.5606721],[3.3999616,6.5608107],[3.4000796,6.5608853],[3.4002041,6.560921],[3.4003221,6.5608784],[3.4004509,6.5608677],[3.4006333,6.5608251],[3.4007942,6.5607398],[3.4009272,6.5608],[3.4010667,6.5607894],[3.401185,6.5607712],[3.4013306,6.5608144],[3.4014379,6.5609956],[3.4015388,6.5611624],[3.4016418,6.5613474],[3.4021597,6.5616709],[3.4024817,6.5618721]]},"properties":{"osm_id":"way/135176603","name":"Unnamed (OSM way/135176603)","named":false,"source":"OpenStreetMap contributors","source_tags":{"waterway":"stream"},"retrieved_at":"2026-09-06T12:43:12.245Z","confidence":"openstreetmap_mapped_unverified","field_verified":false,"layer":"osm_waterway","waterway_type":"stream","navigability":"unknown"}},{"type":"Feature","geometry":{"type":"LineString","coordinates":[[3.4085183,6.5744872],[3.4092043,6.5748599]]},"properties":{"osm_id":"way/135178758","name":"Unnamed (OSM way/135178758)","named":false,"source":"OpenStreetMap contributors","source_tags":{"waterway":"river"},"retrieved_at":"2026-09-06T12:43:12.245Z","confidence":"openstreetmap_mapped_unverified","field_verified":false,"layer":"osm_waterway","waterway_type":"river","navigability":"unknown"}},{"type":"Feature","geometry":{"type":"LineString","coordinates":[[3.4035156,6.6225025],[3.4028691,6.6217527],[3.402543,6.6210205],[3.4021138,6.620509],[3.4017061,6.6201253],[3.4016418,6.6196777],[3.4017705,6.6192727],[3.4018134,6.6187186],[3.4015602,6.6182145],[3.4012169,6.6177882],[3.4008693,6.6176741],[3.4005571,6.617671],[3.4001977,6.6175164],[3.400011,6.6169068],[3.399629,6.6161683],[3.3993501,6.6152517],[3.3990883,6.6149885],[3.3987922,6.6148894],[3.3985304,6.6147621],[3.3981013,6.614387],[3.3977193,6.614186],[3.3974361,6.6139441],[3.3972812,6.6136475],[3.3972086,6.6133398],[3.3972472,6.612971],[3.3975648,6.6123454],[3.3978652,6.6119405],[3.3981871,6.6117912],[3.3987664,6.6117699],[3.3993243,6.6116847],[3.3997749,6.6112797],[3.4001612,6.6111092],[3.400526,6.6111518],[3.4010624,6.6111518],[3.4012984,6.6110452],[3.4014315,6.6108395],[3.4012984,6.6106829],[3.4011697,6.6104697],[3.4012341,6.6101713],[3.4015173,6.609859],[3.4020108,6.6092196],[3.4023542,6.6083883],[3.4025644,6.6075282],[3.4025215,6.6070806],[3.4023928,6.6065264],[3.4024786,6.6060362],[3.4027361,6.6057378],[3.402779,6.6052688],[3.4027684,6.6050084],[3.4028675,6.6045601],[3.4029427,6.6043423],[3.4029749,6.6041558],[3.4028434,6.6037341],[3.4028113,6.6035696],[3.4029121,6.60323],[3.4032082,6.6027749],[3.4032754,6.6024913],[3.4032725,6.6022634],[3.4032368,6.602053],[3.40311,6.60162],[3.4030495,6.6014667],[3.4030213,6.6011621],[3.4030422,6.6008818],[3.4033353,6.6000646],[3.4035097,6.5995609],[3.4036069,6.5993997],[3.4037754,6.5992424],[3.4043448,6.5988974],[3.4044999,6.5987111],[3.4047746,6.5982347],[3.4048679,6.5979891],[3.4048819,6.5976805],[3.404796,6.5972542],[3.4047663,6.5967089],[3.4047531,6.5964656],[3.4050321,6.5955916],[3.4051182,6.5951881],[3.4050965,6.5949095],[3.404839,6.5935879],[3.4047451,6.5932449],[3.4047545,6.5929287],[3.4049033,6.5926074],[3.4053582,6.5921459],[3.4054183,6.5917761],[3.4052681,6.5913285],[3.405311,6.59103],[3.4056329,6.5905398],[3.4060835,6.5900921],[3.4064054,6.5897085],[3.4064697,6.5891969],[3.4062122,6.589005],[3.4060406,6.5886427],[3.4059548,6.5881311],[3.4057831,6.5868947],[3.4056611,6.5855969],[3.405525,6.5853577],[3.4054183,6.5851468],[3.4053487,6.584922],[3.4054225,6.5846559],[3.4055192,6.5843909],[3.4057138,6.5841577],[3.4061967,6.5839361],[3.4065167,6.5836938],[3.4071135,6.5834629],[3.4074624,6.5831686],[3.4076499,6.5829086],[3.407914,6.5824369],[3.4078624,6.5820906],[3.4077143,6.5814165],[3.4077721,6.5810353],[3.4080404,6.5805287],[3.4085769,6.5795268],[3.4090876,6.5789012],[3.4091624,6.5787187],[3.4091734,6.5781551],[3.4092807,6.5769614],[3.409307,6.5763749],[3.4092935,6.575848],[3.409152,6.5752561],[3.4091806,6.574996],[3.4092043,6.5748599],[3.4093445,6.5745833],[3.409913,6.5740356],[3.4102034,6.5736147],[3.4102302,6.5731478],[3.4103967,6.5725718],[3.4105467,6.5716962],[3.4108471,6.5704811],[3.4106969,6.568989],[3.4104823,6.5680084],[3.4102077,6.5675042],[3.4095596,6.5668786],[3.4090919,6.566076],[3.408119,6.5643297]]},"properties":{"osm_id":"way/135178805","name":"Agboyi Creek","named":true,"source":"OpenStreetMap contributors","source_tags":{"name":"Agboyi Creek","waterway":"river"},"retrieved_at":"2026-09-06T12:43:12.245Z","confidence":"openstreetmap_mapped_unverified","field_verified":false,"layer":"osm_waterway","waterway_type":"river","navigability":"unknown"}},{"type":"Feature","geometry":{"type":"LineString","coordinates":[[3.431612,6.6052057],[3.4319464,6.6047321],[3.4321829,6.6044313],[3.4323533,6.6039707],[3.4324952,6.6032657],[3.4327413,6.6027299],[3.4329589,6.6026265],[3.43327,6.6026158],[3.4335919,6.6025519],[3.4340103,6.6025838],[3.4343,6.6025732],[3.434418,6.6024773],[3.4346218,6.6024346],[3.4349115,6.6024133]]},"properties":{"osm_id":"way/135186116","name":"Unnamed (OSM way/135186116)","named":false,"source":"OpenStreetMap contributors","source_tags":{"waterway":"stream"},"retrieved_at":"2026-09-06T12:43:12.245Z","confidence":"openstreetmap_mapped_unverified","field_verified":false,"layer":"osm_waterway","waterway_type":"stream","navigability":"unknown"}},{"type":"Feature","geometry":{"type":"LineString","coordinates":[[3.4559888,6.6386385],[3.4564026,6.6386532],[3.4566095,6.6388221],[3.4564839,6.639079],[3.4564174,6.6393579],[3.4565948,6.6397396],[3.4568682,6.6399819],[3.4568904,6.64018],[3.4566539,6.6403709],[3.4564765,6.6404957],[3.4565948,6.6406572],[3.4568067,6.6407563],[3.4574404,6.640575],[3.4577047,6.6405698],[3.4579407,6.6408319],[3.4583025,6.6408381],[3.4585056,6.6407825],[3.4586496,6.6405727],[3.4586159,6.640347],[3.4584418,6.6401507],[3.4584551,6.6399317],[3.4585454,6.639764],[3.4586652,6.6397138],[3.4587939,6.6397138],[3.4589548,6.6397458],[3.4593303,6.6395753],[3.4596415,6.639149],[3.4599158,6.6382206],[3.4601435,6.6378861],[3.4602171,6.6375313],[3.4603673,6.6367],[3.460657,6.6362951],[3.4610432,6.6358901],[3.4612149,6.6354745],[3.4611505,6.6349629],[3.4611076,6.6345793],[3.4613222,6.6342169],[3.4619444,6.6339186],[3.4622448,6.6332152],[3.4627169,6.6320216],[3.4634679,6.6310838],[3.4644764,6.630146],[3.4653777,6.6292934],[3.4663003,6.6288032],[3.4672016,6.6279506],[3.4683388,6.6267996],[3.4691757,6.6261602],[3.4693902,6.6254994],[3.4690907,6.6251067],[3.4688538,6.6247961],[3.4685105,6.6238369],[3.4682959,6.622281],[3.4683174,6.6212792],[3.4685105,6.6202348],[3.4694117,6.618487],[3.4698838,6.6174852],[3.4699911,6.6163768],[3.4697336,6.6148422],[3.4696263,6.6133501],[3.469755,6.6118368],[3.4700554,6.6100463],[3.4704631,6.6087887],[3.4714502,6.6074032],[3.4723085,6.6066785],[3.4733599,6.6060817],[3.4748127,6.6057429]]},"properties":{"osm_id":"way/135186146","name":"Majidun Creek","named":true,"source":"OpenStreetMap contributors","source_tags":{"name":"Majidun Creek","waterway":"river"},"retrieved_at":"2026-09-06T12:43:12.245Z","confidence":"openstreetmap_mapped_unverified","field_verified":false,"layer":"osm_waterway","waterway_type":"river","navigability":"unknown"}},{"type":"Feature","geometry":{"type":"LineString","coordinates":[[3.186994,6.5231926],[3.1868265,6.5231228],[3.1865368,6.5230162],[3.1862901,6.5228882],[3.1861399,6.5226964],[3.1858717,6.5224192],[3.1857215,6.5220995],[3.1855069,6.5217157],[3.1853352,6.5214066],[3.1851636,6.5211934],[3.1850133,6.520863],[3.1848095,6.5204579],[3.1846378,6.5202767],[3.1844769,6.5201381],[3.1841765,6.5200102],[3.1838975,6.5199036],[3.1836937,6.5198183],[3.1835328,6.5197117],[3.1834148,6.5194666],[3.183404,6.5192427],[3.1833504,6.5190402],[3.183286,6.5188377],[3.1832431,6.5185392],[3.1832002,6.5182514],[3.1832216,6.5180595],[3.1832324,6.517857],[3.1831894,6.5176651],[3.1831036,6.5175372],[3.1829963,6.5174519],[3.1828247,6.517324],[3.1827603,6.5172068],[3.182535,6.5170682],[3.1823741,6.5169616],[3.1821058,6.5169296],[3.1819342,6.5168657],[3.1817089,6.5167377],[3.1815479,6.5166205],[3.1814514,6.5164606],[3.1814111,6.516249],[3.1814514,6.5160875],[3.1814326,6.5158972],[3.1813012,6.5156292],[3.1811536,6.5154069],[3.1809283,6.5152897],[3.1804885,6.5151084],[3.1803383,6.5150125],[3.1801773,6.5149592],[3.1800164,6.5149592],[3.1799306,6.5150018],[3.1797267,6.5150551],[3.1795631,6.5150322],[3.1793619,6.5149059],[3.1791688,6.5147567],[3.1790615,6.5146394],[3.1789972,6.5145008],[3.1789221,6.5142983],[3.1788765,6.5141368],[3.1788014,6.5140196],[3.1786967,6.5139785],[3.17845,6.5139572],[3.1780611,6.5140515],[3.1778358,6.5140942],[3.177699,6.5140212],[3.1775568,6.5139236],[3.1773744,6.513849],[3.1771384,6.5138703],[3.1769023,6.5138597],[3.1766368,6.5139039],[3.1763686,6.5139679],[3.1761111,6.5140105],[3.1758724,6.5139343],[3.1755612,6.5138597],[3.1753145,6.5137531],[3.1749926,6.5137744],[3.174778,6.5137211],[3.1744347,6.5136038],[3.1738875,6.5134653],[3.1734691,6.5133054],[3.1732143,6.5131791],[3.1729327,6.5129856],[3.1728252,6.5128917],[3.1727637,6.5128379],[3.1723748,6.5127937],[3.1720663,6.5127527],[3.171377,6.5127617],[3.1709157,6.5126018],[3.1704892,6.5124649],[3.1699501,6.5121968],[3.1696845,6.5120278],[3.1693492,6.5117597],[3.1691025,6.5115039],[3.1688986,6.5111095],[3.1686733,6.5108217],[3.1679572,6.5101944],[3.1675066,6.5098],[3.167056,6.5094908],[3.1664873,6.5093096],[3.1660662,6.5092441],[3.1655861,6.5091924],[3.1650684,6.5091908],[3.1645105,6.5091055],[3.1641994,6.5090202],[3.1638561,6.5088283],[3.1635449,6.5087644],[3.1632767,6.5086897],[3.1630648,6.5085954],[3.1628047,6.5085725],[3.1625391,6.5085101],[3.1623111,6.5084126],[3.1619276,6.5083076],[3.1616272,6.5082543],[3.1613348,6.5082527],[3.1609834,6.5082969],[3.1606803,6.5082847],[3.1601868,6.5082953],[3.1599186,6.5083167],[3.1596531,6.5083609],[3.1594814,6.5084462],[3.1591381,6.5086061],[3.1588591,6.508734],[3.1586767,6.5088512],[3.1584943,6.5089045],[3.1583307,6.5089029],[3.1580223,6.5088726],[3.1577326,6.5088406],[3.1574751,6.5088406],[3.1572793,6.5087963],[3.1570755,6.5087111],[3.1569467,6.5085618],[3.1568609,6.5083486],[3.1567429,6.5076558],[3.1565927,6.507336],[3.156413,6.5071457],[3.156252,6.5070071],[3.1560562,6.5069202],[3.1557773,6.5068989],[3.1555225,6.5068152],[3.1553508,6.5066873],[3.1552113,6.5065274],[3.155104,6.5063142],[3.1549619,6.506206],[3.1547366,6.5061314],[3.1539426,6.5061421],[3.1535886,6.5061741],[3.1533767,6.506229],[3.1530119,6.5063356],[3.1528081,6.5063356],[3.1525398,6.5062183],[3.1521187,6.5061954],[3.1517566,6.5062183],[3.1515206,6.506165],[3.1511451,6.506133],[3.1509412,6.506133],[3.1507374,6.5062183],[3.1505979,6.5063356],[3.1504048,6.5064422],[3.1501044,6.5065381],[3.1498147,6.5066234],[3.149525,6.5066553],[3.1492568,6.50673],[3.1489993,6.5068792],[3.1487847,6.5071031],[3.1486131,6.5073269],[3.1484414,6.5074761],[3.1481625,6.5076254],[3.1478513,6.5077959],[3.1476582,6.5079239],[3.1474758,6.5080304],[3.1473256,6.5082436],[3.1472398,6.5084035],[3.1471406,6.5085832],[3.1470467,6.508702],[3.1468643,6.5088086],[3.1466604,6.5089792],[3.1465102,6.5091071],[3.1464217,6.5092014],[3.146242,6.509235],[3.1461213,6.5092334],[3.146014,6.5091481],[3.1458424,6.5090628],[3.1456948,6.5090325],[3.1455661,6.5090325],[3.145381,6.5090628],[3.1451128,6.5089882],[3.1447936,6.5088299],[3.1444154,6.5086258],[3.1441365,6.5084766],[3.1438602,6.5084462],[3.1435276,6.5085101],[3.1432809,6.5085528],[3.1429697,6.50867],[3.1426237,6.5087537],[3.1422723,6.5087446],[3.1418405,6.5087004],[3.1414006,6.5084659],[3.1408213,6.5081461],[3.1402419,6.5079223],[3.1396947,6.5077624],[3.1390322,6.507668],[3.1386111,6.5075705],[3.1382249,6.5074426],[3.1378387,6.5072294],[3.1373156,6.5069858],[3.1367685,6.5067406],[3.136232,6.5066127],[3.1341184,6.5063249],[3.1337858,6.5062503],[3.1334827,6.5061101],[3.1331314,6.5060158],[3.1327237,6.5058665],[3.1323696,6.505696],[3.1320263,6.5055148],[3.1317232,6.5053426],[3.1314228,6.505236],[3.1310688,6.5051614],[3.1306423,6.5050457],[3.1304036,6.5050015],[3.1302105,6.5048949],[3.1300495,6.5047989],[3.1298376,6.50463],[3.1295882,6.5044792],[3.1293441,6.5043848],[3.1290947,6.5043406],[3.1288291,6.5043635],[3.1284858,6.5043209],[3.1281639,6.5042249],[3.1278742,6.504161],[3.1276141,6.5041487],[3.1273378,6.5041396],[3.1270991,6.5040634],[3.1268014,6.5038838],[3.1265626,6.5037223],[3.1263937,6.5036493],[3.1262327,6.5036386],[3.1260503,6.5036919],[3.1259833,6.5037756],[3.1258331,6.5038715],[3.12564,6.5038822],[3.1254147,6.5038502],[3.1252752,6.5038502],[3.1250526,6.5039264],[3.1249131,6.5040224],[3.1246878,6.504065],[3.1244276,6.5040741],[3.1241084,6.504097],[3.1239019,6.5042127],[3.1236793,6.5042995],[3.1234969,6.5044701],[3.1233574,6.5045554],[3.123175,6.5046833],[3.1229604,6.5048005],[3.1226493,6.505067],[3.1224669,6.5051417],[3.1222604,6.5051401],[3.1220673,6.5051294],[3.121842,6.5050548],[3.1215952,6.5049588],[3.1212197,6.5047989],[3.1209112,6.5047153],[3.1206645,6.5046726],[3.1204606,6.5046726],[3.1202246,6.504598],[3.1199966,6.5045005],[3.119782,6.5044152],[3.1195272,6.5043528],[3.1192885,6.5043086],[3.1190122,6.5043315],[3.1187655,6.5043635],[3.1185616,6.5044168],[3.1183149,6.5045341],[3.1180574,6.50463],[3.117757,6.5046087],[3.1175075,6.5045538],[3.1171776,6.5044061],[3.1168128,6.5043102],[3.1163837,6.5042462],[3.1160162,6.504138],[3.1156648,6.5041183],[3.1154047,6.5041061],[3.1150533,6.5041823],[3.1146536,6.5042446],[3.1143023,6.5042462],[3.1138275,6.504202],[3.1134735,6.5041167],[3.1130792,6.5040117],[3.1127144,6.5039371],[3.112414,6.5039478],[3.1120599,6.504033],[3.1116844,6.5040863],[3.1113518,6.504065],[3.1110917,6.5040314],[3.1108261,6.5039904],[3.1105445,6.5038715],[3.1102012,6.5037543],[3.1097103,6.5035534],[3.1092678,6.5033919],[3.1087984,6.5032442],[3.1082485,6.5031467],[3.1075109,6.5029031],[3.1068886,6.5027325],[3.1063066,6.5025604],[3.1058882,6.5024431],[3.1054912,6.5023579],[3.1051801,6.5022726],[3.1049253,6.5021889],[3.1046973,6.5020914],[3.1044505,6.5019634],[3.1042386,6.5017945],[3.1039784,6.501569],[3.1037773,6.5013788],[3.1035412,6.5011442],[3.1033803,6.5009524],[3.1032274,6.5008335],[3.1031657,6.5007178],[3.103155,6.5005473],[3.1022353,6.5004661],[3.1033454,6.5000767],[3.1033562,6.4998848],[3.1033347,6.4996822],[3.1031631,6.4992878],[3.1030665,6.4990853],[3.102927,6.4988294],[3.1028519,6.4985416],[3.1028197,6.4982964],[3.1028197,6.4981152],[3.1028841,6.4978807],[3.1028937,6.4976421]]},"properties":{"osm_id":"way/144092582","name":"River Owo","named":true,"source":"OpenStreetMap contributors","source_tags":{"name":"River Owo","waterway":"river"},"retrieved_at":"2026-09-06T12:43:12.245Z","confidence":"openstreetmap_mapped_unverified","field_verified":false,"layer":"osm_waterway","waterway_type":"river","navigability":"unknown"}},{"type":"Feature","geometry":{"type":"LineString","coordinates":[[3.3124553,6.612891],[3.3126036,6.6124529],[3.3126035,6.6121164],[3.3127334,6.611803],[3.3127401,6.6117411],[3.3127544,6.6116674],[3.3127719,6.6116068],[3.3127703,6.6115736],[3.3127353,6.6115505],[3.3127649,6.6114618],[3.3129283,6.6112635],[3.313067,6.6110188],[3.3124654,6.6105945],[3.3125003,6.6104746],[3.3127994,6.6101801],[3.3131078,6.609959],[3.3132151,6.6099057],[3.3132752,6.6097565],[3.3132688,6.6096073],[3.3132258,6.6095007],[3.3130756,6.6093409],[3.3128353,6.6089678],[3.3127812,6.608755]]},"properties":{"osm_id":"way/144455460","name":"Unnamed (OSM way/144455460)","named":false,"source":"OpenStreetMap contributors","source_tags":{"waterway":"ditch"},"retrieved_at":"2026-09-06T12:43:12.245Z","confidence":"openstreetmap_mapped_unverified","field_verified":false,"layer":"osm_waterway","waterway_type":"ditch","navigability":"unknown"}},{"type":"Feature","geometry":{"type":"LineString","coordinates":[[3.3694874,6.4458375],[3.3683112,6.4430688],[3.3681463,6.442757],[3.3679637,6.4425973],[3.367792,6.4425867],[3.3676418,6.4425334],[3.3675452,6.4423841],[3.3675753,6.4421629],[3.367665,6.4417655],[3.367877,6.4410937],[3.3680159,6.4407181],[3.3680487,6.4406433],[3.3682198,6.4400887],[3.3685522,6.4390741],[3.3688861,6.4380302],[3.3690858,6.4373847],[3.3694462,6.4362471],[3.3699778,6.4346562]]},"properties":{"osm_id":"way/144530732","name":"Unnamed (OSM way/144530732)","named":false,"source":"OpenStreetMap contributors","source_tags":{"waterway":"stream"},"retrieved_at":"2026-09-06T12:43:12.245Z","confidence":"openstreetmap_mapped_unverified","field_verified":false,"layer":"osm_waterway","waterway_type":"stream","navigability":"unknown"}},{"type":"Feature","geometry":{"type":"LineString","coordinates":[[3.36626,6.4530396],[3.3656788,6.4530131],[3.3652067,6.4530024],[3.3647278,6.4530379],[3.3641532,6.4531353],[3.3639192,6.4531517],[3.3637249,6.4531877],[3.3635223,6.4532689],[3.3633291,6.4532796],[3.3630287,6.4532796],[3.3627927,6.4532903],[3.3625138,6.4533436],[3.3622884,6.4533436],[3.3620846,6.4533222],[3.3618271,6.4532903],[3.3616018,6.4532689],[3.3614087,6.4533009],[3.3610439,6.4534288],[3.3591342,6.4538766],[3.3588827,6.4539299],[3.3585763,6.4539534],[3.3582556,6.4539491],[3.3580538,6.4539204],[3.357896,6.4538383],[3.3576536,6.453706],[3.3574541,6.4536385],[3.3571776,6.4535573],[3.3568975,6.4535013],[3.3566232,6.4534939],[3.3563344,6.4535567],[3.3562286,6.4535801],[3.3560923,6.4536061]]},"properties":{"osm_id":"way/144838180","name":"Unnamed (OSM way/144838180)","named":false,"source":"OpenStreetMap contributors","source_tags":{"waterway":"stream"},"retrieved_at":"2026-09-06T12:43:12.245Z","confidence":"openstreetmap_mapped_unverified","field_verified":false,"layer":"osm_waterway","waterway_type":"stream","navigability":"unknown"}},{"type":"Feature","geometry":{"type":"LineString","coordinates":[[3.4814064,6.4394828],[3.4811625,6.4394807],[3.4767526,6.4376238],[3.4693616,6.4445136],[3.4683957,6.4454126],[3.4673516,6.4464075]]},"properties":{"osm_id":"way/146603442","name":"Fola Osibo Water Channel","named":true,"source":"OpenStreetMap contributors","source_tags":{"name":"Fola Osibo Water Channel","waterway":"drain"},"retrieved_at":"2026-09-06T12:43:12.245Z","confidence":"openstreetmap_mapped_unverified","field_verified":false,"layer":"osm_waterway","waterway_type":"drain","navigability":"unknown"}},{"type":"Feature","geometry":{"type":"LineString","coordinates":[[3.4886016,6.434126],[3.4882839,6.4340761]]},"properties":{"osm_id":"way/146603443","name":"Unnamed (OSM way/146603443)","named":false,"source":"OpenStreetMap contributors","source_tags":{"waterway":"ditch"},"retrieved_at":"2026-09-06T12:43:12.245Z","confidence":"openstreetmap_mapped_unverified","field_verified":false,"layer":"osm_waterway","waterway_type":"ditch","navigability":"unknown"}},{"type":"Feature","geometry":{"type":"LineString","coordinates":[[3.3790037,6.4118824],[3.3800154,6.4145884],[3.3816676,6.4156759],[3.3845397,6.4166375],[3.3872649,6.4180449],[3.3886382,6.4197721],[3.3902046,6.4214353],[3.3916025,6.4234375],[3.392007,6.4257425],[3.3924608,6.4274035],[3.3944575,6.4325867]]},"properties":{"osm_id":"way/152645924","name":"Lighthouse Creek","named":true,"source":"OpenStreetMap contributors","source_tags":{"name":"Lighthouse Creek","waterway":"river"},"retrieved_at":"2026-09-06T12:43:12.245Z","confidence":"openstreetmap_mapped_unverified","field_verified":false,"layer":"osm_waterway","waterway_type":"river","navigability":"unknown"}},{"type":"Feature","geometry":{"type":"LineString","coordinates":[[3.3644135,6.414228],[3.3663233,6.4145692],[3.3671172,6.4154221],[3.3678253,6.4201132],[3.3684282,6.4214331],[3.3693059,6.422011],[3.3706577,6.4221389],[3.3718593,6.4221176],[3.3732991,6.4215397],[3.3769684,6.4193008],[3.3782526,6.4191537],[3.3798223,6.4195354],[3.3807632,6.4200066],[3.3817717,6.421222],[3.382483,6.4231603],[3.3825474,6.4243117],[3.3825474,6.4255271],[3.3820753,6.4266572],[3.3811741,6.4278513],[3.380981,6.4290454],[3.3810239,6.4299196],[3.3813029,6.4307725],[3.3825259,6.4316468],[3.3848247,6.4327004],[3.3879762,6.4333952]]},"properties":{"osm_id":"way/152645925","name":"Middle Creek","named":true,"source":"OpenStreetMap contributors","source_tags":{"name":"Middle Creek","waterway":"river"},"retrieved_at":"2026-09-06T12:43:12.245Z","confidence":"openstreetmap_mapped_unverified","field_verified":false,"layer":"osm_waterway","waterway_type":"river","navigability":"unknown"}},{"type":"Feature","geometry":{"type":"LineString","coordinates":[[3.3646377,6.4635135],[3.3677453,6.464376],[3.3685208,6.4648207],[3.3690757,6.4650049],[3.3692404,6.465006],[3.3693476,6.4648887],[3.3696266,6.4648141],[3.3709191,6.4650972],[3.3712789,6.46519]]},"properties":{"osm_id":"way/152733577","name":"Unnamed (OSM way/152733577)","named":false,"source":"OpenStreetMap contributors","source_tags":{"waterway":"stream"},"retrieved_at":"2026-09-06T12:43:12.245Z","confidence":"openstreetmap_mapped_unverified","field_verified":false,"layer":"osm_waterway","waterway_type":"stream","navigability":"unknown"}},{"type":"Feature","geometry":{"type":"LineString","coordinates":[[3.3162463,6.4557019],[3.3231659,6.4560191],[3.3273448,6.4563443],[3.3298834,6.456705],[3.3327675,6.4568899],[3.3342394,6.4569084],[3.3359063,6.4569148],[3.3367324,6.4569041],[3.3370918,6.4568775],[3.3373319,6.4568352],[3.3374846,6.4569029],[3.3383311,6.4572185],[3.3390605,6.4574958],[3.3395219,6.4575811],[3.3400637,6.4577463],[3.3413672,6.4583966],[3.3425958,6.4587483],[3.3431322,6.4589322],[3.3435346,6.4590335],[3.3439893,6.458967],[3.3445202,6.4588701],[3.3448137,6.4588856],[3.3451557,6.4589391],[3.3453424,6.4591321],[3.3452803,6.4598102],[3.3450474,6.4606486],[3.3448032,6.4616588],[3.3447631,6.4624369],[3.3447523,6.462906],[3.3449134,6.4630011]]},"properties":{"osm_id":"way/152733584","name":"Unnamed (OSM way/152733584)","named":false,"source":"OpenStreetMap contributors","source_tags":{"waterway":"stream"},"retrieved_at":"2026-09-06T12:43:12.245Z","confidence":"openstreetmap_mapped_unverified","field_verified":false,"layer":"osm_waterway","waterway_type":"stream","navigability":"unknown"}},{"type":"Feature","geometry":{"type":"LineString","coordinates":[[3.3204354,6.450049],[3.3215806,6.4502596],[3.3220956,6.4502996],[3.3225544,6.4502702],[3.3251239,6.4507632],[3.326626,6.4508165],[3.3278115,6.4508911],[3.3326234,6.4509871],[3.3339216,6.4511897],[3.3344258,6.4513496],[3.3370823,6.4522121],[3.3377947,6.4523517],[3.338771,6.452341],[3.3398277,6.4522746],[3.3407022,6.4520772],[3.3414961,6.4519093],[3.3421694,6.451824],[3.3431591,6.451776],[3.3440763,6.4518348],[3.3450002,6.4520095],[3.347161,6.4525329],[3.3486442,6.4528022],[3.3502732,6.4528774],[3.3507364,6.452813],[3.3511494,6.4527361],[3.3513544,6.4526979]]},"properties":{"osm_id":"way/152733591","name":"Unnamed (OSM way/152733591)","named":false,"source":"OpenStreetMap contributors","source_tags":{"waterway":"stream"},"retrieved_at":"2026-09-06T12:43:12.245Z","confidence":"openstreetmap_mapped_unverified","field_verified":false,"layer":"osm_waterway","waterway_type":"stream","navigability":"unknown"}},{"type":"Feature","geometry":{"type":"LineString","coordinates":[[3.3222867,6.4620186],[3.3227314,6.4622023],[3.3232894,6.4623265],[3.3237349,6.4623347],[3.3262397,6.4619571],[3.3273555,6.4620104],[3.3286085,6.4621142],[3.3298288,6.4621814],[3.3304066,6.4621557],[3.330661,6.4621765],[3.3310383,6.4622074],[3.331168,6.462218],[3.3320103,6.4624614],[3.3327485,6.462613],[3.3336235,6.4626629],[3.3339943,6.462658],[3.3343703,6.4627091],[3.3346779,6.4627715],[3.3352332,6.4629592],[3.3353964,6.4630452],[3.335581,6.4631194],[3.3364369,6.463173],[3.3370935,6.4631901],[3.3375778,6.4631538],[3.3380366,6.4630884],[3.3385738,6.4630143],[3.3391403,6.4629901],[3.3397028,6.4628898],[3.340174,6.4627846],[3.340619,6.4627683],[3.3416399,6.4628228],[3.3425685,6.4628473],[3.3449134,6.4630011],[3.3461577,6.4630553],[3.3488157,6.4631539],[3.3512163,6.4632978],[3.3532307,6.4634364],[3.3558163,6.4635563],[3.3559504,6.4635536],[3.3560774,6.4634974]]},"properties":{"osm_id":"way/152733598","name":"Unnamed (OSM way/152733598)","named":false,"source":"OpenStreetMap contributors","source_tags":{"waterway":"stream"},"retrieved_at":"2026-09-06T12:43:12.245Z","confidence":"openstreetmap_mapped_unverified","field_verified":false,"layer":"osm_waterway","waterway_type":"stream","navigability":"unknown"}},{"type":"Feature","geometry":{"type":"LineString","coordinates":[[3.3523341,6.4930431],[3.3509519,6.4929974],[3.3504693,6.4929061],[3.3499718,6.4927839],[3.3496393,6.492685],[3.3490424,6.4923572],[3.3486915,6.4920373],[3.3482487,6.4915412],[3.3460961,6.4894331],[3.3426655,6.4869367],[3.3394791,6.4847385],[3.3388139,6.4842882],[3.3355538,6.4826523],[3.3351134,6.4823537],[3.3347703,6.482191],[3.3340905,6.4817578],[3.3336077,6.4813314],[3.3333287,6.4807557],[3.3332322,6.4801268],[3.3332536,6.4796364],[3.3333468,6.4794548],[3.3346484,6.476918],[3.3351634,6.4760226],[3.3356462,6.4756601],[3.3359649,6.4755991],[3.3373735,6.4753296],[3.3383713,6.4750631],[3.3393691,6.474221],[3.3403776,6.474061],[3.3412895,6.4740824],[3.3418582,6.4739011],[3.3435426,6.4725046],[3.3444975,6.4717691],[3.3456884,6.4710655],[3.3463106,6.4709695],[3.3470295,6.4711507],[3.3477912,6.4715025],[3.3487107,6.4721033],[3.3496485,6.4727332],[3.3502278,6.4729038],[3.3527384,6.473085],[3.3542189,6.4731063],[3.354573,6.4728931],[3.3545837,6.4727119],[3.3542726,6.4721042],[3.3540366,6.4716672],[3.3539936,6.4687568],[3.3540633,6.4683514],[3.3540687,6.4683198],[3.3552382,6.4676268],[3.3554635,6.4673177],[3.3554934,6.4662985],[3.3554313,6.4652495],[3.3555064,6.4647911],[3.3557639,6.4643434],[3.3560214,6.4638103],[3.3560774,6.4634974],[3.3561072,6.4633306],[3.3561316,6.4620129],[3.3561501,6.4610172],[3.3562769,6.4597038],[3.3561609,6.4581922],[3.356118,6.4538106],[3.3560923,6.4536061],[3.3560858,6.4535547],[3.3559248,6.4534161],[3.3556352,6.4533415],[3.3539809,6.4531565],[3.3530494,6.4531745],[3.3526055,6.4531908],[3.3517658,6.453048],[3.3515201,6.4530076],[3.3514012,6.4528872],[3.3513544,6.4526979],[3.3512803,6.451349],[3.3514091,6.4490675],[3.3491142,6.4442072],[3.3490069,6.4433756],[3.3489747,6.4370285],[3.3490033,6.4362533]]},"properties":{"osm_id":"way/152826751","name":"Ajegunle Canal","named":true,"source":"OpenStreetMap contributors","source_tags":{"name":"Ajegunle Canal","waterway":"canal"},"retrieved_at":"2026-09-06T12:43:12.245Z","confidence":"openstreetmap_mapped_unverified","field_verified":false,"layer":"osm_waterway","waterway_type":"canal","navigability":"unknown"}},{"type":"Feature","geometry":{"type":"LineString","coordinates":[[3.4548276,6.4368422],[3.4539614,6.437636],[3.453669,6.4378919],[3.4534145,6.4380878],[3.4532816,6.4381648],[3.4531586,6.4381971],[3.452941,6.4382485],[3.4528299,6.4382955],[3.4527752,6.4383315],[3.4527288,6.4383903],[3.452696,6.4384738],[3.4526878,6.4385593],[3.4526972,6.4386631],[3.4526688,6.4387882],[3.4525211,6.4392805]]},"properties":{"osm_id":"way/152870317","name":"Unnamed (OSM way/152870317)","named":false,"source":"OpenStreetMap contributors","source_tags":{"waterway":"drain"},"retrieved_at":"2026-09-06T12:43:12.245Z","confidence":"openstreetmap_mapped_unverified","field_verified":false,"layer":"osm_waterway","waterway_type":"drain","navigability":"unknown"}},{"type":"Feature","geometry":{"type":"LineString","coordinates":[[3.3635008,6.470528],[3.3651102,6.4713062],[3.3700347,6.4720098],[3.3713397,6.4716825],[3.3716282,6.4716597],[3.3730798,6.4711678]]},"properties":{"osm_id":"way/166893831","name":"Unnamed (OSM way/166893831)","named":false,"source":"OpenStreetMap contributors","source_tags":{"waterway":"stream"},"retrieved_at":"2026-09-06T12:43:12.245Z","confidence":"openstreetmap_mapped_unverified","field_verified":false,"layer":"osm_waterway","waterway_type":"stream","navigability":"unknown"}},{"type":"Feature","geometry":{"type":"LineString","coordinates":[[3.3687846,6.5052642],[3.3685649,6.5046947],[3.3683664,6.5043056],[3.3680926,6.5037185],[3.3677689,6.5031441],[3.3675762,6.5026601],[3.367463,6.502092],[3.3672494,6.501611],[3.3671196,6.5011884],[3.3670992,6.5007336],[3.3672107,6.4999534],[3.3674008,6.4994874],[3.3676261,6.4990183],[3.3678841,6.4984042],[3.3680228,6.4978772],[3.3679694,6.4973074],[3.3678085,6.4965719],[3.3674952,6.4957988],[3.3668482,6.49478],[3.3655382,6.4914008],[3.3651373,6.4905249],[3.3643699,6.4903134],[3.3629644,6.4897911],[3.362326,6.489354],[3.3617306,6.4889809],[3.3613873,6.4887358],[3.3610761,6.4880855],[3.3602285,6.4857296],[3.360206,6.4851006],[3.36025,6.4847169],[3.3604324,6.484493],[3.3629751,6.4836402],[3.3633936,6.4831605],[3.3658719,6.4822011],[3.3661991,6.4816577],[3.3664083,6.4813033],[3.3666138,6.481151],[3.3668965,6.4811164],[3.3673568,6.481151],[3.3674651,6.4810581],[3.3676958,6.480666],[3.3680001,6.4803371],[3.3683074,6.480165],[3.3690181,6.4798344],[3.3707525,6.4788857],[3.3744657,6.4760287],[3.3756173,6.474588],[3.3758063,6.4743049],[3.3758944,6.4742433],[3.3759989,6.4741752],[3.3760476,6.4741168]]},"properties":{"osm_id":"way/166893834","name":"Ajegunle Creek","named":true,"source":"OpenStreetMap contributors","source_tags":{"name":"Ajegunle Creek","waterway":"stream","wikidata":"Q55530641"},"retrieved_at":"2026-09-06T12:43:12.245Z","confidence":"openstreetmap_mapped_unverified","field_verified":false,"layer":"osm_waterway","waterway_type":"stream","navigability":"unknown"}},{"type":"Feature","geometry":{"type":"LineString","coordinates":[[3.3797982,6.4772127],[3.378854,6.4763279],[3.3786609,6.4760401],[3.3782408,6.475566],[3.3779565,6.4752819],[3.3775847,6.4750989],[3.3771957,6.4748862],[3.3769609,6.4747758],[3.3768642,6.4747557],[3.376787,6.4747101],[3.3767524,6.4746452],[3.376714,6.4744985],[3.3760476,6.4741168],[3.3759251,6.4740466],[3.3758188,6.4738014],[3.3752824,6.4732471],[3.3739724,6.4724475],[3.3730798,6.4711678],[3.372686,6.4706033],[3.3718481,6.4689722],[3.3714172,6.4685306],[3.3712026,6.468257],[3.3709916,6.4678894],[3.3708621,6.4674904],[3.3708527,6.4667993],[3.3709372,6.4661792],[3.3712789,6.46519],[3.3714929,6.4648367],[3.3723692,6.4640274],[3.3732931,6.4636277],[3.3745509,6.463018],[3.3772073,6.4614193]]},"properties":{"osm_id":"way/166893836","name":"Ebute Metta Creek","named":true,"source":"OpenStreetMap contributors","source_tags":{"name":"Ebute Metta Creek","waterway":"river","wikidata":"Q34644987"},"retrieved_at":"2026-09-06T12:43:12.245Z","confidence":"openstreetmap_mapped_unverified","field_verified":false,"layer":"osm_waterway","waterway_type":"river","navigability":"unknown"}},{"type":"Feature","geometry":{"type":"LineString","coordinates":[[3.3421223,6.4403597],[3.3419597,6.4404148],[3.341775,6.4404332],[3.3416688,6.4404487],[3.3414964,6.4404436],[3.34138,6.4404611]]},"properties":{"osm_id":"way/166903228","name":"Unnamed (OSM way/166903228)","named":false,"source":"OpenStreetMap contributors","source_tags":{"waterway":"drain"},"retrieved_at":"2026-09-06T12:43:12.245Z","confidence":"openstreetmap_mapped_unverified","field_verified":false,"layer":"osm_waterway","waterway_type":"drain","navigability":"unknown"}},{"type":"Feature","geometry":{"type":"LineString","coordinates":[[3.3377298,6.4391828],[3.3381236,6.4390676],[3.3382695,6.4388983],[3.33845,6.4388365],[3.3386594,6.4388102],[3.3387849,6.4388152],[3.3388686,6.4389174],[3.3389523,6.4389781],[3.3392342,6.4388894]]},"properties":{"osm_id":"way/166903241","name":"Unnamed (OSM way/166903241)","named":false,"source":"OpenStreetMap contributors","source_tags":{"waterway":"drain"},"retrieved_at":"2026-09-06T12:43:12.245Z","confidence":"openstreetmap_mapped_unverified","field_verified":false,"layer":"osm_waterway","waterway_type":"drain","navigability":"unknown"}},{"type":"Feature","geometry":{"type":"LineString","coordinates":[[3.3130003,6.4794606],[3.3132281,6.4800141],[3.3135362,6.4807625],[3.3133967,6.4812315],[3.3131285,6.4817006],[3.3128067,6.4819878],[3.3121527,6.4822011],[3.3114339,6.4821691],[3.3109618,6.4819985]]},"properties":{"osm_id":"way/167261326","name":"Unnamed (OSM way/167261326)","named":false,"source":"OpenStreetMap contributors","source_tags":{"waterway":"stream"},"retrieved_at":"2026-09-06T12:43:12.245Z","confidence":"openstreetmap_mapped_unverified","field_verified":false,"layer":"osm_waterway","waterway_type":"stream","navigability":"unknown"}},{"type":"Feature","geometry":{"type":"LineString","coordinates":[[3.3109618,6.4819985],[3.3080201,6.4872413]]},"properties":{"osm_id":"way/215641728","name":"Unnamed (OSM way/215641728)","named":false,"source":"OpenStreetMap contributors","source_tags":{"waterway":"stream"},"retrieved_at":"2026-09-06T12:43:12.245Z","confidence":"openstreetmap_mapped_unverified","field_verified":false,"layer":"osm_waterway","waterway_type":"stream","navigability":"unknown"}},{"type":"Feature","geometry":{"type":"LineString","coordinates":[[3.3173548,6.5532135],[3.3174937,6.5530197],[3.3174955,6.5527771],[3.3175167,6.5524536],[3.3175199,6.5520565],[3.3174089,6.550575],[3.3173812,6.5499077],[3.3173904,6.5492772],[3.317449,6.5488884],[3.3174767,6.5484232],[3.3176616,6.5481905],[3.3176634,6.5480193],[3.3177144,6.5477768],[3.3177546,6.5476595],[3.3178646,6.5475423],[3.3178887,6.547441],[3.3178002,6.5473078],[3.3177278,6.5470946],[3.3177224,6.5469401],[3.3177466,6.5468281],[3.3178837,6.5467882],[3.3180026,6.5468011],[3.3180936,6.5467369],[3.3181493,6.546648],[3.3182297,6.5465362],[3.3182398,6.5464684]]},"properties":{"osm_id":"way/216613130","name":"Unnamed (OSM way/216613130)","named":false,"source":"OpenStreetMap contributors","source_tags":{"waterway":"ditch"},"retrieved_at":"2026-09-06T12:43:12.245Z","confidence":"openstreetmap_mapped_unverified","field_verified":false,"layer":"osm_waterway","waterway_type":"ditch","navigability":"unknown"}},{"type":"Feature","geometry":{"type":"LineString","coordinates":[[3.474459,6.4369721],[3.4578626,6.4369996],[3.4577517,6.4369946],[3.4576515,6.4369714],[3.457172,6.4367816],[3.4570092,6.4367326]]},"properties":{"osm_id":"way/216882037","name":"Unnamed (OSM way/216882037)","named":false,"source":"OpenStreetMap contributors","source_tags":{"waterway":"drain"},"retrieved_at":"2026-09-06T12:43:12.245Z","confidence":"openstreetmap_mapped_unverified","field_verified":false,"layer":"osm_waterway","waterway_type":"drain","navigability":"unknown"}},{"type":"Feature","geometry":{"type":"LineString","coordinates":[[3.4570092,6.4367326],[3.4568791,6.4367173]]},"properties":{"osm_id":"way/216882045","name":"Unnamed (OSM way/216882045)","named":false,"source":"OpenStreetMap contributors","source_tags":{"layer":"-1","tunnel":"yes","waterway":"drain"},"retrieved_at":"2026-09-06T12:43:12.245Z","confidence":"openstreetmap_mapped_unverified","field_verified":false,"layer":"osm_waterway","waterway_type":"drain","navigability":"unknown"}},{"type":"Feature","geometry":{"type":"LineString","coordinates":[[3.3807796,6.5044542],[3.3819007,6.5025407],[3.382523,6.5014055],[3.3832687,6.5001369],[3.383966,6.4988951],[3.384701,6.4975146],[3.3852448,6.4965702],[3.3856177,6.4959756],[3.3857886,6.4957306],[3.385898,6.4955496]]},"properties":{"osm_id":"way/217636590","name":"Unnamed (OSM way/217636590)","named":false,"source":"OpenStreetMap contributors","source_tags":{"waterway":"stream"},"retrieved_at":"2026-09-06T12:43:12.245Z","confidence":"openstreetmap_mapped_unverified","field_verified":false,"layer":"osm_waterway","waterway_type":"stream","navigability":"unknown"}},{"type":"Feature","geometry":{"type":"LineString","coordinates":[[3.3871344,6.50254],[3.3873242,6.5023555],[3.3874717,6.502209],[3.3877172,6.5020358],[3.3880471,6.5018798],[3.3883079,6.501633],[3.3885715,6.5013922],[3.388617,6.5013495],[3.3887082,6.5012909],[3.3889885,6.5008911],[3.3892063,6.5005915],[3.3893571,6.5003184],[3.3895443,6.5000643]]},"properties":{"osm_id":"way/217636593","name":"Unnamed (OSM way/217636593)","named":false,"source":"OpenStreetMap contributors","source_tags":{"waterway":"canal"},"retrieved_at":"2026-09-06T12:43:12.245Z","confidence":"openstreetmap_mapped_unverified","field_verified":false,"layer":"osm_waterway","waterway_type":"canal","navigability":"unknown"}},{"type":"Feature","geometry":{"type":"LineString","coordinates":[[3.3885527,6.5267167],[3.3890784,6.5266981],[3.3893989,6.5266971],[3.3896993,6.5267105],[3.3901002,6.5267327],[3.3904542,6.5267407],[3.3911597,6.526738],[3.3913501,6.5267354],[3.3914762,6.5267194],[3.3916183,6.5267034],[3.3918704,6.5266954],[3.3922218,6.5266954],[3.3927705,6.5267371],[3.3929299,6.5267247],[3.3931311,6.5266634],[3.393264,6.5266465],[3.3933981,6.5266012],[3.3936326,6.5265302],[3.3937292,6.5264876],[3.3937909,6.5264343],[3.393858,6.526341],[3.3938955,6.526253],[3.3939024,6.5261287],[3.3939196,6.5260265],[3.3939438,6.5259333],[3.3939679,6.525864],[3.3939921,6.525832],[3.3940242,6.525808],[3.3941572,6.5257325],[3.3943381,6.5256508],[3.3944749,6.5255922],[3.3946492,6.5255469],[3.3946841,6.5255282],[3.3947082,6.5255016],[3.3947189,6.5254643],[3.3947404,6.5249606],[3.394735,6.5247821],[3.3947189,6.5246355],[3.3947055,6.5243957],[3.3945944,6.5239048]]},"properties":{"osm_id":"way/218869587","name":"Unnamed (OSM way/218869587)","named":false,"source":"OpenStreetMap contributors","source_tags":{"waterway":"drain"},"retrieved_at":"2026-09-06T12:43:12.245Z","confidence":"openstreetmap_mapped_unverified","field_verified":false,"layer":"osm_waterway","waterway_type":"drain","navigability":"unknown"}},{"type":"Feature","geometry":{"type":"LineString","coordinates":[[3.3976721,6.5354546],[3.3975231,6.5354074],[3.3974614,6.5353807],[3.3974051,6.5353408],[3.3973461,6.5352768],[3.3972629,6.5351622],[3.397184,6.5350655],[3.3971008,6.5349056],[3.397035,6.5348078],[3.3970008,6.5347519],[3.3968767,6.5346533],[3.3968138,6.5345805],[3.3967387,6.5344899],[3.3967131,6.5344401],[3.3966997,6.5343868],[3.3966524,6.5341335],[3.3966324,6.5340364],[3.3966268,6.5340034],[3.3966062,6.5339429],[3.3965717,6.5339336],[3.3965271,6.5339148],[3.3964628,6.5338937],[3.3964027,6.5338755],[3.396344,6.5338626],[3.3963095,6.5338462],[3.3962521,6.533836],[3.3961719,6.5338187],[3.3960958,6.5338087],[3.3960104,6.5338112],[3.3959487,6.5337686],[3.3958762,6.5337366],[3.3958011,6.5337153],[3.3957046,6.5337179],[3.39549,6.5337233],[3.3953118,6.5337251],[3.3950421,6.5337419],[3.3948075,6.5337571],[3.394668,6.5337624],[3.3945742,6.5337837],[3.3945259,6.5337944],[3.3945003,6.5338192]]},"properties":{"osm_id":"way/219055680","name":"Unnamed (OSM way/219055680)","named":false,"source":"OpenStreetMap contributors","source_tags":{"waterway":"drain"},"retrieved_at":"2026-09-06T12:43:12.245Z","confidence":"openstreetmap_mapped_unverified","field_verified":false,"layer":"osm_waterway","waterway_type":"drain","navigability":"unknown"}},{"type":"Feature","geometry":{"type":"LineString","coordinates":[[3.396697,6.5393726],[3.3967319,6.5393566],[3.3967709,6.539337],[3.3967977,6.5392944],[3.3968257,6.5392393],[3.396846,6.5391771],[3.396854,6.5390812],[3.396846,6.538876],[3.3968272,6.5386548],[3.3968272,6.5385456],[3.3968326,6.5384843],[3.3968728,6.5384017],[3.3969196,6.5383067],[3.3969706,6.5382374],[3.3970537,6.5381681],[3.3971357,6.5380926],[3.3971905,6.5380429],[3.3972254,6.5379976],[3.3972483,6.5379034],[3.3972403,6.5378501],[3.3972227,6.537811],[3.3971732,6.5377488],[3.397074,6.5376689],[3.3969935,6.5375996],[3.3969157,6.5374717],[3.3968648,6.5373464],[3.3968406,6.5371999],[3.3968326,6.5369227],[3.3968338,6.536841],[3.3968514,6.5367788],[3.3969116,6.5366678],[3.3969813,6.5365559],[3.3970618,6.5364493],[3.3971545,6.5363285],[3.3971825,6.5362841],[3.397192,6.5362379],[3.3971947,6.5362086],[3.3971825,6.5361695],[3.3971101,6.5360363],[3.3970967,6.535991],[3.3970981,6.5359554],[3.3971074,6.535927],[3.3971262,6.5358871],[3.3971557,6.5358524],[3.3972242,6.5357822],[3.3972966,6.5357076],[3.3973663,6.5356304],[3.397479,6.5354892],[3.3975124,6.535466],[3.3975446,6.53545],[3.397589,6.5354439],[3.3976721,6.5354546],[3.3978343,6.5355087],[3.3979845,6.5355699],[3.3980515,6.5356046],[3.3980998,6.5356472],[3.398163,6.5357502],[3.3981856,6.5357738],[3.398214,6.5357716],[3.3982608,6.5357569],[3.3983734,6.5356978],[3.3986511,6.5354959],[3.3988052,6.5354017],[3.3988918,6.5353324],[3.3989395,6.53527],[3.3989843,6.5352218],[3.3990526,6.5351206],[3.3991592,6.5349562],[3.3992279,6.5348583],[3.3992894,6.5347452],[3.3993406,6.5347044],[3.399394,6.5346373],[3.3994002,6.5345885],[3.3994138,6.5345577],[3.3994661,6.5345105],[3.3994678,6.53449],[3.399476,6.5344772],[3.3995194,6.5344499],[3.3995697,6.5343986],[3.3996287,6.5343447],[3.3997158,6.5342767],[3.3998005,6.5342081],[3.3998862,6.5341669],[3.3999695,6.5341301],[3.4000592,6.5341196],[3.4003166,6.5340502],[3.4005165,6.5339977],[3.4010794,6.5339194]]},"properties":{"osm_id":"way/219055762","name":"Unnamed (OSM way/219055762)","named":false,"source":"OpenStreetMap contributors","source_tags":{"waterway":"drain"},"retrieved_at":"2026-09-06T12:43:12.245Z","confidence":"openstreetmap_mapped_unverified","field_verified":false,"layer":"osm_waterway","waterway_type":"drain","navigability":"unknown"}},{"type":"Feature","geometry":{"type":"LineString","coordinates":[[3.3879515,6.5442407],[3.3878236,6.5442248],[3.3874703,6.5441955],[3.3869996,6.5441683],[3.3865329,6.5441416],[3.3861474,6.5441436],[3.3858926,6.544143],[3.3855754,6.5441683],[3.3851006,6.5442136],[3.3846044,6.5442642],[3.3842316,6.5443361],[3.3838367,6.5443517],[3.3832555,6.5444411],[3.3827833,6.5445147],[3.3822549,6.5445493],[3.3818741,6.5445866],[3.3814101,6.5447185],[3.381125,6.5448851],[3.3809395,6.5450533],[3.3806296,6.5454101],[3.3804332,6.545585],[3.3801355,6.5458004],[3.3797851,6.5460087],[3.3797997,6.5462123],[3.3798136,6.5466512],[3.3798619,6.5476818],[3.3799146,6.5479028],[3.3800073,6.548192],[3.3800985,6.5484052],[3.3802191,6.5487148],[3.3803479,6.5491672],[3.3803855,6.5494896],[3.3803962,6.5497161],[3.3803425,6.5501131],[3.3803157,6.5505581],[3.380305,6.5510085],[3.3802674,6.5513229],[3.3802084,6.5517119],[3.3801387,6.5520344],[3.3801199,6.5522049],[3.3801333,6.5524474],[3.3801199,6.5526419],[3.3800609,6.5528125],[3.380018,6.5531642],[3.3799536,6.5537078],[3.3799402,6.5540729],[3.3799375,6.5543047],[3.3799617,6.5544832],[3.3800099,6.5546751],[3.3800812,6.5547981],[3.3802179,6.5549419],[3.3803667,6.5551094],[3.3804164,6.5552191],[3.3804498,6.5553839],[3.3804659,6.5558475],[3.3804954,6.5563005],[3.3805544,6.5567322],[3.3806483,6.5573264],[3.3806912,6.5578567],[3.3807261,6.558331],[3.3807368,6.5587041],[3.3807315,6.5591784],[3.3807502,6.5596473],[3.3807154,6.5602282],[3.3807195,6.5607935],[3.3806644,6.5613341],[3.3806255,6.5615659],[3.3805865,6.5617916],[3.3806149,6.5620179],[3.3807238,6.56212],[3.3809134,6.5623494],[3.3812031,6.5627864],[3.3813747,6.5629995],[3.3815464,6.5630955],[3.3818361,6.5634685],[3.3821901,6.5640014],[3.3821579,6.5641826],[3.3822116,6.5644491],[3.3824583,6.5647262],[3.3827695,6.5651526],[3.3829234,6.5653721],[3.3830055,6.5656002],[3.3829733,6.5660266],[3.3829626,6.5664529],[3.3830377,6.5668686],[3.3831557,6.5672203],[3.3833917,6.5674654],[3.3836492,6.5677319],[3.3838853,6.568041],[3.3841213,6.568446],[3.3843788,6.5689789],[3.384529,6.5694372],[3.3846256,6.5699702],[3.3847114,6.5704498],[3.3847543,6.5708335],[3.384765,6.5711]]},"properties":{"osm_id":"way/220332229","name":"Unnamed (OSM way/220332229)","named":false,"source":"OpenStreetMap contributors","source_tags":{"waterway":"stream"},"retrieved_at":"2026-09-06T12:43:12.245Z","confidence":"openstreetmap_mapped_unverified","field_verified":false,"layer":"osm_waterway","waterway_type":"stream","navigability":"unknown"}},{"type":"Feature","geometry":{"type":"LineString","coordinates":[[3.3879515,6.5442407],[3.3881048,6.5441484],[3.3883515,6.5438565],[3.3885285,6.5436034],[3.3886117,6.5433822],[3.3886814,6.5431184],[3.38874,6.5428331],[3.3887776,6.5426163],[3.3887874,6.5424965],[3.388773,6.5423882],[3.3887368,6.5423357],[3.3887201,6.5422701],[3.3887247,6.5422107],[3.3887745,6.5421067],[3.3892178,6.5415595],[3.389368,6.541381],[3.3895504,6.5412264],[3.3896631,6.5411465],[3.3896899,6.5411065],[3.3897248,6.5410159],[3.3898632,6.5406348],[3.3898632,6.5406191],[3.3899474,6.5404217],[3.3900681,6.5400886],[3.3901271,6.5398434],[3.39017,6.5396569],[3.3902103,6.539409],[3.3901861,6.5392332],[3.3901539,6.539052],[3.3901137,6.5389321],[3.39006,6.5388654],[3.3900332,6.5388201],[3.3900198,6.5387695],[3.3900574,6.5386389],[3.3900815,6.5385297],[3.3900574,6.5384551],[3.3900359,6.5383751],[3.390044,6.5382872],[3.3901003,6.5380713],[3.3901378,6.5379701]]},"properties":{"osm_id":"way/220332252","name":"Unnamed (OSM way/220332252)","named":false,"source":"OpenStreetMap contributors","source_tags":{"waterway":"drain"},"retrieved_at":"2026-09-06T12:43:12.245Z","confidence":"openstreetmap_mapped_unverified","field_verified":false,"layer":"osm_waterway","waterway_type":"drain","navigability":"unknown"}},{"type":"Feature","geometry":{"type":"LineString","coordinates":[[3.35173,6.6082629],[3.3524191,6.6080215],[3.3525748,6.6078246],[3.3529429,6.6076137],[3.3530844,6.6073394],[3.3535657,6.6069808],[3.3544435,6.6067066],[3.3549743,6.6068051],[3.3551301,6.6065449],[3.3551018,6.6062777],[3.3548894,6.6054972],[3.3549885,6.6046886],[3.3555619,6.6044495],[3.3559582,6.6040909],[3.356567,6.603648],[3.3570483,6.6030081],[3.357484,6.6025564],[3.35832,6.6015093],[3.3587326,6.6010391],[3.3590487,6.600345],[3.3595905,6.5998494],[3.3600411,6.5990074],[3.360194,6.5985198],[3.3605078,6.5980855],[3.3614627,6.5972756],[3.3618543,6.5970357],[3.3621896,6.59666],[3.3629258,6.5962057],[3.3633563,6.5955489],[3.3639357,6.5949521],[3.3642763,6.5944459],[3.3653465,6.5934387],[3.3663486,6.5921011],[3.3662155,6.5919692],[3.3671162,6.5910093],[3.3677195,6.5900178],[3.3678782,6.5896958],[3.3681706,6.58944],[3.3689538,6.5888272],[3.3692461,6.5883929],[3.3698094,6.5874496],[3.3701554,6.5868928],[3.3704075,6.5864478],[3.3706248,6.5856298],[3.3707106,6.5849637],[3.370834,6.584079],[3.3710057,6.5836607],[3.3711961,6.5833356],[3.3712122,6.5828587],[3.3712631,6.5824244],[3.3714482,6.5821206],[3.3720061,6.5812973],[3.3722166,6.5809164]]},"properties":{"osm_id":"way/221338624","name":"Unnamed (OSM way/221338624)","named":false,"source":"OpenStreetMap contributors","source_tags":{"waterway":"stream"},"retrieved_at":"2026-09-06T12:43:12.245Z","confidence":"openstreetmap_mapped_unverified","field_verified":false,"layer":"osm_waterway","waterway_type":"stream","navigability":"unknown"}},{"type":"Feature","geometry":{"type":"LineString","coordinates":[[3.384765,6.5711],[3.3850976,6.5711106],[3.3854409,6.571068],[3.385795,6.571004],[3.3860632,6.5708655],[3.38631,6.5707376],[3.3865889,6.5705244],[3.3867606,6.5702366],[3.3869323,6.5699489],[3.3871468,6.5697357],[3.3874258,6.5695012],[3.3877047,6.569352],[3.3879408,6.5691388],[3.3882412,6.5687977],[3.3885201,6.5686485],[3.3888098,6.5684247],[3.3890995,6.5682861],[3.3894535,6.5683075],[3.3896352,6.5683306],[3.389872,6.5683607],[3.3900829,6.5683535],[3.3901831,6.5683501],[3.3905264,6.5682542],[3.3908697,6.5681263],[3.3912345,6.567977],[3.3915886,6.5679024],[3.3920392,6.5678065],[3.3923396,6.5677106],[3.3927795,6.5675614],[3.3931872,6.5675401],[3.3935627,6.5674121],[3.393906,6.5673162],[3.3943673,6.5673589],[3.3947965,6.5673056],[3.3953758,6.5673375],[3.3957835,6.5673056],[3.3961054,6.5672736],[3.396674,6.567135],[3.3970281,6.5670498],[3.3974036,6.5669965],[3.3977255,6.5667513],[3.3980795,6.5665701],[3.3985409,6.566325],[3.3989164,6.5661971],[3.3992704,6.5660479],[3.4001288,6.5656744],[3.4008691,6.5651735],[3.4017246,6.564829]]},"properties":{"osm_id":"way/221338628","name":"Ogudu Creek","named":true,"source":"OpenStreetMap contributors","source_tags":{"name":"Ogudu Creek","source":"Bing","waterway":"stream"},"retrieved_at":"2026-09-06T12:43:12.245Z","confidence":"openstreetmap_mapped_unverified","field_verified":false,"layer":"osm_waterway","waterway_type":"stream","navigability":"unknown"}},{"type":"Feature","geometry":{"type":"LineString","coordinates":[[3.3476976,6.5939023],[3.3487544,6.5938863],[3.3495832,6.5937345],[3.3504482,6.5936479],[3.3515814,6.5933588],[3.3522021,6.5929756],[3.3532519,6.5926724],[3.3538812,6.5927438],[3.3543924,6.5923942],[3.3558569,6.5919999],[3.3572945,6.5911366],[3.3583621,6.5899642],[3.3600358,6.5884295],[3.361556,6.587093],[3.3624358,6.5859845],[3.3633564,6.5847578],[3.3640644,6.5837905],[3.3646008,6.5832576],[3.3648224,6.5824471],[3.3652071,6.5820299],[3.3656845,6.5815735],[3.3663604,6.5812811],[3.3668755,6.5810916],[3.3672118,6.5810899],[3.3675931,6.5810334],[3.3679789,6.5810371],[3.3684364,6.5811362],[3.3688839,6.5812055],[3.3692918,6.5817004],[3.3697328,6.5817623],[3.3706842,6.5816056],[3.3710148,6.5814816],[3.3718231,6.5813789],[3.3719978,6.5811004],[3.3722166,6.5809164]]},"properties":{"osm_id":"way/221338632","name":"Unnamed (OSM way/221338632)","named":false,"source":"OpenStreetMap contributors","source_tags":{"waterway":"stream"},"retrieved_at":"2026-09-06T12:43:12.245Z","confidence":"openstreetmap_mapped_unverified","field_verified":false,"layer":"osm_waterway","waterway_type":"stream","navigability":"unknown"}},{"type":"Feature","geometry":{"type":"LineString","coordinates":[[3.3942853,6.5946914],[3.3944027,6.5943627],[3.3944107,6.5942721],[3.3943839,6.5941735],[3.3943517,6.5940882],[3.3942981,6.5940136],[3.3942354,6.5939589],[3.394163,6.5939242],[3.3940294,6.5938616],[3.393834,6.5938085],[3.3936346,6.5937111],[3.3935095,6.5936406],[3.3934576,6.5935885],[3.3934263,6.5935367],[3.3934049,6.5934674],[3.3933771,6.5933327],[3.393362,6.5931903],[3.3933325,6.5930784],[3.3932869,6.5930011],[3.3932279,6.5929425],[3.3931223,6.5928611],[3.3929811,6.5927214],[3.392906,6.5926228],[3.3927913,6.5924421],[3.3926831,6.5922499],[3.3925222,6.5918556],[3.3924498,6.5911708],[3.3923184,6.5905686],[3.3921682,6.5902036],[3.3920539,6.5897567],[3.392085,6.5897341],[3.3920743,6.589489],[3.3921279,6.5892012],[3.3922781,6.5888175],[3.3924605,6.5883912],[3.3924945,6.5881968],[3.3925893,6.5878903],[3.3926831,6.5871021],[3.3928334,6.586388],[3.3930801,6.5856846],[3.3934449,6.5844909],[3.39363,6.5839148],[3.3939196,6.5832647],[3.3941664,6.5827637],[3.394271,6.5823273],[3.3942817,6.5818477],[3.3942308,6.5814208],[3.3941959,6.5811016],[3.3942308,6.5809625],[3.3943595,6.580824],[3.3945848,6.5806854],[3.3951105,6.5804616],[3.3956148,6.5801525],[3.3959141,6.5798293],[3.3961083,6.5796196],[3.3965992,6.5790766],[3.3970605,6.5784371],[3.3973996,6.5778865]]},"properties":{"osm_id":"way/221871384","name":"Unnamed (OSM way/221871384)","named":false,"source":"OpenStreetMap contributors","source_tags":{"waterway":"stream"},"retrieved_at":"2026-09-06T12:43:12.245Z","confidence":"openstreetmap_mapped_unverified","field_verified":false,"layer":"osm_waterway","waterway_type":"stream","navigability":"unknown"}},{"type":"Feature","geometry":{"type":"LineString","coordinates":[[3.3863531,6.5878649],[3.3865033,6.586959],[3.3865248,6.5865327],[3.3864577,6.5861282],[3.3864363,6.5858191],[3.3864899,6.5855207],[3.3865436,6.5852969],[3.3866187,6.5849558],[3.3866428,6.5846462],[3.3865328,6.5842524],[3.3864873,6.5839484],[3.3864497,6.5836976],[3.3864604,6.5831008],[3.3864819,6.5827704],[3.3866079,6.5824938],[3.3868332,6.582206],[3.3869968,6.5818538],[3.3870478,6.5815666],[3.3870827,6.5812676],[3.3871792,6.5810438],[3.3872973,6.5808732],[3.3874582,6.5807453],[3.3879088,6.5804149],[3.3884667,6.579978],[3.3889146,6.5795308],[3.3891855,6.5792958],[3.38984,6.5789015],[3.3899687,6.5788482],[3.3901959,6.5787644],[3.3904782,6.5785052],[3.3908659,6.5783512],[3.3914435,6.5781917],[3.3926125,6.5779182],[3.3932626,6.577738],[3.3935881,6.5776334],[3.3941146,6.5775102],[3.3949914,6.5772879],[3.3959531,6.5772367],[3.3963617,6.5773653],[3.3966892,6.5775574],[3.3970653,6.5777116],[3.3973996,6.5778865],[3.3977053,6.5774748],[3.3980213,6.5772594],[3.3984338,6.5770607],[3.398938,6.5767912],[3.3996998,6.5764075],[3.400255,6.5761948],[3.4009443,6.5760557],[3.4019931,6.5758111],[3.4025751,6.5756507],[3.4029506,6.5755122],[3.403184,6.5753528],[3.4034763,6.5750539],[3.4037875,6.5746062],[3.403963,6.5742218],[3.4039916,6.5741536],[3.4040772,6.5739028],[3.4042274,6.5733379],[3.4044119,6.5729648]]},"properties":{"osm_id":"way/221871387","name":"Unnamed (OSM way/221871387)","named":false,"source":"OpenStreetMap contributors","source_tags":{"waterway":"stream"},"retrieved_at":"2026-09-06T12:43:12.245Z","confidence":"openstreetmap_mapped_unverified","field_verified":false,"layer":"osm_waterway","waterway_type":"stream","navigability":"unknown"}},{"type":"Feature","geometry":{"type":"LineString","coordinates":[[3.384827,6.5840338],[3.3849208,6.5840498],[3.3850549,6.5840685],[3.385168,6.5840633],[3.3853071,6.5840818],[3.3854331,6.5841351],[3.3855377,6.5841857],[3.3856481,6.5842631],[3.3857201,6.5843136],[3.3857791,6.5843136],[3.3858278,6.5842844],[3.3858891,6.5842017],[3.3859454,6.5841271],[3.3860156,6.5840739],[3.3861255,6.5839993],[3.3862163,6.5839805],[3.3864873,6.5839484]]},"properties":{"osm_id":"way/222303756","name":"Unnamed (OSM way/222303756)","named":false,"source":"OpenStreetMap contributors","source_tags":{"waterway":"drain"},"retrieved_at":"2026-09-06T12:43:12.245Z","confidence":"openstreetmap_mapped_unverified","field_verified":false,"layer":"osm_waterway","waterway_type":"drain","navigability":"unknown"}},{"type":"Feature","geometry":{"type":"LineString","coordinates":[[3.3850201,6.585875],[3.3854009,6.5849744],[3.3855811,6.5846042],[3.3857201,6.5843136]]},"properties":{"osm_id":"way/222303785","name":"Unnamed (OSM way/222303785)","named":false,"source":"OpenStreetMap contributors","source_tags":{"waterway":"drain"},"retrieved_at":"2026-09-06T12:43:12.245Z","confidence":"openstreetmap_mapped_unverified","field_verified":false,"layer":"osm_waterway","waterway_type":"drain","navigability":"unknown"}},{"type":"Feature","geometry":{"type":"LineString","coordinates":[[3.3988174,6.5879693],[3.3987879,6.5877641],[3.3987236,6.5875056],[3.3986833,6.5873511],[3.3986136,6.5871699],[3.3985305,6.5870393],[3.3984661,6.5869461],[3.398399,6.5869008],[3.3982944,6.5868741],[3.3981415,6.5868182],[3.3977607,6.5866557],[3.3975058,6.5865198],[3.397353,6.5864132],[3.3972028,6.58628],[3.397125,6.5861574],[3.3970257,6.5859735],[3.3969533,6.5857924],[3.3968621,6.5855605],[3.3968326,6.5853927],[3.3968219,6.5852168],[3.3968809,6.5849903],[3.396964,6.5846892],[3.3970257,6.5845849],[3.3970901,6.5844761],[3.3973744,6.5841723],[3.3975595,6.5839832],[3.3977607,6.5838606],[3.3978867,6.5837966]]},"properties":{"osm_id":"way/223533458","name":"Unnamed (OSM way/223533458)","named":false,"source":"OpenStreetMap contributors","source_tags":{"waterway":"drain"},"retrieved_at":"2026-09-06T12:43:12.245Z","confidence":"openstreetmap_mapped_unverified","field_verified":false,"layer":"osm_waterway","waterway_type":"drain","navigability":"unknown"}},{"type":"Feature","geometry":{"type":"LineString","coordinates":[[3.3978867,6.5837966],[3.3981335,6.5837407],[3.3983373,6.5837327],[3.3985519,6.5837806],[3.3988523,6.5838846],[3.3992439,6.5839911],[3.3995107,6.5839983],[3.3998194,6.5838165],[3.4000747,6.5836773],[3.4005048,6.5835368],[3.4006736,6.583477],[3.4008639,6.5835629],[3.4009907,6.5836259],[3.401129,6.5835916],[3.4013835,6.5834475]]},"properties":{"osm_id":"way/223533465","name":"Unnamed (OSM way/223533465)","named":false,"source":"OpenStreetMap contributors","source_tags":{"waterway":"drain"},"retrieved_at":"2026-09-06T12:43:12.245Z","confidence":"openstreetmap_mapped_unverified","field_verified":false,"layer":"osm_waterway","waterway_type":"drain","navigability":"unknown"}},{"type":"Feature","geometry":{"type":"LineString","coordinates":[[3.3978867,6.5837966],[3.3978331,6.5834423],[3.3977419,6.5830106],[3.3976507,6.5827015],[3.3975702,6.5824724],[3.3974844,6.5823338],[3.3973503,6.5822326],[3.3970767,6.5820567],[3.3967602,6.5818275],[3.3965617,6.581689],[3.3964544,6.5815398],[3.3963847,6.5813799],[3.396331,6.5811561],[3.3962935,6.5808896],[3.3962667,6.5806099],[3.3962345,6.5804393],[3.3961487,6.5802448],[3.3959141,6.5798293]]},"properties":{"osm_id":"way/223533466","name":"Unnamed (OSM way/223533466)","named":false,"source":"OpenStreetMap contributors","source_tags":{"waterway":"stream"},"retrieved_at":"2026-09-06T12:43:12.245Z","confidence":"openstreetmap_mapped_unverified","field_verified":false,"layer":"osm_waterway","waterway_type":"stream","navigability":"unknown"}},{"type":"Feature","geometry":{"type":"LineString","coordinates":[[3.3884307,6.5989602],[3.3885124,6.5989448],[3.3886023,6.5988962],[3.3886935,6.5988403],[3.3887779,6.598761],[3.3888397,6.5986857],[3.3888678,6.5986497],[3.388912,6.5986225],[3.3889297,6.5985604],[3.3889242,6.5985099],[3.3889161,6.5984673],[3.3888116,6.5984312],[3.3887739,6.5983594],[3.3887458,6.5982927],[3.3887202,6.5982314],[3.388719,6.5981888],[3.3887243,6.5981475],[3.3887526,6.5980861],[3.3887672,6.5980489],[3.3887929,6.5980222],[3.3888021,6.5979597],[3.388813,6.597885],[3.3887954,6.5977945],[3.388782,6.5976999],[3.3887821,6.5976092],[3.3887339,6.5974067],[3.3886747,6.5972283],[3.3885916,6.5969938],[3.3884925,6.5967113],[3.3884495,6.596602],[3.3884334,6.5964795],[3.3884361,6.5963516],[3.3884494,6.5962505],[3.3885166,6.5961118],[3.3886533,6.5959894],[3.3887591,6.5958781],[3.3888262,6.5957901],[3.3888652,6.595683],[3.3888852,6.595545],[3.3888786,6.5954272],[3.3888437,6.595358],[3.3888181,6.5952945],[3.3888074,6.5952093],[3.3887928,6.5950196],[3.3887633,6.5947585],[3.3887525,6.5945933],[3.3887564,6.5944739],[3.3887886,6.594338],[3.3888464,6.5941909],[3.3889147,6.5940929],[3.3889952,6.5940289],[3.3891039,6.5939858],[3.3892058,6.5939565],[3.3892687,6.593925],[3.389321,6.5938685],[3.3894927,6.5935941],[3.3895946,6.5934236],[3.389653,6.5933598],[3.3896751,6.5933356],[3.3896866,6.5933199],[3.3897422,6.5932199],[3.3897535,6.5932023],[3.3898548,6.5930479],[3.3899433,6.592856],[3.3900694,6.5926615],[3.3901753,6.5924116],[3.3902276,6.5922032],[3.3902612,6.591956],[3.3902786,6.591713],[3.3903108,6.5915211],[3.3903778,6.5913373],[3.3905146,6.5910415],[3.3905924,6.5908577],[3.390638,6.5906818],[3.3906648,6.590506],[3.3906738,6.5903465],[3.3906836,6.5902635],[3.3907051,6.5901942],[3.390748,6.5901409],[3.3908083,6.5901095],[3.3910537,6.5900503],[3.3912858,6.5899816],[3.3914655,6.5899256],[3.3917243,6.5898638],[3.3920539,6.5897567]]},"properties":{"osm_id":"way/223533484","name":"Unnamed (OSM way/223533484)","named":false,"source":"OpenStreetMap contributors","source_tags":{"waterway":"drain"},"retrieved_at":"2026-09-06T12:43:12.245Z","confidence":"openstreetmap_mapped_unverified","field_verified":false,"layer":"osm_waterway","waterway_type":"drain","navigability":"unknown"}},{"type":"Feature","geometry":{"type":"LineString","coordinates":[[3.3930589,6.5965702],[3.393079,6.5965056],[3.393083,6.5964929],[3.3931024,6.5964137],[3.3931501,6.5962185],[3.3931689,6.5961785],[3.3932001,6.5961451],[3.3932305,6.5961279],[3.3932735,6.5961226],[3.3934103,6.5961332],[3.3935616,6.5961303],[3.3935739,6.5961359],[3.3936972,6.5961279],[3.393758,6.5961131],[3.3937965,6.5960853],[3.3938314,6.5960373],[3.3939118,6.5958721],[3.3939413,6.5958215],[3.3939655,6.5957868],[3.3940164,6.5957495],[3.3940593,6.5957042],[3.3940835,6.5956563],[3.3940969,6.5955897],[3.394113,6.5954698],[3.3941559,6.5952406],[3.3942853,6.5946914]]},"properties":{"osm_id":"way/223672719","name":"Unnamed (OSM way/223672719)","named":false,"source":"OpenStreetMap contributors","source_tags":{"layer":"1","waterway":"drain"},"retrieved_at":"2026-09-06T12:43:12.245Z","confidence":"openstreetmap_mapped_unverified","field_verified":false,"layer":"osm_waterway","waterway_type":"drain","navigability":"unknown"}},{"type":"Feature","geometry":{"type":"LineString","coordinates":[[3.3942853,6.5946914],[3.3944616,6.5948596],[3.3945921,6.5949354],[3.3946762,6.5949901],[3.3947272,6.5950434],[3.3947674,6.5951367],[3.3948102,6.5952779],[3.3948182,6.5953605],[3.3948156,6.5954324],[3.3948209,6.5955124],[3.394863,6.5956388],[3.3948952,6.5958227],[3.3949226,6.5959922],[3.3949363,6.5960772],[3.3950141,6.5963543],[3.3951294,6.596738],[3.395209,6.5969524],[3.3952715,6.5971242],[3.3953708,6.5973347],[3.3954826,6.5975439],[3.3955746,6.5976998],[3.3956363,6.597857],[3.3957141,6.5980861],[3.3958456,6.5984459]]},"properties":{"osm_id":"way/223672724","name":"Unnamed (OSM way/223672724)","named":false,"source":"OpenStreetMap contributors","source_tags":{"waterway":"drain"},"retrieved_at":"2026-09-06T12:43:12.245Z","confidence":"openstreetmap_mapped_unverified","field_verified":false,"layer":"osm_waterway","waterway_type":"drain","navigability":"unknown"}},{"type":"Feature","geometry":{"type":"LineString","coordinates":[[3.3993029,6.5931257],[3.3991607,6.5930911],[3.3990482,6.5930637],[3.3989837,6.5930378],[3.3989113,6.5929765],[3.3988409,6.5928913],[3.398782,6.5928359],[3.3987256,6.5928206],[3.3982078,6.5923781],[3.3981649,6.5923595],[3.3981174,6.5923556],[3.3980764,6.5923595],[3.3980335,6.5923515],[3.3979718,6.5923195],[3.3979002,6.592265],[3.3978143,6.5921718],[3.3977392,6.5920678],[3.3976695,6.5919986],[3.3976043,6.5919545],[3.3975032,6.591908],[3.3974362,6.59186],[3.3973584,6.5917641],[3.3972162,6.5915989],[3.3970204,6.5913937],[3.3968192,6.5912046],[3.3967227,6.591098],[3.396661,6.5910287],[3.3966154,6.5909674],[3.3965483,6.5909221],[3.3964571,6.5908875],[3.396374,6.5908582],[3.3963016,6.5907996],[3.3962292,6.5907116],[3.3961433,6.5906184],[3.3960655,6.5905118],[3.3959977,6.5904464],[3.3959341,6.5903093],[3.3958743,6.5902492],[3.3957965,6.5902306],[3.3956686,6.5902533],[3.395462,6.5903013],[3.3953266,6.5903266],[3.3951858,6.5903786],[3.3950087,6.5904599],[3.3948746,6.5904931],[3.3947593,6.5905731],[3.3947165,6.5906024],[3.3946582,6.5906051]]},"properties":{"osm_id":"way/223672725","name":"Unnamed (OSM way/223672725)","named":false,"source":"OpenStreetMap contributors","source_tags":{"waterway":"drain"},"retrieved_at":"2026-09-06T12:43:12.245Z","confidence":"openstreetmap_mapped_unverified","field_verified":false,"layer":"osm_waterway","waterway_type":"drain","navigability":"unknown"}},{"type":"Feature","geometry":{"type":"LineString","coordinates":[[3.3957523,6.59195],[3.395722,6.5918286],[3.3956712,6.5917295],[3.3955968,6.5916409],[3.3954868,6.5915556],[3.3953554,6.5914677],[3.3951918,6.5913318],[3.3950791,6.5912253],[3.3950147,6.5911267],[3.394953,6.5909801],[3.3949155,6.5908789],[3.3948798,6.5908161],[3.3948162,6.590767],[3.3947626,6.5907297],[3.3947225,6.590711],[3.3946582,6.5906051],[3.3946411,6.590611],[3.3944972,6.5905565],[3.3943416,6.5904979],[3.3942343,6.5904312],[3.3940627,6.5903193],[3.3938669,6.5901861],[3.3937462,6.5900928],[3.3935396,6.589877],[3.3934002,6.5896852],[3.3932661,6.5894614],[3.3931427,6.5892375],[3.3930032,6.5890271],[3.392845,6.5888032],[3.3927806,6.5886727],[3.3927538,6.5885554],[3.392752,6.5885399],[3.3927296,6.5884675],[3.3926867,6.5883956],[3.3926116,6.588321],[3.3924945,6.5881968]]},"properties":{"osm_id":"way/223672743","name":"Unnamed (OSM way/223672743)","named":false,"source":"OpenStreetMap contributors","source_tags":{"waterway":"drain"},"retrieved_at":"2026-09-06T12:43:12.245Z","confidence":"openstreetmap_mapped_unverified","field_verified":false,"layer":"osm_waterway","waterway_type":"drain","navigability":"unknown"}},{"type":"Feature","geometry":{"type":"LineString","coordinates":[[4.0595314,6.6078707],[4.0606616,6.6044129],[4.0603451,6.602931],[4.0570902,6.6026615],[4.0566834,6.5998773],[4.0585821,6.5987995],[4.0610685,6.5981259],[4.0624247,6.5985301],[4.0632836,6.5977666],[4.0645042,6.5977666],[4.0649563,6.5968685],[4.0648206,6.5957907],[4.0639617,6.595162],[4.0629219,6.5929166],[4.0627411,6.5902221],[4.0616639,6.587729],[4.0629106,6.5862683],[4.0629745,6.5854744],[4.0622713,6.5855697],[4.0623032,6.5849346],[4.0635179,6.5837914],[4.0637097,6.582807],[4.0641573,6.5821401],[4.0643659,6.581704],[4.0644717,6.5813444],[4.0645106,6.5801948],[4.0644193,6.5795664],[4.0643453,6.5789551],[4.0644219,6.5786911],[4.0647686,6.5783048],[4.0653714,6.577632],[4.0667123,6.5764636],[4.0670327,6.5759041],[4.0671716,6.5752834],[4.0670941,6.574797],[4.0668904,6.5745123],[4.0665666,6.5743928],[4.0662729,6.5742776],[4.0660673,6.5740138],[4.0658366,6.5735845],[4.0651425,6.5723057],[4.0649104,6.5717903],[4.0648676,6.5713492],[4.0649091,6.5705247],[4.0649154,6.5697113],[4.0647673,6.5689488],[4.0646542,6.5683384],[4.064688,6.5678049],[4.0646239,6.567331],[4.0643381,6.5666528],[4.0639464,6.565985],[4.0632509,6.5651517],[4.0628851,6.5646807],[4.0624514,6.5638006],[4.0620899,6.5630802],[4.061341,6.5619972],[4.0607249,6.5605914],[4.0599436,6.5587413]]},"properties":{"osm_id":"way/229109030","name":"Osun River","named":true,"source":"OpenStreetMap contributors","source_tags":{"name":"Osun River","waterway":"river"},"retrieved_at":"2026-09-06T12:43:12.245Z","confidence":"openstreetmap_mapped_unverified","field_verified":false,"layer":"osm_waterway","waterway_type":"river","navigability":"unknown"}},{"type":"Feature","geometry":{"type":"LineString","coordinates":[[4.0849911,6.6433422],[4.0846907,6.6428519],[4.0844762,6.6418715],[4.084326,6.6410829],[4.0839612,6.6404009],[4.0835535,6.6399959],[4.0829527,6.6395909],[4.0825235,6.6393778],[4.0821802,6.6393565],[4.0817081,6.6389515],[4.0811717,6.63844],[4.0806996,6.6380564],[4.0802275,6.6378645],[4.0797984,6.6379924],[4.0789401,6.6381416],[4.0779101,6.6381842],[4.0771591,6.6382269],[4.0761077,6.6379072],[4.0748202,6.6374596],[4.0746485,6.6370972],[4.0745627,6.6365644],[4.0742838,6.6364152],[4.0738117,6.6364152],[4.0732967,6.6364578],[4.0729963,6.636202],[4.0727817,6.6358823],[4.0725671,6.6354987],[4.0722667,6.6349445],[4.0718161,6.6343477],[4.0716874,6.6337936],[4.0712368,6.6334525],[4.0706574,6.6336444],[4.0696489,6.6341985],[4.0689623,6.6342198],[4.0680181,6.6342625],[4.0670096,6.6350511],[4.0660869,6.6358184],[4.0651428,6.6365004],[4.0644347,6.6370972],[4.0638553,6.6375235],[4.063276,6.6378432],[4.0625464,6.6381629],[4.0620743,6.6383761],[4.0614521,6.6383334],[4.0608727,6.6379711],[4.060465,6.6376301],[4.0601432,6.6371825],[4.0595209,6.6367562],[4.0589415,6.6365857],[4.058448,6.6367349],[4.0579116,6.637012],[4.0572035,6.6368628],[4.056903,6.6364578],[4.0568601,6.6359037],[4.0567743,6.6354134],[4.0570962,6.6346461],[4.0576112,6.6339428],[4.058212,6.6334739],[4.0587055,6.6330049],[4.058684,6.6320245],[4.0584695,6.6310441],[4.058212,6.6301915],[4.0578472,6.6294242],[4.0570962,6.6286995],[4.0564524,6.6278469],[4.0559375,6.626973],[4.0557873,6.6263762],[4.0558945,6.6256089],[4.0561306,6.6249055],[4.0558731,6.6236906],[4.0551864,6.6224757],[4.0543496,6.6220707],[4.0535127,6.6212608],[4.0515815,6.6200672],[4.0510022,6.6193851],[4.0508305,6.6185325],[4.0510666,6.6179144],[4.050852,6.6172963],[4.0508734,6.6165929],[4.0507662,6.6155698],[4.0508734,6.6150156],[4.0512811,6.6149943],[4.051839,6.61525],[4.0525471,6.6153566],[4.0534484,6.6143335],[4.0540492,6.6136727],[4.0542852,6.6125857],[4.0544569,6.611797],[4.0554439,6.6099213],[4.0564739,6.6091113],[4.0568601,6.6084079],[4.0584695,6.6079603],[4.0595314,6.6078707]]},"properties":{"osm_id":"way/241273521","name":"Oshun River","named":true,"source":"OpenStreetMap contributors","source_tags":{"name":"Oshun River","waterway":"river"},"retrieved_at":"2026-09-06T12:43:12.245Z","confidence":"openstreetmap_mapped_unverified","field_verified":false,"layer":"osm_waterway","waterway_type":"river","navigability":"unknown"}},{"type":"Feature","geometry":{"type":"LineString","coordinates":[[4.093703,6.6712409],[4.0934025,6.6710917],[4.0929734,6.6706228],[4.0923511,6.6698769],[4.0916859,6.6688539],[4.0908062,6.6682784],[4.0903341,6.6677669],[4.0900981,6.6671275],[4.0897977,6.666616],[4.0899479,6.6658275],[4.0902054,6.6651455],[4.0905916,6.6647192],[4.0906989,6.6643356],[4.0906131,6.6636323],[4.0905916,6.663206],[4.090892,6.6627585],[4.0912568,6.6623109],[4.0914714,6.6618633],[4.0914284,6.6609256],[4.0911924,6.6602862],[4.0913212,6.6598173],[4.0916001,6.6595828],[4.0925657,6.6593484],[4.0929949,6.6589648],[4.0927803,6.6585172],[4.092394,6.6582188],[4.0920507,6.6577926],[4.0917074,6.6576007],[4.0914714,6.6571105],[4.0916859,6.6567908],[4.0922009,6.6564925],[4.0928446,6.6560449],[4.0933382,6.6554908],[4.0934669,6.6547874],[4.093424,6.6541907],[4.093188,6.6535939],[4.0927803,6.6531889],[4.0922868,6.6531889],[4.0917932,6.6534021],[4.091128,6.6533594],[4.0907847,6.653125],[4.0904199,6.6523151],[4.0902054,6.6515052],[4.089862,6.6511002],[4.08939,6.651015],[4.0890896,6.6512068],[4.08836,6.6511429],[4.0883385,6.6505674],[4.0887462,6.649928],[4.0889823,6.6486492],[4.088875,6.6477967],[4.0883171,6.646731],[4.0875661,6.6461555],[4.0868794,6.6453243],[4.0862786,6.6446423],[4.0856778,6.6439389],[4.0849911,6.6433422]]},"properties":{"osm_id":"way/241273526","name":"Oshun River","named":true,"source":"OpenStreetMap contributors","source_tags":{"name":"Oshun River","waterway":"river"},"retrieved_at":"2026-09-06T12:43:12.245Z","confidence":"openstreetmap_mapped_unverified","field_verified":false,"layer":"osm_waterway","waterway_type":"river","navigability":"unknown"}},{"type":"Feature","geometry":{"type":"LineString","coordinates":[[4.0914928,6.6793182],[4.0912997,6.6789133],[4.0910207,6.678487],[4.0910637,6.6780395],[4.0909349,6.677464],[4.0907418,6.677123],[4.0903556,6.6769312],[4.0901195,6.6764197],[4.0905058,6.6761001],[4.0911924,6.6758869],[4.0919434,6.6757591],[4.0922438,6.6752476],[4.092158,6.6745443],[4.0920293,6.6736278],[4.0923297,6.672477],[4.0931665,6.6718802],[4.0937459,6.6716458],[4.0938746,6.67139],[4.093703,6.6712409]]},"properties":{"osm_id":"way/241273528","name":"Oshun River","named":true,"source":"OpenStreetMap contributors","source_tags":{"name":"Oshun River","waterway":"river"},"retrieved_at":"2026-09-06T12:43:12.245Z","confidence":"openstreetmap_mapped_unverified","field_verified":false,"layer":"osm_waterway","waterway_type":"river","navigability":"unknown"}},{"type":"Feature","geometry":{"type":"LineString","coordinates":[[4.0907418,6.677123],[4.0914284,6.6770165],[4.0917289,6.6767607],[4.0916887,6.6765114],[4.091643,6.6762279],[4.0919434,6.6757591]]},"properties":{"osm_id":"way/241273530","name":"Oshun River","named":true,"source":"OpenStreetMap contributors","source_tags":{"name":"Oshun River","waterway":"river"},"retrieved_at":"2026-09-06T12:43:12.245Z","confidence":"openstreetmap_mapped_unverified","field_verified":false,"layer":"osm_waterway","waterway_type":"river","navigability":"unknown"}},{"type":"Feature","geometry":{"type":"LineString","coordinates":[[3.3792036,6.6475167],[3.3790974,6.6471],[3.3792181,6.6466306],[3.3794563,6.6463855],[3.3798989,6.64615],[3.3803962,6.6457786],[3.3812834,6.6452729],[3.3818692,6.6451983],[3.3824867,6.6451136],[3.3830392,6.6448957],[3.3830766,6.6448759],[3.3836894,6.6445504],[3.3842247,6.6441065],[3.3844455,6.6436334],[3.3845249,6.6431219],[3.384409,6.6424548],[3.3840906,6.6418825],[3.3831519,6.6406537],[3.3829802,6.6397159],[3.3831519,6.639247],[3.3839672,6.6392044],[3.3852118,6.6395028],[3.3876151,6.6398864],[3.38916,6.6398438],[3.3907908,6.639588],[3.3929795,6.638224],[3.3957261,6.6371156],[3.3967131,6.6361778],[3.3970993,6.6350695],[3.3973568,6.6327676],[3.397786,6.6317871],[3.398773,6.6311051],[3.4002751,6.6304657],[3.4021634,6.6298262],[3.4031504,6.6292294],[3.4037083,6.6283769],[3.4041375,6.6270128],[3.4040945,6.6257339],[3.4034508,6.6235598],[3.4034508,6.6227499],[3.4035156,6.6225025],[3.4038911,6.6220921],[3.404395,6.6219826],[3.4051674,6.622281],[3.4058112,6.6229204],[3.4067982,6.6236451],[3.4075278,6.6240288],[3.4083002,6.624114],[3.4092873,6.6236877],[3.4096306,6.6228351],[3.409416,6.6220252],[3.4088152,6.6210874],[3.4084719,6.6202348],[3.408429,6.6195101],[3.4088152,6.6187427],[3.4093731,6.6181033],[3.4110897,6.6164834],[3.4117764,6.615034],[3.412506,6.6135846],[3.4132784,6.6128599],[3.4146088,6.6125615],[3.4151667,6.6126041],[3.4155959,6.613073],[3.4161967,6.6136698],[3.4172266,6.6137977],[3.4183424,6.6135419],[3.4196728,6.6130304],[3.4207028,6.6121778],[3.4213036,6.6113252],[3.4223336,6.6109842],[3.4226585,6.6108513],[3.4230631,6.6106857],[3.4237927,6.6098758],[3.4248227,6.6093642],[3.4258097,6.6094921],[3.4265822,6.6101742],[3.4269255,6.6110268],[3.4273976,6.6117515],[3.428213,6.6118368],[3.4288462,6.6117769],[3.4291142,6.6117515],[3.4300154,6.6122204],[3.4309596,6.6131156],[3.4316891,6.613883],[3.4320543,6.6143546],[3.4321183,6.6144372],[3.4327191,6.6141814],[3.4329766,6.6133288],[3.4332341,6.611922],[3.4335038,6.6113816],[3.433749,6.6111547],[3.4350365,6.6105152],[3.4357661,6.6101316],[3.4364527,6.6101316],[3.4369677,6.6105152],[3.4374301,6.6110163],[3.4374398,6.6110268],[3.4380406,6.6112399],[3.4389847,6.6110694],[3.440358,6.6109415],[3.4415596,6.6103873],[3.4417742,6.6094921],[3.4419313,6.6088798],[3.4423379,6.6083218],[3.4424555,6.6081493]]},"properties":{"osm_id":"way/246839364","name":"Ogun","named":true,"source":"OpenStreetMap contributors","source_tags":{"name":"Ogun","name:en":"Ogun River","source":"landsat","waterway":"river"},"retrieved_at":"2026-09-06T12:43:12.245Z","confidence":"openstreetmap_mapped_unverified","field_verified":false,"layer":"osm_waterway","waterway_type":"river","navigability":"unknown"}},{"type":"Feature","geometry":{"type":"LineString","coordinates":[[4.2563739,6.5886969],[4.2562438,6.5884626],[4.2560324,6.5882688],[4.2556746,6.5880992],[4.2551624,6.5879134],[4.2547314,6.5877599],[4.2543168,6.5875499],[4.2534142,6.586936],[4.2529914,6.5867745],[4.2525767,6.586726],[4.2521539,6.5867583],[4.2518937,6.5868472],[4.2516417,6.5869764],[4.2510725,6.5872834],[4.2504302,6.5876711],[4.2498122,6.5881476],[4.2491374,6.5886323],[4.2486332,6.5888261],[4.247999,6.5889392],[4.2474624,6.5889392],[4.2469908,6.5888504],[4.2467306,6.5886888],[4.2465436,6.5884869],[4.2464867,6.5883253],[4.2465273,6.5881072],[4.2466818,6.5877034],[4.2468444,6.5872349],[4.246942,6.5865887],[4.2469908,6.5859345],[4.246942,6.5855791],[4.2467957,6.5852802],[4.2465761,6.585054],[4.2458598,6.5845846],[4.2450193,6.5840698],[4.2439343,6.583372],[4.2432713,6.5830274],[4.2423302,6.5827124],[4.2417755,6.5825547],[4.241232,6.5825903],[4.2406206,6.5826706],[4.238817,6.583174],[4.237775,6.5835425],[4.237282,6.5836038],[4.2368383,6.5835548],[4.2356799,6.5832365],[4.2342996,6.5827957],[4.2333752,6.582661],[4.2306023,6.5824284],[4.2298505,6.5822815],[4.2292466,6.5820367],[4.2287167,6.5816326],[4.2279896,6.5809225],[4.2277677,6.580494],[4.2275336,6.5798452],[4.226979,6.5780209],[4.2268188,6.5776781],[4.2265107,6.5772864],[4.2249208,6.5757805],[4.2245141,6.5752295],[4.2242307,6.5746296],[4.2237377,6.5730992],[4.2235775,6.5724993],[4.2231462,6.5714464],[4.2224683,6.5703812],[4.2208046,6.5681285],[4.2199049,6.5671],[4.2193626,6.566696],[4.2184208,6.5665591],[4.2164827,6.5660927],[4.214634,6.5656397],[4.2138699,6.565407],[4.2132414,6.5651377],[4.2126745,6.5647336],[4.2121445,6.5641215],[4.2117625,6.5638521],[4.2114051,6.5634358],[4.2111586,6.5629828],[4.2104685,6.5623952],[4.2095565,6.5616973],[4.2088898,6.5613989],[4.2068084,6.5608234],[4.2046841,6.5601626],[4.2004141,6.5579242],[4.1962298,6.555153],[4.1937622,6.553746],[4.1914662,6.5528081],[4.1883334,6.5518914],[4.1860803,6.5511879],[4.1836771,6.5497597],[4.1815957,6.548438],[4.1756519,6.5453043],[4.1731199,6.5431085],[4.1715749,6.5416802],[4.1702017,6.5410194],[4.1676053,6.5402093]]},"properties":{"osm_id":"way/247681899","name":"Sunmoge","named":true,"source":"OpenStreetMap contributors","source_tags":{"boat":"no","name":"Sunmoge","name:en":"Sunmoge River","source":"landsat","waterway":"river"},"retrieved_at":"2026-09-06T12:43:12.245Z","confidence":"openstreetmap_mapped_unverified","field_verified":false,"layer":"osm_waterway","waterway_type":"river","navigability":"unknown"}},{"type":"Feature","geometry":{"type":"LineString","coordinates":[[3.3645375,6.5088347],[3.3645363,6.5091071],[3.3645813,6.5095288],[3.3645026,6.5099053],[3.3644869,6.5099819],[3.3644257,6.5101746],[3.3642808,6.5107948],[3.364325,6.5110433],[3.364513,6.511265],[3.3647644,6.5114753],[3.3648509,6.5115398],[3.3649109,6.5115844]]},"properties":{"osm_id":"way/280481958","name":"Unnamed (OSM way/280481958)","named":false,"source":"OpenStreetMap contributors","source_tags":{"waterway":"drain"},"retrieved_at":"2026-09-06T12:43:12.245Z","confidence":"openstreetmap_mapped_unverified","field_verified":false,"layer":"osm_waterway","waterway_type":"drain","navigability":"unknown"}},{"type":"Feature","geometry":{"type":"LineString","coordinates":[[3.3876749,6.4921898],[3.3877494,6.4924541],[3.3877857,6.4925493],[3.3878891,6.4927071],[3.3879193,6.4928057],[3.3881318,6.4930094],[3.3883034,6.4931751],[3.3885284,6.4933046],[3.3886985,6.493429],[3.3888075,6.4935251],[3.3889126,6.4936054],[3.3889714,6.4936681]]},"properties":{"osm_id":"way/280485689","name":"Unnamed (OSM way/280485689)","named":false,"source":"OpenStreetMap contributors","source_tags":{"waterway":"ditch"},"retrieved_at":"2026-09-06T12:43:12.245Z","confidence":"openstreetmap_mapped_unverified","field_verified":false,"layer":"osm_waterway","waterway_type":"ditch","navigability":"unknown"}},{"type":"Feature","geometry":{"type":"LineString","coordinates":[[4.2136216,6.6095912],[4.2135411,6.6095512],[4.2132971,6.609322],[4.2130771,6.6090023],[4.2129806,6.6087865],[4.2129725,6.6085947],[4.2130262,6.6083122],[4.2130798,6.608203],[4.212876,6.607838],[4.2127097,6.6076701],[4.2125487,6.6075609],[4.2120391,6.6073104],[4.211272,6.6070307],[4.2108428,6.6067696],[4.2106417,6.6065697],[4.2103144,6.6064259],[4.2099953,6.606234],[4.2095715,6.6060608],[4.2093891,6.6059223],[4.2092335,6.6057464],[4.2088795,6.6049578],[4.2085978,6.6045048],[4.2083269,6.6039053],[4.2081231,6.6035696],[4.2077234,6.6022294],[4.2073989,6.6018804],[4.2072192,6.6017232],[4.2069429,6.6012862],[4.2064708,6.6006734],[4.2063636,6.600335],[4.2063743,6.5999007],[4.2063421,6.5997169],[4.2060605,6.59912],[4.205744,6.5987683],[4.2053282,6.5984592],[4.2049795,6.5982381],[4.2049178,6.5981662],[4.2048427,6.5979983],[4.2048427,6.5978118],[4.2049527,6.5974015],[4.2049098,6.5971776],[4.2048562,6.5971004],[4.2045933,6.5970151],[4.2042419,6.5969458],[4.2040649,6.5968766],[4.2040005,6.5968153],[4.2038986,6.5965622],[4.2038852,6.596381],[4.2039818,6.59596],[4.2040005,6.5957308],[4.2040649,6.5956482],[4.2042339,6.5955603],[4.2044243,6.5953925],[4.2046845,6.5950168],[4.2048642,6.594689],[4.2049018,6.5942041],[4.2048883,6.5939137],[4.2048347,6.5937192],[4.2046925,6.5935833],[4.204317,6.5934661],[4.2036787,6.5933941],[4.2035767,6.5933382],[4.2034534,6.593069],[4.2032361,6.5923789],[4.2031476,6.5921924],[4.2030188,6.5917155],[4.2029116,6.5914917],[4.2028679,6.5912283],[4.2028583,6.5910511],[4.2028943,6.5908336],[4.2029753,6.5906526],[4.2034131,6.5900022],[4.2035929,6.5897385],[4.2036894,6.5894028],[4.2036841,6.5890457],[4.2036251,6.5886887],[4.2035178,6.5884435],[4.2032978,6.5881185],[4.2030028,6.5877668],[4.202858,6.587527],[4.2025468,6.5869941],[4.2021338,6.5863706],[4.201828,6.5858856],[4.2017529,6.5855925],[4.2017314,6.58539],[4.2018548,6.5849157],[4.201946,6.5844255],[4.2020648,6.5834942],[4.2019747,6.5823126]]},"properties":{"osm_id":"way/287526233","name":"Mosafejo River","named":true,"source":"OpenStreetMap contributors","source_tags":{"name":"Mosafejo River","waterway":"river"},"retrieved_at":"2026-09-06T12:43:12.245Z","confidence":"openstreetmap_mapped_unverified","field_verified":false,"layer":"osm_waterway","waterway_type":"river","navigability":"unknown"}},{"type":"Feature","geometry":{"type":"LineString","coordinates":[[3.4816608,6.4428662],[3.4815393,6.4430528],[3.4816,6.44773]]},"properties":{"osm_id":"way/294599757","name":"Unnamed (OSM way/294599757)","named":false,"source":"OpenStreetMap contributors","source_tags":{"waterway":"ditch"},"retrieved_at":"2026-09-06T12:43:12.245Z","confidence":"openstreetmap_mapped_unverified","field_verified":false,"layer":"osm_waterway","waterway_type":"ditch","navigability":"unknown"}},{"type":"Feature","geometry":{"type":"LineString","coordinates":[[3.4819307,6.4424397],[3.4816608,6.4428662]]},"properties":{"osm_id":"way/294599761","name":"Unnamed (OSM way/294599761)","named":false,"source":"OpenStreetMap contributors","source_tags":{"layer":"-1","tunnel":"yes","waterway":"drain"},"retrieved_at":"2026-09-06T12:43:12.245Z","confidence":"openstreetmap_mapped_unverified","field_verified":false,"layer":"osm_waterway","waterway_type":"drain","navigability":"unknown"}},{"type":"Feature","geometry":{"type":"LineString","coordinates":[[3.5025652,6.4442068],[3.502356,6.4444307]]},"properties":{"osm_id":"way/295026364","name":"Unnamed (OSM way/295026364)","named":false,"source":"OpenStreetMap contributors","source_tags":{"layer":"-1","tunnel":"yes","waterway":"drain"},"retrieved_at":"2026-09-06T12:43:12.245Z","confidence":"openstreetmap_mapped_unverified","field_verified":false,"layer":"osm_waterway","waterway_type":"drain","navigability":"unknown"}},{"type":"Feature","geometry":{"type":"LineString","coordinates":[[3.5114567,6.433122],[3.5117679,6.4334791],[3.511792,6.4335271],[3.5117974,6.4336071],[3.5118054,6.4341428],[3.5117893,6.43434],[3.5117437,6.4346679],[3.5115935,6.4355687],[3.5113441,6.4359232],[3.5111617,6.4361418],[3.5110437,6.436283],[3.5110008,6.4363577],[3.510931,6.4365016],[3.510864,6.4366189],[3.5106333,6.4369547],[3.5102632,6.4374903],[3.5083642,6.4399397],[3.5082059,6.4401076],[3.5076587,6.4405927],[3.5054513,6.4425277],[3.5052769,6.4426583],[3.5050382,6.4427995],[3.5027367,6.4440941],[3.5025652,6.4442068]]},"properties":{"osm_id":"way/295026376","name":"Unnamed (OSM way/295026376)","named":false,"source":"OpenStreetMap contributors","source_tags":{"waterway":"drain"},"retrieved_at":"2026-09-06T12:43:12.245Z","confidence":"openstreetmap_mapped_unverified","field_verified":false,"layer":"osm_waterway","waterway_type":"drain","navigability":"unknown"}},{"type":"Feature","geometry":{"type":"LineString","coordinates":[[3.502356,6.4444307],[3.502305,6.444524]]},"properties":{"osm_id":"way/295026392","name":"Unnamed (OSM way/295026392)","named":false,"source":"OpenStreetMap contributors","source_tags":{"waterway":"drain"},"retrieved_at":"2026-09-06T12:43:12.245Z","confidence":"openstreetmap_mapped_unverified","field_verified":false,"layer":"osm_waterway","waterway_type":"drain","navigability":"unknown"}},{"type":"Feature","geometry":{"type":"LineString","coordinates":[[3.5023291,6.4361764],[3.5023249,6.437628]]},"properties":{"osm_id":"way/295026399","name":"Unnamed (OSM way/295026399)","named":false,"source":"OpenStreetMap contributors","source_tags":{"waterway":"drain"},"retrieved_at":"2026-09-06T12:43:12.245Z","confidence":"openstreetmap_mapped_unverified","field_verified":false,"layer":"osm_waterway","waterway_type":"drain","navigability":"unknown"}},{"type":"Feature","geometry":{"type":"LineString","coordinates":[[3.5558394,6.4425384],[3.555437,6.4424105],[3.5552841,6.4423305],[3.5549945,6.442008],[3.5546967,6.4417522],[3.5543856,6.4414243],[3.553817,6.4405634],[3.5535729,6.4403715],[3.5533369,6.4402303],[3.5531489,6.4400872],[3.5526878,6.4395743],[3.5524633,6.4394096],[3.5523592,6.4393841],[3.5522383,6.4393458]]},"properties":{"osm_id":"way/295231568","name":"Unnamed (OSM way/295231568)","named":false,"source":"OpenStreetMap contributors","source_tags":{"waterway":"drain"},"retrieved_at":"2026-09-06T12:43:12.245Z","confidence":"openstreetmap_mapped_unverified","field_verified":false,"layer":"osm_waterway","waterway_type":"drain","navigability":"unknown"}},{"type":"Feature","geometry":{"type":"LineString","coordinates":[[3.542735,6.4467414],[3.5426635,6.4512575]]},"properties":{"osm_id":"way/314809718","name":"Unnamed (OSM way/314809718)","named":false,"source":"OpenStreetMap contributors","source_tags":{"waterway":"drain"},"retrieved_at":"2026-09-06T12:43:12.245Z","confidence":"openstreetmap_mapped_unverified","field_verified":false,"layer":"osm_waterway","waterway_type":"drain","navigability":"unknown"}},{"type":"Feature","geometry":{"type":"LineString","coordinates":[[3.530774,6.4438413],[3.5307955,6.4427392],[3.5307991,6.4419047],[3.531094,6.4417052],[3.5366191,6.4439787],[3.5373714,6.4443661]]},"properties":{"osm_id":"way/314809719","name":"Unnamed (OSM way/314809719)","named":false,"source":"OpenStreetMap contributors","source_tags":{"waterway":"drain"},"retrieved_at":"2026-09-06T12:43:12.245Z","confidence":"openstreetmap_mapped_unverified","field_verified":false,"layer":"osm_waterway","waterway_type":"drain","navigability":"unknown"}},{"type":"Feature","geometry":{"type":"LineString","coordinates":[[3.6043971,6.4335966],[3.6036996,6.4335483],[3.6030183,6.4339835],[3.6024343,6.4340802],[3.6019638,6.434322],[3.6013798,6.4341931],[3.6010392,6.4340963],[3.6008445,6.4338384],[3.6003903,6.4338546],[3.5997739,6.4341769],[3.5993521,6.4337578],[3.5990926,6.4336772],[3.5917353,6.4345295],[3.5905449,6.4350812],[3.5897215,6.4352491],[3.5891417,6.4353555],[3.5887425,6.4353318],[3.5879105,6.4350436],[3.5868027,6.4348546],[3.5852315,6.434748],[3.5843168,6.434708],[3.5837482,6.434708],[3.5832617,6.4346585],[3.5815933,6.4343248],[3.5795576,6.4339802],[3.5780078,6.4335724],[3.576318,6.4333858],[3.5759426,6.4332702],[3.575679,6.4331738],[3.5754945,6.4329862],[3.575355,6.4328055],[3.5751914,6.4327864],[3.5743105,6.4326305],[3.5737485,6.4325515],[3.5728816,6.4326321],[3.5722986,6.4326643],[3.5717657,6.432652],[3.5713774,6.4327061],[3.571254,6.4328048],[3.5712406,6.4330393],[3.5712889,6.4335724],[3.5712567,6.4339375],[3.5711172,6.4341454],[3.570797,6.4343599],[3.5706688,6.4348239],[3.5703506,6.4353022],[3.5689694,6.4357778],[3.56643,6.4360364],[3.5644197,6.4357015],[3.5638672,6.4355607],[3.5625315,6.4350383],[3.5613835,6.4348251],[3.5607292,6.4347845],[3.5600117,6.4348601],[3.5596729,6.4349199],[3.5595174,6.4349501],[3.5590773,6.4350198],[3.558793,6.4350366],[3.5585159,6.4350182],[3.5579012,6.4350466],[3.5571804,6.4350469],[3.5568651,6.4350763],[3.5565581,6.4351003],[3.5562702,6.4351112],[3.5559968,6.4350887],[3.5556704,6.4350696],[3.5552998,6.4349187],[3.5550071,6.4348169],[3.5547502,6.435008],[3.5545095,6.4352963],[3.5542406,6.4356973],[3.5541131,6.4360771],[3.5538937,6.43709],[3.5537097,6.4375753],[3.5534195,6.4380184],[3.5530726,6.4385037],[3.5526762,6.4389398],[3.5522383,6.4393458],[3.5517582,6.4397652],[3.5511373,6.4401558],[3.5505538,6.4404071],[3.5495523,6.4407382],[3.5488683,6.4410695],[3.5485971,6.441242],[3.5484763,6.4414669],[3.548369,6.4416908],[3.5483062,6.4419568],[3.548317,6.4429482],[3.5483368,6.4436631],[3.5483384,6.444025],[3.5483046,6.4444307],[3.5480471,6.4458166],[3.5478449,6.4468715],[3.5476411,6.447895],[3.5473997,6.4487319],[3.5470607,6.4495131],[3.5469973,6.4504323],[3.5469725,6.4506652]]},"properties":{"osm_id":"way/315122733","name":"Unnamed (OSM way/315122733)","named":false,"source":"OpenStreetMap contributors","source_tags":{"waterway":"stream"},"retrieved_at":"2026-09-06T12:43:12.245Z","confidence":"openstreetmap_mapped_unverified","field_verified":false,"layer":"osm_waterway","waterway_type":"stream","navigability":"unknown"}},{"type":"Feature","geometry":{"type":"LineString","coordinates":[[3.5241052,6.447723],[3.5248103,6.4478516],[3.5249857,6.4478978],[3.5248556,6.4531864],[3.5248297,6.4535528],[3.5251208,6.4536749],[3.5251208,6.4541055],[3.526505,6.4542277],[3.5305274,6.4545373]]},"properties":{"osm_id":"way/315126941","name":"Unnamed (OSM way/315126941)","named":false,"source":"OpenStreetMap contributors","source_tags":{"waterway":"drain"},"retrieved_at":"2026-09-06T12:43:12.245Z","confidence":"openstreetmap_mapped_unverified","field_verified":false,"layer":"osm_waterway","waterway_type":"drain","navigability":"unknown"}},{"type":"Feature","geometry":{"type":"LineString","coordinates":[[3.5209197,6.4539376],[3.5215929,6.4539803],[3.5221186,6.453991],[3.522698,6.4540069],[3.5230012,6.4540335],[3.5243755,6.4541831],[3.5247117,6.4541296],[3.5251208,6.4541055]]},"properties":{"osm_id":"way/315126942","name":"Unnamed (OSM way/315126942)","named":false,"source":"OpenStreetMap contributors","source_tags":{"waterway":"drain"},"retrieved_at":"2026-09-06T12:43:12.245Z","confidence":"openstreetmap_mapped_unverified","field_verified":false,"layer":"osm_waterway","waterway_type":"drain","navigability":"unknown"}},{"type":"Feature","geometry":{"type":"LineString","coordinates":[[3.9005738,6.456682],[3.9008987,6.45642],[3.9015639,6.456548],[3.9021218,6.4562708],[3.9024865,6.4562708],[3.9026367,6.4565053],[3.9027011,6.4571236],[3.9028942,6.457145],[3.9031732,6.4578699],[3.9033448,6.458211],[3.9031303,6.458936],[3.9034521,6.4598741],[3.9033878,6.4605137],[3.9036238,6.4613026],[3.9041602,6.4619636],[3.9045036,6.4621768],[3.9045679,6.4627738],[3.9047181,6.4630297],[3.9046538,6.4634774],[3.9048898,6.4639891],[3.9057266,6.4640957],[3.9058554,6.4646074],[3.9070141,6.4655669],[3.9078724,6.4660573],[3.9084518,6.4673366],[3.9089238,6.4685625],[3.9087951,6.4696712],[3.9088595,6.4698418],[3.9088595,6.4703855],[3.9090097,6.4707906],[3.9088917,6.4712596],[3.9077115,6.4723363],[3.9075291,6.4728054],[3.907336,6.4730506],[3.9071428,6.4730932],[3.9067459,6.4737755],[3.9065635,6.4738395],[3.9060592,6.4742232],[3.9060914,6.4743405],[3.9059305,6.4746496],[3.9059734,6.4749055],[3.905909,6.475108],[3.9056837,6.4752786],[3.9055872,6.475236],[3.9049971,6.4756304],[3.9048791,6.4756304],[3.9041924,6.4759609],[3.9040422,6.4760035],[3.903656,6.4763553],[3.9034414,6.4763979],[3.9032697,6.4766218],[3.9031732,6.4773147],[3.9034307,6.4776132],[3.9036023,6.4780077],[3.903538,6.4788605],[3.903656,6.4800971],[3.9038169,6.4806834],[3.9036345,6.4812058],[3.9036774,6.4816108],[3.9036345,6.4820799],[3.9042568,6.4842546],[3.9036667,6.4875699],[3.9034843,6.4880283],[3.9021218,6.490139],[3.9010811,6.4922283],[3.9009416,6.4930705],[3.9008343,6.4950532],[3.9017368,6.4983517],[3.9028864,6.5000383],[3.9040789,6.5015861]]},"properties":{"osm_id":"way/315128154","name":"Unnamed (OSM way/315128154)","named":false,"source":"OpenStreetMap contributors","source_tags":{"waterway":"stream"},"retrieved_at":"2026-09-06T12:43:12.245Z","confidence":"openstreetmap_mapped_unverified","field_verified":false,"layer":"osm_waterway","waterway_type":"stream","navigability":"unknown"}},{"type":"Feature","geometry":{"type":"LineString","coordinates":[[3.5173416,6.4478289],[3.517634,6.4481941],[3.5178295,6.4484206],[3.5178781,6.4485917],[3.5179582,6.4507716],[3.5181486,6.456672],[3.5182943,6.461184],[3.5183063,6.4615564]]},"properties":{"osm_id":"way/316701527","name":"Unnamed (OSM way/316701527)","named":false,"source":"OpenStreetMap contributors","source_tags":{"waterway":"drain"},"retrieved_at":"2026-09-06T12:43:12.245Z","confidence":"openstreetmap_mapped_unverified","field_verified":false,"layer":"osm_waterway","waterway_type":"drain","navigability":"unknown"}},{"type":"Feature","geometry":{"type":"LineString","coordinates":[[3.4976324,6.4354809],[3.497616,6.4360508],[3.4976226,6.4363646],[3.4975999,6.4473341],[3.4976158,6.4480451],[3.4976554,6.4481512],[3.4975524,6.4483253]]},"properties":{"osm_id":"way/316707038","name":"Unnamed (OSM way/316707038)","named":false,"source":"OpenStreetMap contributors","source_tags":{"waterway":"ditch"},"retrieved_at":"2026-09-06T12:43:12.245Z","confidence":"openstreetmap_mapped_unverified","field_verified":false,"layer":"osm_waterway","waterway_type":"ditch","navigability":"unknown"}},{"type":"Feature","geometry":{"type":"LineString","coordinates":[[3.5601822,6.4325854],[3.5601654,6.4330365],[3.5605389,6.4337443]]},"properties":{"osm_id":"way/316709791","name":"Unnamed (OSM way/316709791)","named":false,"source":"OpenStreetMap contributors","source_tags":{"waterway":"drain"},"retrieved_at":"2026-09-06T12:43:12.245Z","confidence":"openstreetmap_mapped_unverified","field_verified":false,"layer":"osm_waterway","waterway_type":"drain","navigability":"unknown"}},{"type":"Feature","geometry":{"type":"LineString","coordinates":[[3.5625276,6.4588587],[3.5608378,6.4585282],[3.5560293,6.4578711],[3.5557753,6.4578672],[3.5556691,6.4579061],[3.5556094,6.4580005],[3.5555713,6.4581899],[3.5556346,6.4592102],[3.5555822,6.4592833],[3.5547567,6.4593228],[3.5542301,6.4593553],[3.5535655,6.4594546],[3.5488751,6.4592585],[3.5482368,6.4591466],[3.5463294,6.4584951],[3.5442288,6.4577452],[3.5431908,6.4573595],[3.5415692,6.4567765]]},"properties":{"osm_id":"way/316757152","name":"Unnamed (OSM way/316757152)","named":false,"source":"OpenStreetMap contributors","source_tags":{"waterway":"drain"},"retrieved_at":"2026-09-06T12:43:12.245Z","confidence":"openstreetmap_mapped_unverified","field_verified":false,"layer":"osm_waterway","waterway_type":"drain","navigability":"unknown"}},{"type":"Feature","geometry":{"type":"LineString","coordinates":[[3.5310716,6.4406121],[3.5309508,6.4407543],[3.530751,6.4408299],[3.5305511,6.4408804],[3.5303989,6.4408741],[3.5302308,6.4407953],[3.5268306,6.439397]]},"properties":{"osm_id":"way/316840331","name":"Unnamed (OSM way/316840331)","named":false,"source":"OpenStreetMap contributors","source_tags":{"waterway":"ditch"},"retrieved_at":"2026-09-06T12:43:12.245Z","confidence":"openstreetmap_mapped_unverified","field_verified":false,"layer":"osm_waterway","waterway_type":"ditch","navigability":"unknown"}},{"type":"Feature","geometry":{"type":"LineString","coordinates":[[3.5545095,6.4352963],[3.5538014,6.4352582],[3.5531738,6.435141],[3.5518917,6.434965],[3.5513767,6.4348957],[3.5499283,6.4347251],[3.5491666,6.434965],[3.5482299,6.4352888],[3.5473158,6.4354448],[3.5464328,6.4354647],[3.5452881,6.4353755],[3.5442045,6.435125],[3.5431839,6.4349022],[3.5424069,6.4347211],[3.5416907,6.4343879],[3.541342,6.4341134],[3.5409368,6.4335712],[3.5405768,6.4331622],[3.5372692,6.428857]]},"properties":{"osm_id":"way/317115117","name":"Unnamed (OSM way/317115117)","named":false,"source":"OpenStreetMap contributors","source_tags":{"waterway":"stream"},"retrieved_at":"2026-09-06T12:43:12.245Z","confidence":"openstreetmap_mapped_unverified","field_verified":false,"layer":"osm_waterway","waterway_type":"stream","navigability":"unknown"}},{"type":"Feature","geometry":{"type":"LineString","coordinates":[[3.6862998,6.4734157],[3.6865846,6.4731507],[3.6867892,6.4729217],[3.6871595,6.4726309],[3.6873381,6.4720958],[3.6873355,6.4718102],[3.6872682,6.4715014],[3.6873511,6.4708968],[3.6873822,6.4701635],[3.6874754,6.4694843],[3.6876618,6.4689079],[3.6877965,6.4677527],[3.6879182,6.4668779],[3.6880528,6.465877],[3.6880632,6.4654911],[3.6879984,6.4650331],[3.6877421,6.4638958],[3.6876652,6.4633715],[3.6875407,6.4631823],[3.6874565,6.4628039],[3.6871232,6.4626801],[3.687039,6.4625128],[3.6872441,6.4619597]]},"properties":{"osm_id":"way/369518418","name":"Unnamed (OSM way/369518418)","named":false,"source":"OpenStreetMap contributors","source_tags":{"waterway":"stream"},"retrieved_at":"2026-09-06T12:43:12.245Z","confidence":"openstreetmap_mapped_unverified","field_verified":false,"layer":"osm_waterway","waterway_type":"stream","navigability":"unknown"}},{"type":"Feature","geometry":{"type":"LineString","coordinates":[[3.2688785,6.4286557],[3.2764595,6.4283209],[3.2840126,6.4299841],[3.2916945,6.4303679],[3.2942029,6.4331164],[3.2982798,6.4375088],[3.3058758,6.4379779],[3.3169934,6.4325102],[3.3185319,6.4320229],[3.3201199,6.4319048],[3.3208313,6.431913],[3.3277004,6.4346644],[3.3332987,6.4294915],[3.3417767,6.4278518],[3.348877,6.4308988],[3.3525023,6.4306562],[3.3567284,6.4297346]]},"properties":{"osm_id":"way/374633735","name":"Badagry Creek","named":true,"source":"OpenStreetMap contributors","source_tags":{"name":"Badagry Creek","waterway":"river"},"retrieved_at":"2026-09-06T12:43:12.245Z","confidence":"openstreetmap_mapped_unverified","field_verified":false,"layer":"osm_waterway","waterway_type":"river","navigability":"unknown"}},{"type":"Feature","geometry":{"type":"LineString","coordinates":[[3.386743,6.4681536],[3.3772073,6.4614193],[3.3756286,6.4566357],[3.3759581,6.4552465],[3.3776451,6.4526929],[3.3806372,6.4499782],[3.3951392,6.4424511],[3.4003604,6.4353339]]},"properties":{"osm_id":"way/374634645","name":"Lagos Harbour","named":true,"source":"OpenStreetMap contributors","source_tags":{"name":"Lagos Harbour","waterway":"river"},"retrieved_at":"2026-09-06T12:43:12.245Z","confidence":"openstreetmap_mapped_unverified","field_verified":false,"layer":"osm_waterway","waterway_type":"river","navigability":"unknown"}},{"type":"Feature","geometry":{"type":"LineString","coordinates":[[3.2438673,6.4260075],[3.2375052,6.4300345],[3.2338463,6.4300507],[3.2302568,6.4329483],[3.2274818,6.4358611],[3.2262302,6.4360159],[3.2247167,6.4364376],[3.2185561,6.4364316],[3.2148199,6.4348177],[3.205079,6.4343006],[3.2013225,6.4343168],[3.1973709,6.4370154],[3.1948015,6.4370315],[3.1908174,6.43485],[3.1878414,6.4340582],[3.1859876,6.4343168],[3.1730431,6.4412814],[3.1710267,6.4414592],[3.1676767,6.4408451],[3.1651724,6.4388252]]},"properties":{"osm_id":"way/374635604","name":"Unnamed (OSM way/374635604)","named":false,"source":"OpenStreetMap contributors","source_tags":{"waterway":"river"},"retrieved_at":"2026-09-06T12:43:12.245Z","confidence":"openstreetmap_mapped_unverified","field_verified":false,"layer":"osm_waterway","waterway_type":"river","navigability":"unknown"}},{"type":"Feature","geometry":{"type":"LineString","coordinates":[[3.2124738,6.4472196],[3.2123057,6.4477303],[3.212357,6.4481928],[3.2124884,6.4484326],[3.2126332,6.4485792],[3.2129672,6.4487378],[3.2130423,6.4487611],[3.2130946,6.4487638],[3.2131576,6.4487485],[3.2131925,6.4487152],[3.2132193,6.4486619],[3.2132743,6.4486085],[3.2133279,6.4485992],[3.2134822,6.4486259],[3.2135653,6.4486812],[3.2136056,6.4487458],[3.2136357,6.4488411],[3.2136619,6.4489024],[3.2136941,6.448935],[3.2138724,6.449023],[3.214319,6.4492335],[3.2147334,6.4494134],[3.2150124,6.4494454],[3.2152645,6.4494454],[3.2160799,6.4494934],[3.2172859,6.4497477],[3.2190294,6.4499253],[3.2212384,6.450201],[3.2225093,6.4500636],[3.2229504,6.4500578],[3.2236934,6.4503033],[3.2241566,6.4504014],[3.2243823,6.4505643],[3.2249653,6.4508129],[3.2258115,6.4507646],[3.2262491,6.4507476],[3.2266615,6.4508209],[3.2273046,6.4509534],[3.2276016,6.450935],[3.2282274,6.450936],[3.2289985,6.450955],[3.2300363,6.450978],[3.2287876,6.450969],[3.2284537,6.4509634],[3.2276383,6.4509372],[3.2273059,6.450969],[3.2266185,6.4508262],[3.2260438,6.4507902],[3.2255195,6.4518364],[3.2257529,6.4520478],[3.2259412,6.4520871],[3.2259865,6.4521391],[3.2262294,6.4523522],[3.2260772,6.4525575],[3.226067,6.4525933],[3.2258631,6.4522923],[3.2257259,6.4521552],[3.2253919,6.4518162],[3.2253227,6.4515255],[3.225015,6.4509039],[3.2245261,6.4507884],[3.2240154,6.4504606],[3.2225374,6.4501],[3.2224478,6.450093],[3.2212474,6.4502393],[3.2180268,6.4498812],[3.2166276,6.4497295],[3.2154092,6.4495832],[3.214886,6.449581],[3.2147881,6.4495757],[3.2146781,6.4495624],[3.2145416,6.44952],[3.2140959,6.4492722],[3.2137894,6.4491416],[3.2132908,6.4489521],[3.2132046,6.4489377],[3.2131268,6.4489404],[3.2130316,6.448971],[3.2128156,6.4490883],[3.2126185,6.4491323],[3.21231,6.4491403],[3.2121236,6.4491949],[3.2113535,6.4494494],[3.2101909,6.4506019],[3.2097206,6.4523327],[3.2092907,6.4518579],[3.2090914,6.4519557],[3.2088032,6.4523136],[3.2087186,6.4526513],[3.2088727,6.4531962],[3.2100348,6.4543047],[3.2105623,6.4546177],[3.2111787,6.4550539],[3.2113352,6.4553657],[3.2111785,6.4557854],[3.2106587,6.4556366],[3.2099748,6.4555143],[3.2095442,6.4552673],[3.2093065,6.4552862],[3.2089278,6.4548775],[3.2083378,6.4545364],[3.2078443,6.4538845],[3.2077509,6.4531977],[3.2072081,6.4526945],[3.2068151,6.4526725],[3.206623,6.4528166],[3.2064366,6.4529607],[3.2061906,6.452951],[3.2060701,6.4528529],[3.2056018,6.4530487],[3.2055852,6.4530544],[3.2055681,6.4530602],[3.205451,6.4531062],[3.2047509,6.4532969],[3.2043095,6.4532186],[3.2040576,6.4536865],[3.2031997,6.4541324],[3.2031689,6.4546277],[3.2026787,6.4545167],[3.202845,6.453497],[3.2031546,6.4535484],[3.2032128,6.4534088],[3.2027007,6.4532276],[3.2025444,6.4533806],[3.2024587,6.4541832],[3.2019963,6.4540839],[3.2017215,6.4539281],[3.2014518,6.4539046],[3.200712,6.4540232],[3.2004821,6.4542652],[3.1998493,6.4548404],[3.1988966,6.4557035],[3.1977758,6.4570214],[3.1969538,6.4571586],[3.1970297,6.456993],[3.1970972,6.456957],[3.1972394,6.4568494],[3.1974616,6.4566934],[3.1980501,6.4561178],[3.1985883,6.4556829],[3.1999075,6.4545959],[3.2000922,6.4541296],[3.2006236,6.453895],[3.2006585,6.4536471],[3.2005512,6.4535485],[3.2004343,6.4535395],[3.2003957,6.4533006],[3.2004278,6.4530741],[3.2007618,6.4530462],[3.2009308,6.4532247],[3.2009737,6.4534459],[3.2009147,6.4535499],[3.2009603,6.4536831],[3.2011373,6.4536831],[3.2015119,6.4535717],[3.2018205,6.4528707],[3.2022789,6.4523365],[3.2022269,6.4520572],[3.2018625,6.451507],[3.2003585,6.4499772],[3.1993652,6.449734],[3.1990056,6.4490347],[3.1988048,6.4485642],[3.1985779,6.448491],[3.1981876,6.4489444],[3.1977405,6.449425],[3.1973199,6.4495296],[3.1969125,6.4494749],[3.1968213,6.4490858],[3.1965316,6.4486007],[3.1960649,6.4485421],[3.1956358,6.4489898],[3.1955553,6.4494749],[3.1952281,6.4497041],[3.1942473,6.4496685],[3.1939336,6.4497909],[3.1925156,6.4498019],[3.1922395,6.4496815],[3.1914763,6.4497581],[3.1911261,6.4497836],[3.1908655,6.4497515],[3.1906546,6.4496406],[3.1902633,6.4493113],[3.189932,6.4489469],[3.1897856,6.4485961],[3.1901524,6.4477424],[3.1899099,6.4473533],[3.1884846,6.4474649],[3.1873369,6.4476166],[3.1867529,6.4476939],[3.1856153,6.4477184],[3.1843708,6.4471853],[3.1832979,6.4468442],[3.1825683,6.4468868],[3.1811951,6.4474412],[3.1796501,6.4477184],[3.1778238,6.4474002],[3.1752781,6.4463046],[3.1731049,6.4461387],[3.1685565,6.4463964],[3.1659619,6.4467151],[3.1648912,6.4476158],[3.163392,6.4497034],[3.1611647,6.452289],[3.1604898,6.4526864],[3.1591044,6.4530488],[3.1576014,6.4532171],[3.1571839,6.453326],[3.1568943,6.4538057],[3.156727,6.4544063],[3.156704,6.4544888],[3.1566689,6.4547184],[3.1565523,6.455137],[3.1558978,6.4550943],[3.1558482,6.4547426],[3.1562773,6.4547745],[3.156638,6.4532273],[3.1564222,6.4531628],[3.1550971,6.4531541],[3.1538955,6.4528343],[3.1530265,6.4521093],[3.152254,6.4517682],[3.1513743,6.4519347],[3.1510471,6.4519627],[3.1506849,6.4520667],[3.1506528,6.4518534],[3.1505214,6.4518654],[3.1505321,6.452092],[3.1502703,6.4520213],[3.1487668,6.4516865],[3.1477935,6.4513366],[3.146895,6.4510712],[3.1458436,6.450818],[3.1453313,6.4506288],[3.1448956,6.450342],[3.1446956,6.450197],[3.1446151,6.4501624],[3.1443228,6.4497759],[3.1440089,6.4497479],[3.1435207,6.4493828],[3.1429845,6.4489405],[3.1421856,6.4485376],[3.1410247,6.4481296],[3.1388871,6.447581],[3.1381402,6.4473647],[3.1363211,6.4473155],[3.1352452,6.4472803],[3.1345302,6.4474773],[3.133971,6.4477234],[3.1334031,6.4480168],[3.1323524,6.4486691],[3.1305013,6.4496567],[3.1299831,6.4500112],[3.1294129,6.4505427],[3.1288467,6.450896],[3.1282804,6.4511685],[3.1277145,6.4514979],[3.1273486,6.451951],[3.1270574,6.4525117],[3.1267638,6.4530492],[3.1260059,6.453928],[3.1255124,6.454419],[3.1240211,6.4548001],[3.1215969,6.4543673],[3.1216929,6.4536866],[3.1224976,6.4536672],[3.1243001,6.4538271],[3.1252656,6.4535925],[3.1261883,6.4518761],[3.1269715,6.4510019],[3.1286345,6.4500105],[3.1298147,6.449019],[3.1316171,6.4480382],[3.1332801,6.4472386],[3.1345354,6.4467162],[3.1356417,6.4465011],[3.1381417,6.4465927],[3.1383313,6.4466848],[3.1390589,6.4468161],[3.1397777,6.4469237],[3.1432808,6.4478656],[3.1453902,6.4497224],[3.1462871,6.4500945],[3.1503026,6.4511151],[3.152521,6.4507834],[3.154946,6.4521279],[3.1563617,6.4520857],[3.1600707,6.4520717],[3.1609768,6.4515512],[3.1631711,6.4478796],[3.1639753,6.4469401],[3.1653937,6.4459946],[3.1676832,6.445713],[3.1683847,6.4455972],[3.168493,6.4452527],[3.1686303,6.4448514],[3.1687545,6.4445877],[3.1689978,6.4444186],[3.1693795,6.4443533],[3.1697135,6.444359],[3.1697581,6.4445467],[3.1698976,6.4448399],[3.1703375,6.4450318],[3.1707774,6.4449785],[3.1712173,6.4444028],[3.1722043,6.4443175],[3.1724082,6.4441469],[3.1729982,6.444051],[3.1737707,6.4436139],[3.1741462,6.4440083],[3.174275,6.4444028],[3.1739531,6.4450211],[3.1741851,6.4451084],[3.1755302,6.4454369],[3.1778092,6.446501],[3.1785343,6.4465137],[3.1789527,6.4461405],[3.1794355,6.445906],[3.1795857,6.4463964],[3.18009,6.4463751],[3.1810449,6.4458634],[3.1816881,6.4459524],[3.1823538,6.4459806],[3.1826113,6.4456715],[3.1824825,6.4442855],[3.1829331,6.4436245],[3.1838987,6.4429636],[3.1872235,6.4405506],[3.1840948,6.4383982],[3.1823818,6.4390594],[3.1794655,6.4390735],[3.1756007,6.4410148],[3.1742426,6.4416558],[3.1731694,6.441903],[3.1720282,6.4421218],[3.1709808,6.4421087],[3.1693747,6.442121],[3.1671686,6.4413051],[3.1651662,6.4400637],[3.1637071,6.438987],[3.1622792,6.4382857],[3.1603489,6.4379741],[3.1591187,6.4379183],[3.1576667,6.4381874],[3.1560145,6.4381767],[3.1545125,6.4388803],[3.1529782,6.4393267],[3.1512228,6.4390031],[3.1486604,6.4402411],[3.1472423,6.4403551],[3.145583,6.4404886],[3.1438406,6.4400679],[3.1418677,6.4389413],[3.1396057,6.4366328],[3.1369055,6.434925],[3.1347569,6.4341593],[3.133714,6.4342585],[3.1327623,6.4346281],[3.1309502,6.4380887],[3.1298035,6.4393408],[3.1280056,6.4395518],[3.1270573,6.4395338]]},"properties":{"osm_id":"way/374638307","name":"Unnamed (OSM way/374638307)","named":false,"source":"OpenStreetMap contributors","source_tags":{"waterway":"stream"},"retrieved_at":"2026-09-06T12:43:12.245Z","confidence":"openstreetmap_mapped_unverified","field_verified":false,"layer":"osm_waterway","waterway_type":"stream","navigability":"unknown"}},{"type":"Feature","geometry":{"type":"LineString","coordinates":[[3.3688943,6.4079537],[3.3509343,6.4075273],[3.3478444,6.4113655],[3.3335199,6.4161931]]},"properties":{"osm_id":"way/374755538","name":"Unnamed (OSM way/374755538)","named":false,"source":"OpenStreetMap contributors","source_tags":{"waterway":"river"},"retrieved_at":"2026-09-06T12:43:12.245Z","confidence":"openstreetmap_mapped_unverified","field_verified":false,"layer":"osm_waterway","waterway_type":"river","navigability":"unknown"}},{"type":"Feature","geometry":{"type":"LineString","coordinates":[[3.3620168,6.4138522],[3.3478444,6.4113655]]},"properties":{"osm_id":"way/374760562","name":"Unnamed (OSM way/374760562)","named":false,"source":"OpenStreetMap contributors","source_tags":{"waterway":"river"},"retrieved_at":"2026-09-06T12:43:12.245Z","confidence":"openstreetmap_mapped_unverified","field_verified":false,"layer":"osm_waterway","waterway_type":"river","navigability":"unknown"}},{"type":"Feature","geometry":{"type":"LineString","coordinates":[[3.2185561,6.4364316],[3.2161509,6.4387982],[3.2107034,6.4465104],[3.2074199,6.4499212],[3.2058965,6.4511296],[3.2040388,6.4512841],[3.2020898,6.4509018],[3.2005331,6.4496643],[3.1995798,6.4495551],[3.1992599,6.4492507],[3.1990606,6.4486185],[3.1988579,6.4483349],[3.198644,6.4482939],[3.198418,6.4483759],[3.1981663,6.4487098],[3.19768,6.4490481],[3.1974135,6.4491278],[3.1971947,6.4491088],[3.196998,6.4489055],[3.1967478,6.4485074],[3.1962563,6.4481817],[3.1958299,6.4483645],[3.1955418,6.4487264],[3.1953501,6.4493028],[3.1951026,6.4494404],[3.194391,6.4492632],[3.1918336,6.4493095],[3.1910766,6.4494367],[3.1907633,6.4493306],[3.1904974,6.4491654],[3.1902363,6.4488625],[3.1901099,6.4485438],[3.1902382,6.4481339],[3.1902631,6.4473197],[3.1900869,6.4471127],[3.1898243,6.4469431],[3.1895209,6.446899],[3.1891505,6.4469289],[3.188109,6.4472069],[3.1867018,6.447307],[3.1861985,6.447286],[3.1856664,6.4471751],[3.1835176,6.4462824],[3.1831771,6.4462338],[3.1828233,6.4462594],[3.1821946,6.4463869],[3.1808156,6.4467787],[3.1793476,6.4469226],[3.1785235,6.4469453],[3.1777481,6.4468692],[3.1770694,6.4466235],[3.1762497,6.4462751],[3.1750553,6.4457839],[3.1741867,6.4455877],[3.1733113,6.4456162],[3.1691658,6.4458427],[3.1664874,6.4461965],[3.1655965,6.4464129],[3.1650395,6.4466753],[3.164585,6.4470244],[3.1630978,6.4490889],[3.1617488,6.4511556],[3.1612452,6.4517539],[3.1606997,6.4521699],[3.1600675,6.4524499],[3.158561,6.4525553],[3.1570671,6.4525723],[3.1560589,6.4525837],[3.1550773,6.4525327],[3.1541885,6.4522565],[3.1531179,6.4516153],[3.1524782,6.451407],[3.1517421,6.4514024],[3.1501867,6.4516145],[3.1451377,6.4499631],[3.1431207,6.4482574],[3.1382133,6.4469023],[3.1359817,6.446945],[3.1339582,6.4473192],[3.1306538,6.4491102],[3.1275488,6.4511667]]},"properties":{"osm_id":"way/374772272","name":"Unnamed (OSM way/374772272)","named":false,"source":"OpenStreetMap contributors","source_tags":{"waterway":"river"},"retrieved_at":"2026-09-06T12:43:12.245Z","confidence":"openstreetmap_mapped_unverified","field_verified":false,"layer":"osm_waterway","waterway_type":"river","navigability":"unknown"}},{"type":"Feature","geometry":{"type":"LineString","coordinates":[[3.0916536,6.4667099],[3.0922544,6.4652281],[3.0932956,6.4621594],[3.0932742,6.4602405],[3.0938321,6.4584389],[3.095023,6.4566159],[3.0972975,6.4546223],[3.0977803,6.454473],[3.0982303,6.4545141],[3.0989283,6.4548142],[3.0993569,6.455303],[3.1001186,6.4574991],[3.1006551,6.4578616],[3.1016421,6.4577336],[3.105684,6.4572051],[3.107024,6.4571657],[3.1077259,6.4570636],[3.1088015,6.455934],[3.1093341,6.4553974],[3.1099018,6.4549864],[3.1107192,6.4547396],[3.1133687,6.4550365],[3.1153005,6.4549741],[3.1165445,6.4547913],[3.1181114,6.453972],[3.1197846,6.4537678],[3.1239795,6.4542262],[3.1253641,6.4540146],[3.1259542,6.4534603],[3.1275488,6.4511667]]},"properties":{"osm_id":"way/374865466","name":"Unnamed (OSM way/374865466)","named":false,"source":"OpenStreetMap contributors","source_tags":{"waterway":"river"},"retrieved_at":"2026-09-06T12:43:12.245Z","confidence":"openstreetmap_mapped_unverified","field_verified":false,"layer":"osm_waterway","waterway_type":"river","navigability":"unknown"}},{"type":"Feature","geometry":{"type":"LineString","coordinates":[[3.8950525,6.696544],[3.8939227,6.6958503],[3.8941587,6.6943372],[3.8947381,6.6939323],[3.8950385,6.693229],[3.8950814,6.6910126],[3.895296,6.6908208],[3.896326,6.6903945],[3.8972916,6.6888601],[3.8981928,6.6888601],[3.8985576,6.6879224],[3.8988794,6.6875814],[3.8995446,6.6875601],[3.9008321,6.687965],[3.9015187,6.6870912],[3.9016829,6.6861653],[3.901361,6.6849718],[3.8998021,6.6825092],[3.9002742,6.6816141],[3.9007892,6.6811879],[3.9005531,6.6805698],[3.8994588,6.6796321],[3.8982572,6.6789927],[3.8976274,6.6784077],[3.8972057,6.6775435],[3.8971414,6.676691],[3.8977422,6.6764353],[3.8979922,6.6758076],[3.8980426,6.6753484],[3.8980211,6.6747516],[3.8979782,6.6744106],[3.8977561,6.6744223],[3.8976134,6.6742614],[3.8969622,6.6742518],[3.8965835,6.6741336],[3.896562,6.6734729],[3.8970341,6.6728975],[3.8970126,6.6721515],[3.8972057,6.6717253],[3.8973989,6.6717466],[3.897828,6.671704],[3.8984642,6.6715452],[3.8992013,6.67034],[3.8987721,6.6700416],[3.8987078,6.6695514],[3.8985361,6.6693809],[3.8984932,6.6684645],[3.8984503,6.6673775],[3.8990726,6.6660348],[3.8995446,6.6653955],[3.8996444,6.6650022],[3.8994513,6.6646612],[3.8994588,6.664202],[3.9001025,6.663456],[3.8998879,6.6630724],[3.9000381,6.6628166],[3.9000596,6.6623051],[3.8997592,6.6621133],[3.9000521,6.6610594],[3.8998804,6.6605692],[3.9000167,6.660046],[3.8998375,6.6597593],[3.899845,6.6592148],[3.8996444,6.6590347],[3.8994727,6.6586084],[3.8995586,6.6583313],[3.8993515,6.6576376],[3.8994084,6.6573723],[3.8993086,6.6571261],[3.8993944,6.6564014],[3.8990296,6.6560604],[3.8989009,6.6553145],[3.8989223,6.6545472],[3.8986863,6.6534816],[3.8989223,6.6528208],[3.8992657,6.6525651],[3.8993515,6.6516273],[3.8996659,6.6508504],[3.8992013,6.6493468],[3.8992367,6.6490175],[3.899065,6.6485273],[3.8988365,6.6482598],[3.8990221,6.6478026],[3.8989009,6.6469384],[3.8984288,6.6465974],[3.8983215,6.6463629],[3.8984717,6.6460219],[3.8981713,6.6458727],[3.8981928,6.6455317],[3.8984074,6.6450841],[3.8984213,6.6443285],[3.8982572,6.644125],[3.8982142,6.6438053],[3.8976134,6.6427822],[3.8971414,6.6424412],[3.8969193,6.6418775],[3.8966478,6.6417379],[3.8965545,6.6413233],[3.8958324,6.6400115],[3.8957681,6.6396065],[3.8958464,6.6392133],[3.8957895,6.638008],[3.8959816,6.6375966],[3.8961532,6.6373248],[3.8965395,6.6356197],[3.8965824,6.6337441],[3.8962112,6.6333732],[3.8963678,6.6324653],[3.896797,6.632039],[3.8964966,6.6316553],[3.8964536,6.6282024],[3.896812,6.6271069],[3.8997731,6.6224603],[3.9005885,6.6220341],[3.9024189,6.6213392],[3.9032772,6.6194635],[3.9047084,6.61905],[3.9049509,6.6185257],[3.9055946,6.6183125],[3.905895,6.6174173],[3.9061321,6.6148617]]},"properties":{"osm_id":"way/378310650","name":"Unnamed (OSM way/378310650)","named":false,"source":"OpenStreetMap contributors","source_tags":{"waterway":"stream"},"retrieved_at":"2026-09-06T12:43:12.245Z","confidence":"openstreetmap_mapped_unverified","field_verified":false,"layer":"osm_waterway","waterway_type":"stream","navigability":"unknown"}},{"type":"Feature","geometry":{"type":"LineString","coordinates":[[3.2750937,6.6169127],[3.2748052,6.617045],[3.274181,6.6176163],[3.2737868,6.6178361],[3.2724047,6.6181032],[3.2719723,6.6183277],[3.2710186,6.6190444],[3.2700909,6.6195016],[3.2694243,6.6196889],[3.2686439,6.619524],[3.2680089,6.6193971],[3.2672577,6.6194086],[3.2660999,6.6194586],[3.2657437,6.6194319],[3.2650717,6.6195155],[3.2646609,6.6194421],[3.2641603,6.6192253],[3.2636426,6.6189711],[3.2630236,6.618665],[3.2626782,6.6186354],[3.2623401,6.6187218],[3.2619723,6.6187317],[3.2614922,6.6186509],[3.2607448,6.6184625],[3.2600711,6.6184355],[3.2586304,6.6180741],[3.2574691,6.6178547],[3.2570586,6.6177932],[3.2564855,6.6177086],[3.2555214,6.6177201],[3.2541662,6.6177317],[3.252354,6.6177163],[3.2507394,6.617724],[3.2498217,6.617574],[3.248966,6.6172163],[3.2482305,6.6167197],[3.247559,6.616687],[3.2465837,6.6169991],[3.245959,6.6170406],[3.2439067,6.6165201],[3.2420227,6.6159934],[3.2411164,6.6160869],[3.2405438,6.6162198],[3.2400656,6.6161192],[3.2387787,6.6161589],[3.2380417,6.615453],[3.2368506,6.6138612],[3.2353994,6.6125176],[3.2340195,6.6111197],[3.2320043,6.6092376],[3.2309037,6.6078777],[3.2305204,6.6071923],[3.2298797,6.6057508],[3.2289871,6.604565],[3.2287626,6.6033411],[3.2281164,6.6024163],[3.2269117,6.6015949],[3.2255756,6.6003656],[3.2243873,6.5996693],[3.223199,6.5992396],[3.2214905,6.5989241],[3.2197546,6.5982332],[3.2187087,6.5973955],[3.2180242,6.5968352],[3.2169345,6.5961226],[3.2155874,6.5951761],[3.2146237,6.5943112],[3.2143225,6.5930927],[3.2135285,6.5925106],[3.2131342,6.5923475],[3.2115626,6.5915859],[3.2098815,6.5904816],[3.2075159,6.5886158],[3.207379,6.587283],[3.2058183,6.5850908],[3.2039018,6.5830019],[3.2029654,6.5817018],[3.2021768,6.5806573],[3.2009913,6.5789531],[3.199698,6.5783069],[3.1969334,6.5773068],[3.1948037,6.5759451],[3.1933091,6.5749988]]},"properties":{"osm_id":"way/387656252","name":"Unnamed (OSM way/387656252)","named":false,"source":"OpenStreetMap contributors","source_tags":{"waterway":"river"},"retrieved_at":"2026-09-06T12:43:12.245Z","confidence":"openstreetmap_mapped_unverified","field_verified":false,"layer":"osm_waterway","waterway_type":"river","navigability":"unknown"}},{"type":"Feature","geometry":{"type":"LineString","coordinates":[[3.1801246,6.5819907],[3.1824556,6.5810906],[3.1851583,6.5808752],[3.1862283,6.5810441],[3.1867862,6.5807297],[3.1873809,6.5807059],[3.1876284,6.5807564],[3.1878859,6.5807457],[3.1883794,6.5805645],[3.1888783,6.5802661],[3.1890714,6.5801648],[3.1891143,6.579957],[3.1892985,6.5797737],[3.1914001,6.5776286],[3.1933091,6.5749988],[3.1951638,6.5709894],[3.1990746,6.5678428],[3.2007706,6.5658502],[3.2014047,6.5641509],[3.2014423,6.5637329],[3.2014597,6.5635128],[3.2013794,6.563314],[3.201246,6.5632128],[3.2013617,6.5618622],[3.2014287,6.5610547],[3.2018915,6.5600515],[3.202761,6.5587279],[3.2027891,6.5578083],[3.2031397,6.5568051],[3.2036727,6.555983],[3.2038927,6.5557605],[3.2039174,6.5549976],[3.2038307,6.554247],[3.2036326,6.5538655],[3.2034715,6.5537671],[3.2033972,6.5531887],[3.2033817,6.5530602],[3.2033229,6.5525735],[3.2032981,6.5517859],[3.2033725,6.5514291],[3.2033544,6.551364],[3.2032734,6.5510722],[3.2031,6.5505185],[3.2032114,6.5498787],[3.2029885,6.5485005],[3.2026417,6.5477991],[3.2023874,6.5473636],[3.2023379,6.5469083],[3.2024618,6.5464161],[3.2027095,6.5461085],[3.2028333,6.54601],[3.2031058,6.5460715],[3.2034526,6.546293],[3.203626,6.5462684],[3.2043816,6.5459731],[3.2050257,6.5456655],[3.2050752,6.5453701],[3.2048275,6.5447549],[3.2048275,6.5443242],[3.2049637,6.5437458],[3.2048522,6.5430937],[3.2044931,6.5419862],[3.2042577,6.5414817],[3.2042206,6.541174],[3.2044683,6.5406449],[3.2045178,6.5397343],[3.2044891,6.5395978],[3.2044064,6.5392052],[3.2042082,6.5383807],[3.2040843,6.5379623],[3.2040348,6.5374455],[3.204171,6.5369041],[3.2040719,6.5363749],[3.20401,6.5359442],[3.204171,6.5355382],[3.2044807,6.5355382],[3.2047779,6.5347506],[3.2049513,6.5345045],[3.2048399,6.5338646],[3.204555,6.5336554],[3.2046169,6.5333478],[3.2047284,6.5330524],[3.2046417,6.532794],[3.2041322,6.5323316],[3.2036508,6.5320434],[3.2031678,6.5319695],[3.2027219,6.5321541],[3.201892,6.5327202],[3.20157,6.5328063],[3.2013222,6.5324249],[3.201025,6.5323633],[3.200641,6.532511],[3.20048,6.5322157],[3.2002694,6.5317973],[3.19939,6.5314281],[3.1985849,6.5312558],[3.1981267,6.5314158],[3.1981143,6.5316865],[3.1978913,6.5318219],[3.197656,6.532191],[3.1969995,6.5323018],[3.196628,6.5319942],[3.1954761,6.5316004],[3.1949311,6.5315389],[3.1945843,6.5316127],[3.1938535,6.5313912],[3.1934324,6.5309851],[3.1925901,6.5302837],[3.1920575,6.5298776],[3.1917974,6.5300007],[3.1913639,6.5297053],[3.1907322,6.5297176],[3.1905712,6.5294838],[3.1904969,6.528967],[3.1905217,6.5282656],[3.1902987,6.5280441],[3.1896299,6.5272196],[3.1886266,6.5259398],[3.1885275,6.5255337],[3.1881559,6.5251768],[3.1879454,6.5246108],[3.187772,6.5241677],[3.1874029,6.5238782],[3.1871365,6.5237667],[3.1870958,6.5234934],[3.186994,6.5231926]]},"properties":{"osm_id":"way/387656253","name":"Unnamed (OSM way/387656253)","named":false,"source":"OpenStreetMap contributors","source_tags":{"waterway":"river"},"retrieved_at":"2026-09-06T12:43:12.245Z","confidence":"openstreetmap_mapped_unverified","field_verified":false,"layer":"osm_waterway","waterway_type":"river","navigability":"unknown"}},{"type":"Feature","geometry":{"type":"LineString","coordinates":[[2.7098424,6.4308308],[2.7067585,6.4375422],[2.7066164,6.439842],[2.7064329,6.4411007],[2.7066815,6.4416654],[2.7070603,6.4434535],[2.7067644,6.4445887],[2.7068295,6.4449769],[2.7065454,6.4468415]]},"properties":{"osm_id":"way/388609488","name":"Unnamed (OSM way/388609488)","named":false,"source":"OpenStreetMap contributors","source_tags":{"waterway":"ditch"},"retrieved_at":"2026-09-06T12:43:12.245Z","confidence":"openstreetmap_mapped_unverified","field_verified":false,"layer":"osm_waterway","waterway_type":"ditch","navigability":"unknown"}},{"type":"Feature","geometry":{"type":"LineString","coordinates":[[2.708377,6.4446249],[2.7078831,6.4447872],[2.7068295,6.4449769]]},"properties":{"osm_id":"way/388609489","name":"Unnamed (OSM way/388609489)","named":false,"source":"OpenStreetMap contributors","source_tags":{"waterway":"ditch"},"retrieved_at":"2026-09-06T12:43:12.245Z","confidence":"openstreetmap_mapped_unverified","field_verified":false,"layer":"osm_waterway","waterway_type":"ditch","navigability":"unknown"}},{"type":"Feature","geometry":{"type":"LineString","coordinates":[[2.7074604,6.4434063],[2.7070603,6.4434535]]},"properties":{"osm_id":"way/388609490","name":"Unnamed (OSM way/388609490)","named":false,"source":"OpenStreetMap contributors","source_tags":{"waterway":"ditch"},"retrieved_at":"2026-09-06T12:43:12.245Z","confidence":"openstreetmap_mapped_unverified","field_verified":false,"layer":"osm_waterway","waterway_type":"ditch","navigability":"unknown"}},{"type":"Feature","geometry":{"type":"LineString","coordinates":[[2.707231,6.4294973],[2.7069926,6.4301021],[2.7068424,6.4305019],[2.7066332,6.4313442],[2.7060961,6.4331066],[2.70602,6.4337715],[2.7060798,6.4355178],[2.7056228,6.4385021],[2.7058948,6.4407186],[2.7055412,6.4429406],[2.7039961,6.4440489],[2.7039852,6.4444868],[2.7038492,6.4447733],[2.703452,6.4449301],[2.703302,6.4450817]]},"properties":{"osm_id":"way/388610508","name":"Unnamed (OSM way/388610508)","named":false,"source":"OpenStreetMap contributors","source_tags":{"waterway":"ditch"},"retrieved_at":"2026-09-06T12:43:12.245Z","confidence":"openstreetmap_mapped_unverified","field_verified":false,"layer":"osm_waterway","waterway_type":"ditch","navigability":"unknown"}},{"type":"Feature","geometry":{"type":"LineString","coordinates":[[3.394889,6.5010481],[3.3948132,6.5009668],[3.3944558,6.5006536],[3.3944065,6.5005893],[3.3943499,6.500575],[3.3940675,6.50026],[3.393657,6.4999598],[3.3933597,6.4995525],[3.3932609,6.4994282],[3.3932627,6.4993692],[3.3932643,6.4993167],[3.3934112,6.4988905],[3.3934655,6.4987004],[3.3935567,6.4984614],[3.3938333,6.4982697],[3.3939904,6.4981964],[3.3940646,6.4981644],[3.3941402,6.4981318],[3.3941662,6.4981206],[3.3944383,6.4980876],[3.3945509,6.498074],[3.3946637,6.4980739],[3.3947378,6.4980651],[3.3952739,6.4980673],[3.3954898,6.4980868],[3.3957138,6.4981472],[3.3959861,6.4980686]]},"properties":{"osm_id":"way/407972989","name":"Unnamed (OSM way/407972989)","named":false,"source":"OpenStreetMap contributors","source_tags":{"boat":"yes","waterway":"canal"},"retrieved_at":"2026-09-06T12:43:12.245Z","confidence":"openstreetmap_mapped_unverified","field_verified":false,"layer":"osm_waterway","waterway_type":"canal","navigability":"unknown"}},{"type":"Feature","geometry":{"type":"LineString","coordinates":[[3.3956096,6.5061065],[3.3956712,6.5059812],[3.3956096,6.5058853],[3.3956525,6.505768],[3.3955747,6.5056401],[3.3954728,6.5055655],[3.3954996,6.5054642],[3.3956015,6.5053789],[3.3956659,6.5051524],[3.39569,6.5050751],[3.3956712,6.5048966],[3.3957168,6.5047607],[3.395682,6.5046407],[3.3957276,6.5046061],[3.3957463,6.5045661],[3.3956927,6.5044942],[3.3956525,6.5043902],[3.3956256,6.5042943],[3.3956391,6.504217],[3.3956256,6.5041131],[3.39569,6.5039505],[3.3957624,6.5038919],[3.3957437,6.5038039],[3.3956471,6.5037426],[3.3956122,6.5036867],[3.3956444,6.5035774],[3.3956176,6.5034841],[3.3957008,6.5032523],[3.3956605,6.5030844],[3.3957168,6.5029698],[3.3957101,6.5029112],[3.3957557,6.5028219],[3.3958094,6.5028072],[3.3958389,6.5027926],[3.395851,6.5027126],[3.395918,6.5026474],[3.3959502,6.5025088],[3.3960628,6.5023276],[3.3960494,6.502181],[3.3960803,6.5019291],[3.3960186,6.5018225],[3.3958818,6.5017306],[3.3958764,6.5016607]]},"properties":{"osm_id":"way/407972990","name":"Unnamed (OSM way/407972990)","named":false,"source":"OpenStreetMap contributors","source_tags":{"waterway":"stream"},"retrieved_at":"2026-09-06T12:43:12.245Z","confidence":"openstreetmap_mapped_unverified","field_verified":false,"layer":"osm_waterway","waterway_type":"stream","navigability":"unknown"}},{"type":"Feature","geometry":{"type":"LineString","coordinates":[[3.385898,6.4955496],[3.3861541,6.4952963],[3.386453,6.4951124],[3.3872299,6.4946071],[3.3878263,6.4943342],[3.3882731,6.4940923],[3.3887269,6.4938276],[3.3888713,6.4938064],[3.38886,6.4937482],[3.3889714,6.4936681],[3.3891441,6.493578],[3.3895034,6.4933037],[3.3895927,6.4932626],[3.3897114,6.4932453],[3.3898307,6.493246],[3.3900366,6.4929891],[3.3901251,6.4928802],[3.3902659,6.4928829],[3.3905227,6.4929315],[3.3907078,6.4930248],[3.3907633,6.4930264],[3.3907849,6.4930201],[3.3908473,6.4929701],[3.3908701,6.4928975],[3.3909465,6.4928795],[3.391025,6.4928882],[3.3910424,6.4929921],[3.3911759,6.4930201],[3.39131,6.4929708],[3.3913636,6.4928522],[3.3914085,6.4927949],[3.3914119,6.4927609],[3.3913864,6.492729],[3.3913951,6.4926937],[3.3914461,6.4926477],[3.3914783,6.4925764],[3.3915266,6.4925084],[3.3915675,6.4924718],[3.3915789,6.4923572],[3.3916473,6.4922673],[3.3917217,6.4922173],[3.3917901,6.4922233],[3.3919054,6.4921273]]},"properties":{"osm_id":"way/407972991","name":"Unnamed (OSM way/407972991)","named":false,"source":"OpenStreetMap contributors","source_tags":{"boat":"yes","waterway":"canal"},"retrieved_at":"2026-09-06T12:43:12.245Z","confidence":"openstreetmap_mapped_unverified","field_verified":false,"layer":"osm_waterway","waterway_type":"canal","navigability":"unknown"}},{"type":"Feature","geometry":{"type":"LineString","coordinates":[[3.3914869,6.4984914],[3.3914786,6.4984572],[3.3914812,6.4983658],[3.3915072,6.4982715],[3.3915489,6.4981731],[3.3917562,6.4980399],[3.3917452,6.4980151],[3.3917452,6.4979703],[3.3917787,6.4979297],[3.3918059,6.4978439],[3.3918636,6.4977848],[3.3918876,6.4977747],[3.3920168,6.4976056],[3.3921258,6.497425],[3.3921231,6.4973564],[3.3921792,6.4973019],[3.3922002,6.4971608],[3.3922281,6.497093],[3.3922895,6.4969335],[3.392325,6.4968606],[3.392322,6.4968317],[3.39242,6.4967441],[3.3925984,6.4965601],[3.3927551,6.4964047],[3.3928707,6.4962978],[3.3929121,6.4962318],[3.3930054,6.4961555],[3.3930893,6.496044],[3.3932171,6.4959026],[3.3932759,6.4958186],[3.3933354,6.495766],[3.3936524,6.4955202],[3.393818,6.4953909],[3.3938341,6.4953593],[3.3938925,6.495309],[3.3941987,6.4950602],[3.3945285,6.4948631]]},"properties":{"osm_id":"way/407972992","name":"Unnamed (OSM way/407972992)","named":false,"source":"OpenStreetMap contributors","source_tags":{"boat":"yes","waterway":"canal"},"retrieved_at":"2026-09-06T12:43:12.245Z","confidence":"openstreetmap_mapped_unverified","field_verified":false,"layer":"osm_waterway","waterway_type":"canal","navigability":"unknown"}},{"type":"Feature","geometry":{"type":"LineString","coordinates":[[3.391399,6.4990679],[3.3915138,6.499037],[3.3916368,6.499166],[3.3921237,6.498971],[3.3923953,6.498871],[3.3926656,6.4987714],[3.3927705,6.498665],[3.3928478,6.4986079],[3.3930341,6.4985495],[3.3934357,6.4984808],[3.3935567,6.4984614]]},"properties":{"osm_id":"way/407972994","name":"Unnamed (OSM way/407972994)","named":false,"source":"OpenStreetMap contributors","source_tags":{"boat":"yes","waterway":"canal"},"retrieved_at":"2026-09-06T12:43:12.245Z","confidence":"openstreetmap_mapped_unverified","field_verified":false,"layer":"osm_waterway","waterway_type":"canal","navigability":"unknown"}},{"type":"Feature","geometry":{"type":"LineString","coordinates":[[3.3888713,6.4938064],[3.3890524,6.4939912],[3.3890999,6.4940553],[3.3891651,6.494147],[3.3892046,6.49418],[3.3892443,6.4942022],[3.3892501,6.4942142],[3.3892584,6.4942157],[3.3892758,6.4943274],[3.3893308,6.4944538],[3.3893871,6.4945062],[3.3894338,6.494544],[3.3895002,6.4946352],[3.3896073,6.4946387],[3.3896795,6.4946283],[3.3898983,6.4947772],[3.3899384,6.4947775],[3.3899433,6.4947798],[3.390216,6.4949234],[3.3903201,6.4949873],[3.3903486,6.4949976],[3.3903725,6.4950041],[3.3905275,6.4950019],[3.3906384,6.4950659],[3.3907139,6.4950645],[3.3908056,6.495085],[3.390819,6.4950894],[3.3910176,6.4951543],[3.391258,6.4952224],[3.3913854,6.495287],[3.3915312,6.4952452],[3.3916731,6.4953107],[3.3917138,6.4953223],[3.3918937,6.4954163],[3.3920349,6.4954861],[3.3920655,6.4955012],[3.3922689,6.4956074],[3.3923159,6.4956271],[3.3925058,6.4957339],[3.3926685,6.4958327],[3.3927011,6.4958599],[3.3928972,6.4959871],[3.3930202,6.4960359],[3.3930893,6.496044],[3.393157,6.4960614],[3.3933044,6.4961681],[3.3934278,6.4963002],[3.3934855,6.4963214],[3.3935513,6.4963456],[3.3935991,6.496355],[3.3937558,6.4965589],[3.3938155,6.4966411],[3.393866,6.4967149],[3.3938942,6.4967509],[3.3939035,6.49677],[3.3939674,6.4969104],[3.3939827,6.4969773],[3.3940228,6.4970225],[3.394071,6.4970952],[3.3941092,6.4971512],[3.3941805,6.4971734],[3.3942744,6.4973445],[3.3942718,6.4973698],[3.3943017,6.4974397],[3.3942167,6.4975004],[3.3942531,6.4975331],[3.3945176,6.4974837],[3.3945322,6.497594],[3.3944157,6.4976542],[3.3944545,6.4977568],[3.3946586,6.4977835],[3.3947013,6.4980047],[3.3947378,6.4980651]]},"properties":{"osm_id":"way/407982601","name":"Unnamed (OSM way/407982601)","named":false,"source":"OpenStreetMap contributors","source_tags":{"boat":"yes","waterway":"canal"},"retrieved_at":"2026-09-06T12:43:12.245Z","confidence":"openstreetmap_mapped_unverified","field_verified":false,"layer":"osm_waterway","waterway_type":"canal","navigability":"unknown"}},{"type":"Feature","geometry":{"type":"LineString","coordinates":[[3.3392145,6.4263966],[3.3375517,6.4255183],[3.3377094,6.4252234],[3.3393704,6.4261006],[3.3392145,6.4263966]]},"properties":{"osm_id":"way/434338065","name":"Unnamed (OSM way/434338065)","named":false,"source":"OpenStreetMap contributors","source_tags":{"dock":"drydock","waterway":"dock"},"retrieved_at":"2026-09-06T12:43:12.245Z","confidence":"openstreetmap_mapped_unverified","field_verified":false,"layer":"osm_waterway","waterway_type":"dock","navigability":"unknown"}},{"type":"Feature","geometry":{"type":"LineString","coordinates":[[3.3390752,6.4266596],[3.3400364,6.427163],[3.3401463,6.4269558],[3.3391851,6.4264524],[3.3390752,6.4266596]]},"properties":{"osm_id":"way/434338066","name":"Unnamed (OSM way/434338066)","named":false,"source":"OpenStreetMap contributors","source_tags":{"dock":"floating","waterway":"dock"},"retrieved_at":"2026-09-06T12:43:12.245Z","confidence":"openstreetmap_mapped_unverified","field_verified":false,"layer":"osm_waterway","waterway_type":"dock","navigability":"unknown"}},{"type":"Feature","geometry":{"type":"LineString","coordinates":[[3.3567284,6.4297346],[3.3678385,6.4313041],[3.3699936,6.4346321],[3.3786169,6.4357794],[3.3838847,6.4359093],[3.3879762,6.4333952],[3.3944575,6.4325867]]},"properties":{"osm_id":"way/434338067","name":"Badagry Creek","named":true,"source":"OpenStreetMap contributors","source_tags":{"name":"Badagry Creek","waterway":"river"},"retrieved_at":"2026-09-06T12:43:12.245Z","confidence":"openstreetmap_mapped_unverified","field_verified":false,"layer":"osm_waterway","waterway_type":"river","navigability":"unknown"}},{"type":"Feature","geometry":{"type":"LineString","coordinates":[[3.4188461,6.4271627],[3.4187277,6.4273676],[3.4187255,6.4277946]]},"properties":{"osm_id":"way/435779602","name":"Unnamed (OSM way/435779602)","named":false,"source":"OpenStreetMap contributors","source_tags":{"waterway":"drain"},"retrieved_at":"2026-09-06T12:43:12.245Z","confidence":"openstreetmap_mapped_unverified","field_verified":false,"layer":"osm_waterway","waterway_type":"drain","navigability":"unknown"}},{"type":"Feature","geometry":{"type":"LineString","coordinates":[[3.387291,6.493577],[3.3875052,6.4936675],[3.3876787,6.4937492],[3.3878764,6.4938721],[3.3881513,6.4939947],[3.3882731,6.4940923]]},"properties":{"osm_id":"way/438039925","name":"Unnamed (OSM way/438039925)","named":false,"source":"OpenStreetMap contributors","source_tags":{"waterway":"ditch"},"retrieved_at":"2026-09-06T12:43:12.245Z","confidence":"openstreetmap_mapped_unverified","field_verified":false,"layer":"osm_waterway","waterway_type":"ditch","navigability":"unknown"}},{"type":"Feature","geometry":{"type":"LineString","coordinates":[[3.3896795,6.4946283],[3.3897457,6.4945784],[3.3897747,6.494551],[3.3898121,6.4945238],[3.3898568,6.4944912],[3.3899429,6.4944368],[3.3899899,6.494398],[3.3901881,6.4942803],[3.3902584,6.4942034],[3.390325,6.4941245],[3.3904307,6.4940649],[3.3904951,6.4940355],[3.3905233,6.4939948],[3.3907105,6.4938298],[3.3907436,6.4937966],[3.3907973,6.4937553],[3.3909417,6.4936246],[3.3909547,6.4936074],[3.3911168,6.4934102],[3.3912614,6.4932656],[3.3913079,6.4932386],[3.3914951,6.4931161]]},"properties":{"osm_id":"way/438040978","name":"Unnamed (OSM way/438040978)","named":false,"source":"OpenStreetMap contributors","source_tags":{"waterway":"canal"},"retrieved_at":"2026-09-06T12:43:12.245Z","confidence":"openstreetmap_mapped_unverified","field_verified":false,"layer":"osm_waterway","waterway_type":"canal","navigability":"unknown"}},{"type":"Feature","geometry":{"type":"LineString","coordinates":[[3.3905233,6.4939948],[3.3903906,6.4938438],[3.3903082,6.4937647],[3.3902529,6.4937155],[3.3902313,6.4936867],[3.3901637,6.4935848],[3.3900976,6.4935025],[3.3899667,6.4933778],[3.3898307,6.493246]]},"properties":{"osm_id":"way/438040980","name":"Unnamed (OSM way/438040980)","named":false,"source":"OpenStreetMap contributors","source_tags":{"waterway":"canal"},"retrieved_at":"2026-09-06T12:43:12.245Z","confidence":"openstreetmap_mapped_unverified","field_verified":false,"layer":"osm_waterway","waterway_type":"canal","navigability":"unknown"}},{"type":"Feature","geometry":{"type":"LineString","coordinates":[[3.3987021,6.5583097],[3.3987548,6.558223],[3.3987796,6.5580894],[3.398845,6.5579259],[3.3988751,6.5578644],[3.3988804,6.557664],[3.3988893,6.5575462],[3.398845,6.5574936],[3.3988291,6.557402],[3.3988503,6.5573053],[3.3989052,6.5571981],[3.398907,6.5571612],[3.3987725,6.5570522],[3.3989125,6.5567277],[3.3989463,6.5566536]]},"properties":{"osm_id":"way/481605284","name":"Unnamed (OSM way/481605284)","named":false,"source":"OpenStreetMap contributors","source_tags":{"waterway":"stream"},"retrieved_at":"2026-09-06T12:43:12.245Z","confidence":"openstreetmap_mapped_unverified","field_verified":false,"layer":"osm_waterway","waterway_type":"stream","navigability":"unknown"}},{"type":"Feature","geometry":{"type":"LineString","coordinates":[[3.3962518,6.5581003],[3.3965688,6.5582234],[3.3967705,6.5582692],[3.3968714,6.5582721],[3.3969471,6.5582456],[3.3970158,6.5582216],[3.3972542,6.558216],[3.3974205,6.558223],[3.3975433,6.5581924]]},"properties":{"osm_id":"way/481605285","name":"Unnamed (OSM way/481605285)","named":false,"source":"OpenStreetMap contributors","source_tags":{"waterway":"stream"},"retrieved_at":"2026-09-06T12:43:12.245Z","confidence":"openstreetmap_mapped_unverified","field_verified":false,"layer":"osm_waterway","waterway_type":"stream","navigability":"unknown"}},{"type":"Feature","geometry":{"type":"LineString","coordinates":[[3.7924772,6.6616904],[3.7930137,6.6583549],[3.7932926,6.6568737],[3.7934133,6.6561224],[3.7935233,6.6553205],[3.7934133,6.654729],[3.793233,6.6539338]]},"properties":{"osm_id":"way/493135713","name":"Unnamed (OSM way/493135713)","named":false,"source":"OpenStreetMap contributors","source_tags":{"waterway":"ditch"},"retrieved_at":"2026-09-06T12:43:12.245Z","confidence":"openstreetmap_mapped_unverified","field_verified":false,"layer":"osm_waterway","waterway_type":"ditch","navigability":"unknown"}},{"type":"Feature","geometry":{"type":"LineString","coordinates":[[3.3914449,6.4985259],[3.3914869,6.4984914],[3.3916015,6.4984345],[3.3917447,6.4983668],[3.3919683,6.4982093],[3.3920483,6.4981668],[3.392089,6.4981405],[3.3921137,6.4981214],[3.3921711,6.4980769],[3.3922873,6.4979832],[3.3923008,6.4979736],[3.3923454,6.497943],[3.3923758,6.4979196],[3.3923982,6.4979029],[3.3924233,6.4978747],[3.3924478,6.4978398],[3.3924651,6.4978126],[3.3924823,6.4977894],[3.3925164,6.4977532],[3.3925558,6.497717],[3.3926094,6.4976757],[3.3926359,6.4976552],[3.3927173,6.4976068],[3.3927725,6.4975797],[3.3928492,6.497518],[3.3929072,6.4975757],[3.3929673,6.4976233],[3.3930119,6.4976528],[3.3930546,6.4976937],[3.3931298,6.4978568],[3.3931885,6.497938]]},"properties":{"osm_id":"way/495302474","name":"Unnamed (OSM way/495302474)","named":false,"source":"OpenStreetMap contributors","source_tags":{"waterway":"canal"},"retrieved_at":"2026-09-06T12:43:12.245Z","confidence":"openstreetmap_mapped_unverified","field_verified":false,"layer":"osm_waterway","waterway_type":"canal","navigability":"unknown"}},{"type":"Feature","geometry":{"type":"LineString","coordinates":[[3.3899998,6.4967221],[3.3901008,6.496665],[3.3902405,6.4966377],[3.3902582,6.4966345],[3.390282,6.4966688],[3.3903259,6.4966385],[3.3903249,6.4966042],[3.3904602,6.4965609],[3.3906434,6.4964793],[3.3907727,6.4964767],[3.3909216,6.49639],[3.3910169,6.4963893],[3.3911009,6.4964058],[3.3911933,6.496366],[3.3912838,6.4963503],[3.3913469,6.496432],[3.3914078,6.4964068],[3.391419,6.4963792],[3.391475,6.4963782],[3.3915848,6.4963271],[3.3916239,6.4963121],[3.3916225,6.4962661],[3.3915997,6.4962048],[3.3916877,6.496199],[3.3917183,6.4963041],[3.3918596,6.4963335],[3.3919685,6.4962968],[3.3920273,6.4962592],[3.3921211,6.496288],[3.3922664,6.4962447],[3.3925528,6.4961632],[3.392716,6.4961392],[3.3927962,6.4960726],[3.3928972,6.4959871]]},"properties":{"osm_id":"way/495302475","name":"Unnamed (OSM way/495302475)","named":false,"source":"OpenStreetMap contributors","source_tags":{"waterway":"canal"},"retrieved_at":"2026-09-06T12:43:12.245Z","confidence":"openstreetmap_mapped_unverified","field_verified":false,"layer":"osm_waterway","waterway_type":"canal","navigability":"unknown"}},{"type":"Feature","geometry":{"type":"LineString","coordinates":[[3.4558593,6.4180898],[3.443635,6.417948],[3.4332981,6.41778],[3.4316895,6.4177876],[3.4306713,6.4177351],[3.4295076,6.4175406],[3.4280771,6.4172406],[3.4265872,6.416892],[3.4250647,6.4165024],[3.4237928,6.4161496],[3.4225083,6.415716],[3.4197815,6.4146439],[3.4185709,6.41415],[3.4161687,6.4132036],[3.4145808,6.4126225],[3.4140765,6.412436],[3.4136367,6.4123427],[3.4131807,6.4123134],[3.4127408,6.4123507],[3.4123493,6.41242],[3.4118396,6.4126012],[3.4111422,6.4129317],[3.4108427,6.4130749],[3.4061687,6.4152309],[3.4011805,6.4178521]]},"properties":{"osm_id":"way/513426528","name":"Unnamed (OSM way/513426528)","named":false,"source":"OpenStreetMap contributors","source_tags":{"waterway":"canal"},"retrieved_at":"2026-09-06T12:43:12.245Z","confidence":"openstreetmap_mapped_unverified","field_verified":false,"layer":"osm_waterway","waterway_type":"canal","navigability":"unknown"}},{"type":"Feature","geometry":{"type":"LineString","coordinates":[[3.4248137,6.4310661],[3.4248511,6.4289951]]},"properties":{"osm_id":"way/536134417","name":"Unnamed (OSM way/536134417)","named":false,"source":"OpenStreetMap contributors","source_tags":{"waterway":"drain"},"retrieved_at":"2026-09-06T12:43:12.245Z","confidence":"openstreetmap_mapped_unverified","field_verified":false,"layer":"osm_waterway","waterway_type":"drain","navigability":"unknown"}},{"type":"Feature","geometry":{"type":"LineString","coordinates":[[3.4201804,6.4299729],[3.4209952,6.4309888]]},"properties":{"osm_id":"way/536134428","name":"Unnamed (OSM way/536134428)","named":false,"source":"OpenStreetMap contributors","source_tags":{"waterway":"drain"},"retrieved_at":"2026-09-06T12:43:12.245Z","confidence":"openstreetmap_mapped_unverified","field_verified":false,"layer":"osm_waterway","waterway_type":"drain","navigability":"unknown"}},{"type":"Feature","geometry":{"type":"LineString","coordinates":[[3.4220324,6.4350539],[3.4220387,6.436223]]},"properties":{"osm_id":"way/536134429","name":"Unnamed (OSM way/536134429)","named":false,"source":"OpenStreetMap contributors","source_tags":{"waterway":"drain"},"retrieved_at":"2026-09-06T12:43:12.245Z","confidence":"openstreetmap_mapped_unverified","field_verified":false,"layer":"osm_waterway","waterway_type":"drain","navigability":"unknown"}},{"type":"Feature","geometry":{"type":"LineString","coordinates":[[3.4222823,6.4248095],[3.4237752,6.4247702]]},"properties":{"osm_id":"way/536134430","name":"Unnamed (OSM way/536134430)","named":false,"source":"OpenStreetMap contributors","source_tags":{"waterway":"drain"},"retrieved_at":"2026-09-06T12:43:12.245Z","confidence":"openstreetmap_mapped_unverified","field_verified":false,"layer":"osm_waterway","waterway_type":"drain","navigability":"unknown"}},{"type":"Feature","geometry":{"type":"LineString","coordinates":[[3.4158544,6.4262764],[3.4158435,6.430456]]},"properties":{"osm_id":"way/536134431","name":"Unnamed (OSM way/536134431)","named":false,"source":"OpenStreetMap contributors","source_tags":{"waterway":"drain"},"retrieved_at":"2026-09-06T12:43:12.245Z","confidence":"openstreetmap_mapped_unverified","field_verified":false,"layer":"osm_waterway","waterway_type":"drain","navigability":"unknown"}},{"type":"Feature","geometry":{"type":"LineString","coordinates":[[3.4121384,6.4306659],[3.4121062,6.4307885],[3.4120821,6.4329927]]},"properties":{"osm_id":"way/536134432","name":"Unnamed (OSM way/536134432)","named":false,"source":"OpenStreetMap contributors","source_tags":{"waterway":"drain"},"retrieved_at":"2026-09-06T12:43:12.245Z","confidence":"openstreetmap_mapped_unverified","field_verified":false,"layer":"osm_waterway","waterway_type":"drain","navigability":"unknown"}},{"type":"Feature","geometry":{"type":"LineString","coordinates":[[3.4379177,6.452063],[3.437755,6.4515481],[3.4360604,6.4516997],[3.4328402,6.4490291]]},"properties":{"osm_id":"way/536134473","name":"Unnamed (OSM way/536134473)","named":false,"source":"OpenStreetMap contributors","source_tags":{"waterway":"drain"},"retrieved_at":"2026-09-06T12:43:12.245Z","confidence":"openstreetmap_mapped_unverified","field_verified":false,"layer":"osm_waterway","waterway_type":"drain","navigability":"unknown"}},{"type":"Feature","geometry":{"type":"LineString","coordinates":[[3.4317512,6.4481248],[3.4309719,6.4474385]]},"properties":{"osm_id":"way/536134474","name":"Unnamed (OSM way/536134474)","named":false,"source":"OpenStreetMap contributors","source_tags":{"waterway":"drain"},"retrieved_at":"2026-09-06T12:43:12.245Z","confidence":"openstreetmap_mapped_unverified","field_verified":false,"layer":"osm_waterway","waterway_type":"drain","navigability":"unknown"}},{"type":"Feature","geometry":{"type":"LineString","coordinates":[[3.4220447,6.4343643],[3.4220324,6.4350539]]},"properties":{"osm_id":"way/537017527","name":"Unnamed (OSM way/537017527)","named":false,"source":"OpenStreetMap contributors","source_tags":{"layer":"-1","tunnel":"culvert","waterway":"drain"},"retrieved_at":"2026-09-06T12:43:12.245Z","confidence":"openstreetmap_mapped_unverified","field_verified":false,"layer":"osm_waterway","waterway_type":"drain","navigability":"unknown"}},{"type":"Feature","geometry":{"type":"LineString","coordinates":[[3.4220441,6.4372233],[3.4220444,6.4372709],[3.4220466,6.4376578],[3.4220802,6.4377987],[3.4219214,6.4383273]]},"properties":{"osm_id":"way/537017529","name":"Unnamed (OSM way/537017529)","named":false,"source":"OpenStreetMap contributors","source_tags":{"layer":"-1","tunnel":"culvert","waterway":"drain"},"retrieved_at":"2026-09-06T12:43:12.245Z","confidence":"openstreetmap_mapped_unverified","field_verified":false,"layer":"osm_waterway","waterway_type":"drain","navigability":"unknown"}},{"type":"Feature","geometry":{"type":"LineString","coordinates":[[3.4247037,6.4327658],[3.4279938,6.4327627],[3.429266,6.4327633]]},"properties":{"osm_id":"way/537017530","name":"Unnamed (OSM way/537017530)","named":false,"source":"OpenStreetMap contributors","source_tags":{"waterway":"drain"},"retrieved_at":"2026-09-06T12:43:12.245Z","confidence":"openstreetmap_mapped_unverified","field_verified":false,"layer":"osm_waterway","waterway_type":"drain","navigability":"unknown"}},{"type":"Feature","geometry":{"type":"LineString","coordinates":[[3.4314739,6.4384867],[3.4314739,6.4382073]]},"properties":{"osm_id":"way/537017532","name":"Unnamed (OSM way/537017532)","named":false,"source":"OpenStreetMap contributors","source_tags":{"waterway":"drain"},"retrieved_at":"2026-09-06T12:43:12.245Z","confidence":"openstreetmap_mapped_unverified","field_verified":false,"layer":"osm_waterway","waterway_type":"drain","navigability":"unknown"}},{"type":"Feature","geometry":{"type":"LineString","coordinates":[[3.4326039,6.436105],[3.4314828,6.4361051]]},"properties":{"osm_id":"way/537017534","name":"Unnamed (OSM way/537017534)","named":false,"source":"OpenStreetMap contributors","source_tags":{"waterway":"drain"},"retrieved_at":"2026-09-06T12:43:12.245Z","confidence":"openstreetmap_mapped_unverified","field_verified":false,"layer":"osm_waterway","waterway_type":"drain","navigability":"unknown"}},{"type":"Feature","geometry":{"type":"LineString","coordinates":[[3.4279844,6.4374677],[3.4279924,6.4359329],[3.4279729,6.4344362]]},"properties":{"osm_id":"way/537017536","name":"Unnamed (OSM way/537017536)","named":false,"source":"OpenStreetMap contributors","source_tags":{"waterway":"drain"},"retrieved_at":"2026-09-06T12:43:12.245Z","confidence":"openstreetmap_mapped_unverified","field_verified":false,"layer":"osm_waterway","waterway_type":"drain","navigability":"unknown"}},{"type":"Feature","geometry":{"type":"LineString","coordinates":[[3.4279754,6.4334376],[3.4279938,6.4327627]]},"properties":{"osm_id":"way/537017538","name":"Unnamed (OSM way/537017538)","named":false,"source":"OpenStreetMap contributors","source_tags":{"layer":"-1","tunnel":"culvert","waterway":"drain"},"retrieved_at":"2026-09-06T12:43:12.245Z","confidence":"openstreetmap_mapped_unverified","field_verified":false,"layer":"osm_waterway","waterway_type":"drain","navigability":"unknown"}},{"type":"Feature","geometry":{"type":"LineString","coordinates":[[3.4247719,6.4259031],[3.424745,6.4289949]]},"properties":{"osm_id":"way/537017540","name":"Unnamed (OSM way/537017540)","named":false,"source":"OpenStreetMap contributors","source_tags":{"waterway":"drain"},"retrieved_at":"2026-09-06T12:43:12.245Z","confidence":"openstreetmap_mapped_unverified","field_verified":false,"layer":"osm_waterway","waterway_type":"drain","navigability":"unknown"}},{"type":"Feature","geometry":{"type":"LineString","coordinates":[[3.4328402,6.4490291],[3.4324314,6.448686]]},"properties":{"osm_id":"way/539288431","name":"Unnamed (OSM way/539288431)","named":false,"source":"OpenStreetMap contributors","source_tags":{"layer":"-1","tunnel":"culvert","waterway":"drain"},"retrieved_at":"2026-09-06T12:43:12.245Z","confidence":"openstreetmap_mapped_unverified","field_verified":false,"layer":"osm_waterway","waterway_type":"drain","navigability":"unknown"}},{"type":"Feature","geometry":{"type":"LineString","coordinates":[[3.444843,6.4445361],[3.4437204,6.4432474],[3.4433741,6.4428498]]},"properties":{"osm_id":"way/539288432","name":"IMQ Drainage Canal","named":true,"source":"OpenStreetMap contributors","source_tags":{"name":"IMQ Drainage Canal","waterway":"drain"},"retrieved_at":"2026-09-06T12:43:12.245Z","confidence":"openstreetmap_mapped_unverified","field_verified":false,"layer":"osm_waterway","waterway_type":"drain","navigability":"unknown"}},{"type":"Feature","geometry":{"type":"LineString","coordinates":[[3.4416738,6.4408373],[3.4414522,6.440583]]},"properties":{"osm_id":"way/539288433","name":"IMQ Drainage Canal","named":true,"source":"OpenStreetMap contributors","source_tags":{"layer":"-1","name":"IMQ Drainage Canal","tunnel":"culvert","waterway":"drain"},"retrieved_at":"2026-09-06T12:43:12.245Z","confidence":"openstreetmap_mapped_unverified","field_verified":false,"layer":"osm_waterway","waterway_type":"drain","navigability":"unknown"}},{"type":"Feature","geometry":{"type":"LineString","coordinates":[[3.4384233,6.4452726],[3.4389256,6.4438823],[3.4387636,6.4428397]]},"properties":{"osm_id":"way/539288434","name":"Unnamed (OSM way/539288434)","named":false,"source":"OpenStreetMap contributors","source_tags":{"waterway":"drain"},"retrieved_at":"2026-09-06T12:43:12.245Z","confidence":"openstreetmap_mapped_unverified","field_verified":false,"layer":"osm_waterway","waterway_type":"drain","navigability":"unknown"}},{"type":"Feature","geometry":{"type":"LineString","coordinates":[[3.4297141,6.4290004],[3.4306217,6.4290014]]},"properties":{"osm_id":"way/542328790","name":"Unnamed (OSM way/542328790)","named":false,"source":"OpenStreetMap contributors","source_tags":{"layer":"-1","tunnel":"culvert","waterway":"drain"},"retrieved_at":"2026-09-06T12:43:12.245Z","confidence":"openstreetmap_mapped_unverified","field_verified":false,"layer":"osm_waterway","waterway_type":"drain","navigability":"unknown"}},{"type":"Feature","geometry":{"type":"LineString","coordinates":[[3.4299089,6.4330184],[3.4298735,6.4393529]]},"properties":{"osm_id":"way/542419717","name":"Unnamed (OSM way/542419717)","named":false,"source":"OpenStreetMap contributors","source_tags":{"waterway":"drain"},"retrieved_at":"2026-09-06T12:43:12.245Z","confidence":"openstreetmap_mapped_unverified","field_verified":false,"layer":"osm_waterway","waterway_type":"drain","navigability":"unknown"}},{"type":"Feature","geometry":{"type":"LineString","coordinates":[[3.4298735,6.4393529],[3.4298667,6.4397242]]},"properties":{"osm_id":"way/542419718","name":"Unnamed (OSM way/542419718)","named":false,"source":"OpenStreetMap contributors","source_tags":{"layer":"-1","tunnel":"culvert","waterway":"stream"},"retrieved_at":"2026-09-06T12:43:12.245Z","confidence":"openstreetmap_mapped_unverified","field_verified":false,"layer":"osm_waterway","waterway_type":"stream","navigability":"unknown"}},{"type":"Feature","geometry":{"type":"LineString","coordinates":[[3.4173077,6.4478008],[3.4172865,6.4470974],[3.4172652,6.4465206],[3.4172157,6.4457997],[3.4171838,6.4442839]]},"properties":{"osm_id":"way/544212509","name":"Unnamed (OSM way/544212509)","named":false,"source":"OpenStreetMap contributors","source_tags":{"waterway":"drain"},"retrieved_at":"2026-09-06T12:43:12.245Z","confidence":"openstreetmap_mapped_unverified","field_verified":false,"layer":"osm_waterway","waterway_type":"drain","navigability":"unknown"}},{"type":"Feature","geometry":{"type":"LineString","coordinates":[[3.4171838,6.4442839],[3.4171963,6.4441026]]},"properties":{"osm_id":"way/544212510","name":"Unnamed (OSM way/544212510)","named":false,"source":"OpenStreetMap contributors","source_tags":{"layer":"-1","tunnel":"culvert","waterway":"drain"},"retrieved_at":"2026-09-06T12:43:12.245Z","confidence":"openstreetmap_mapped_unverified","field_verified":false,"layer":"osm_waterway","waterway_type":"drain","navigability":"unknown"}},{"type":"Feature","geometry":{"type":"LineString","coordinates":[[3.4171963,6.4441026],[3.4174959,6.4427873]]},"properties":{"osm_id":"way/544212511","name":"Unnamed (OSM way/544212511)","named":false,"source":"OpenStreetMap contributors","source_tags":{"waterway":"drain"},"retrieved_at":"2026-09-06T12:43:12.245Z","confidence":"openstreetmap_mapped_unverified","field_verified":false,"layer":"osm_waterway","waterway_type":"drain","navigability":"unknown"}},{"type":"Feature","geometry":{"type":"LineString","coordinates":[[3.4174959,6.4427873],[3.4176811,6.441906]]},"properties":{"osm_id":"way/544212512","name":"Unnamed (OSM way/544212512)","named":false,"source":"OpenStreetMap contributors","source_tags":{"layer":"-1","tunnel":"culvert","waterway":"drain"},"retrieved_at":"2026-09-06T12:43:12.245Z","confidence":"openstreetmap_mapped_unverified","field_verified":false,"layer":"osm_waterway","waterway_type":"drain","navigability":"unknown"}},{"type":"Feature","geometry":{"type":"LineString","coordinates":[[3.4136766,6.4451214],[3.4136747,6.4447849],[3.4136204,6.4445825]]},"properties":{"osm_id":"way/544212513","name":"Unnamed (OSM way/544212513)","named":false,"source":"OpenStreetMap contributors","source_tags":{"waterway":"drain"},"retrieved_at":"2026-09-06T12:43:12.245Z","confidence":"openstreetmap_mapped_unverified","field_verified":false,"layer":"osm_waterway","waterway_type":"drain","navigability":"unknown"}},{"type":"Feature","geometry":{"type":"LineString","coordinates":[[3.4343799,6.4434226],[3.4343304,6.4431896]]},"properties":{"osm_id":"way/548600217","name":"Unnamed (OSM way/548600217)","named":false,"source":"OpenStreetMap contributors","source_tags":{"waterway":"drain"},"retrieved_at":"2026-09-06T12:43:12.245Z","confidence":"openstreetmap_mapped_unverified","field_verified":false,"layer":"osm_waterway","waterway_type":"drain","navigability":"unknown"}},{"type":"Feature","geometry":{"type":"LineString","coordinates":[[3.3150819,6.5888036],[3.3144696,6.5874944]]},"properties":{"osm_id":"way/551464859","name":"Unnamed (OSM way/551464859)","named":false,"source":"OpenStreetMap contributors","source_tags":{"layer":"-1","tunnel":"culvert","waterway":"drain"},"retrieved_at":"2026-09-06T12:43:12.245Z","confidence":"openstreetmap_mapped_unverified","field_verified":false,"layer":"osm_waterway","waterway_type":"drain","navigability":"unknown"}},{"type":"Feature","geometry":{"type":"LineString","coordinates":[[3.3144696,6.5874944],[3.31428,6.5802927],[3.3143121,6.57944]]},"properties":{"osm_id":"way/551464860","name":"Unnamed (OSM way/551464860)","named":false,"source":"OpenStreetMap contributors","source_tags":{"waterway":"ditch"},"retrieved_at":"2026-09-06T12:43:12.245Z","confidence":"openstreetmap_mapped_unverified","field_verified":false,"layer":"osm_waterway","waterway_type":"ditch","navigability":"unknown"}},{"type":"Feature","geometry":{"type":"LineString","coordinates":[[3.3143121,6.57944],[3.3148325,6.5784648]]},"properties":{"osm_id":"way/551464861","name":"Unnamed (OSM way/551464861)","named":false,"source":"OpenStreetMap contributors","source_tags":{"layer":"-1","tunnel":"culvert","waterway":"drain"},"retrieved_at":"2026-09-06T12:43:12.245Z","confidence":"openstreetmap_mapped_unverified","field_verified":false,"layer":"osm_waterway","waterway_type":"drain","navigability":"unknown"}},{"type":"Feature","geometry":{"type":"LineString","coordinates":[[3.3148325,6.5784648],[3.3141029,6.5771539],[3.3141941,6.5658081],[3.3147628,6.5648147],[3.3147306,6.5644416]]},"properties":{"osm_id":"way/551464862","name":"Unnamed (OSM way/551464862)","named":false,"source":"OpenStreetMap contributors","source_tags":{"waterway":"ditch"},"retrieved_at":"2026-09-06T12:43:12.245Z","confidence":"openstreetmap_mapped_unverified","field_verified":false,"layer":"osm_waterway","waterway_type":"ditch","navigability":"unknown"}},{"type":"Feature","geometry":{"type":"LineString","coordinates":[[3.3147306,6.5644416],[3.3142523,6.5638423]]},"properties":{"osm_id":"way/551464863","name":"Unnamed (OSM way/551464863)","named":false,"source":"OpenStreetMap contributors","source_tags":{"layer":"-1","tunnel":"culvert","waterway":"drain"},"retrieved_at":"2026-09-06T12:43:12.245Z","confidence":"openstreetmap_mapped_unverified","field_verified":false,"layer":"osm_waterway","waterway_type":"drain","navigability":"unknown"}},{"type":"Feature","geometry":{"type":"LineString","coordinates":[[3.3142523,6.5638423],[3.3143058,6.5595642],[3.3146526,6.5586078],[3.3147517,6.5574686],[3.3148296,6.5546699]]},"properties":{"osm_id":"way/551464864","name":"Unnamed (OSM way/551464864)","named":false,"source":"OpenStreetMap contributors","source_tags":{"waterway":"ditch"},"retrieved_at":"2026-09-06T12:43:12.245Z","confidence":"openstreetmap_mapped_unverified","field_verified":false,"layer":"osm_waterway","waterway_type":"ditch","navigability":"unknown"}},{"type":"Feature","geometry":{"type":"LineString","coordinates":[[3.3148296,6.5546699],[3.3163656,6.554494]]},"properties":{"osm_id":"way/551464865","name":"Unnamed (OSM way/551464865)","named":false,"source":"OpenStreetMap contributors","source_tags":{"layer":"-1","tunnel":"culvert","waterway":"drain"},"retrieved_at":"2026-09-06T12:43:12.245Z","confidence":"openstreetmap_mapped_unverified","field_verified":false,"layer":"osm_waterway","waterway_type":"drain","navigability":"unknown"}},{"type":"Feature","geometry":{"type":"LineString","coordinates":[[3.3163656,6.554494],[3.3166983,6.554255],[3.3173548,6.5532135]]},"properties":{"osm_id":"way/551464866","name":"Unnamed (OSM way/551464866)","named":false,"source":"OpenStreetMap contributors","source_tags":{"waterway":"ditch"},"retrieved_at":"2026-09-06T12:43:12.245Z","confidence":"openstreetmap_mapped_unverified","field_verified":false,"layer":"osm_waterway","waterway_type":"ditch","navigability":"unknown"}},{"type":"Feature","geometry":{"type":"LineString","coordinates":[[3.3238606,6.5698176],[3.3251121,6.5697988],[3.3253653,6.5698043],[3.3254699,6.569727],[3.3255665,6.5695831],[3.3255933,6.5693326],[3.3255397,6.5688317],[3.3256007,6.5660172]]},"properties":{"osm_id":"way/551464868","name":"Unnamed (OSM way/551464868)","named":false,"source":"OpenStreetMap contributors","source_tags":{"waterway":"ditch"},"retrieved_at":"2026-09-06T12:43:12.245Z","confidence":"openstreetmap_mapped_unverified","field_verified":false,"layer":"osm_waterway","waterway_type":"ditch","navigability":"unknown"}},{"type":"Feature","geometry":{"type":"LineString","coordinates":[[3.3256007,6.5660172],[3.3256362,6.5654903]]},"properties":{"osm_id":"way/551464870","name":"Unnamed (OSM way/551464870)","named":false,"source":"OpenStreetMap contributors","source_tags":{"layer":"-1","tunnel":"culvert","waterway":"drain"},"retrieved_at":"2026-09-06T12:43:12.245Z","confidence":"openstreetmap_mapped_unverified","field_verified":false,"layer":"osm_waterway","waterway_type":"drain","navigability":"unknown"}},{"type":"Feature","geometry":{"type":"LineString","coordinates":[[3.3256362,6.5654903],[3.3256791,6.5647495],[3.3256791,6.5640354],[3.3256201,6.5633479],[3.3255182,6.5625112],[3.3253734,6.5611629],[3.3253036,6.5603689]]},"properties":{"osm_id":"way/551464873","name":"Unnamed (OSM way/551464873)","named":false,"source":"OpenStreetMap contributors","source_tags":{"waterway":"ditch"},"retrieved_at":"2026-09-06T12:43:12.245Z","confidence":"openstreetmap_mapped_unverified","field_verified":false,"layer":"osm_waterway","waterway_type":"ditch","navigability":"unknown"}},{"type":"Feature","geometry":{"type":"LineString","coordinates":[[3.3262015,6.5619731],[3.3262674,6.5608757],[3.3262397,6.5604961],[3.3262135,6.5604533],[3.326024,6.5604089],[3.3253036,6.5603689],[3.32494,6.560355],[3.3249212,6.5599553]]},"properties":{"osm_id":"way/551464875","name":"Unnamed (OSM way/551464875)","named":false,"source":"OpenStreetMap contributors","source_tags":{"waterway":"ditch"},"retrieved_at":"2026-09-06T12:43:12.245Z","confidence":"openstreetmap_mapped_unverified","field_verified":false,"layer":"osm_waterway","waterway_type":"ditch","navigability":"unknown"}},{"type":"Feature","geometry":{"type":"LineString","coordinates":[[3.3299444,6.5962257],[3.3299966,6.5928671],[3.3300152,6.5916654],[3.3296178,6.5914419]]},"properties":{"osm_id":"way/551464877","name":"Unnamed (OSM way/551464877)","named":false,"source":"OpenStreetMap contributors","source_tags":{"waterway":"ditch"},"retrieved_at":"2026-09-06T12:43:12.245Z","confidence":"openstreetmap_mapped_unverified","field_verified":false,"layer":"osm_waterway","waterway_type":"ditch","navigability":"unknown"}},{"type":"Feature","geometry":{"type":"LineString","coordinates":[[3.3296178,6.5914419],[3.3297472,6.5910042]]},"properties":{"osm_id":"way/551464879","name":"Unnamed (OSM way/551464879)","named":false,"source":"OpenStreetMap contributors","source_tags":{"layer":"-1","tunnel":"culvert","waterway":"drain"},"retrieved_at":"2026-09-06T12:43:12.245Z","confidence":"openstreetmap_mapped_unverified","field_verified":false,"layer":"osm_waterway","waterway_type":"drain","navigability":"unknown"}},{"type":"Feature","geometry":{"type":"LineString","coordinates":[[3.3297472,6.5910042],[3.3298027,6.59064],[3.3298181,6.5870773]]},"properties":{"osm_id":"way/551464882","name":"Unnamed (OSM way/551464882)","named":false,"source":"OpenStreetMap contributors","source_tags":{"waterway":"ditch"},"retrieved_at":"2026-09-06T12:43:12.245Z","confidence":"openstreetmap_mapped_unverified","field_verified":false,"layer":"osm_waterway","waterway_type":"ditch","navigability":"unknown"}},{"type":"Feature","geometry":{"type":"LineString","coordinates":[[3.3298181,6.5870773],[3.329815,6.5866305]]},"properties":{"osm_id":"way/551464884","name":"Unnamed (OSM way/551464884)","named":false,"source":"OpenStreetMap contributors","source_tags":{"layer":"-1","tunnel":"culvert","waterway":"drain"},"retrieved_at":"2026-09-06T12:43:12.245Z","confidence":"openstreetmap_mapped_unverified","field_verified":false,"layer":"osm_waterway","waterway_type":"drain","navigability":"unknown"}},{"type":"Feature","geometry":{"type":"LineString","coordinates":[[3.329815,6.5866305],[3.3298735,6.5822475]]},"properties":{"osm_id":"way/551464886","name":"Unnamed (OSM way/551464886)","named":false,"source":"OpenStreetMap contributors","source_tags":{"waterway":"ditch"},"retrieved_at":"2026-09-06T12:43:12.245Z","confidence":"openstreetmap_mapped_unverified","field_verified":false,"layer":"osm_waterway","waterway_type":"ditch","navigability":"unknown"}},{"type":"Feature","geometry":{"type":"LineString","coordinates":[[3.3298735,6.5822475],[3.3298828,6.5820591]]},"properties":{"osm_id":"way/551464887","name":"Unnamed (OSM way/551464887)","named":false,"source":"OpenStreetMap contributors","source_tags":{"layer":"-1","tunnel":"culvert","waterway":"drain"},"retrieved_at":"2026-09-06T12:43:12.245Z","confidence":"openstreetmap_mapped_unverified","field_verified":false,"layer":"osm_waterway","waterway_type":"drain","navigability":"unknown"}},{"type":"Feature","geometry":{"type":"LineString","coordinates":[[3.3238356,6.5812862],[3.3245846,6.5809918],[3.3253174,6.5806909],[3.3253758,6.5806641]]},"properties":{"osm_id":"way/551464890","name":"Unnamed (OSM way/551464890)","named":false,"source":"OpenStreetMap contributors","source_tags":{"layer":"-1","tunnel":"culvert","waterway":"drain"},"retrieved_at":"2026-09-06T12:43:12.245Z","confidence":"openstreetmap_mapped_unverified","field_verified":false,"layer":"osm_waterway","waterway_type":"drain","navigability":"unknown"}},{"type":"Feature","geometry":{"type":"LineString","coordinates":[[3.3253758,6.5806641],[3.3266177,6.5801445],[3.3266499,6.5792626]]},"properties":{"osm_id":"way/551464891","name":"Unnamed (OSM way/551464891)","named":false,"source":"OpenStreetMap contributors","source_tags":{"waterway":"ditch"},"retrieved_at":"2026-09-06T12:43:12.245Z","confidence":"openstreetmap_mapped_unverified","field_verified":false,"layer":"osm_waterway","waterway_type":"ditch","navigability":"unknown"}},{"type":"Feature","geometry":{"type":"LineString","coordinates":[[3.3266499,6.5792626],[3.3266619,6.5790547]]},"properties":{"osm_id":"way/551464892","name":"Unnamed (OSM way/551464892)","named":false,"source":"OpenStreetMap contributors","source_tags":{"layer":"-1","tunnel":"culvert","waterway":"drain"},"retrieved_at":"2026-09-06T12:43:12.245Z","confidence":"openstreetmap_mapped_unverified","field_verified":false,"layer":"osm_waterway","waterway_type":"drain","navigability":"unknown"}},{"type":"Feature","geometry":{"type":"LineString","coordinates":[[3.3266619,6.5790547],[3.3266807,6.577376]]},"properties":{"osm_id":"way/551464893","name":"Unnamed (OSM way/551464893)","named":false,"source":"OpenStreetMap contributors","source_tags":{"waterway":"ditch"},"retrieved_at":"2026-09-06T12:43:12.245Z","confidence":"openstreetmap_mapped_unverified","field_verified":false,"layer":"osm_waterway","waterway_type":"ditch","navigability":"unknown"}},{"type":"Feature","geometry":{"type":"LineString","coordinates":[[3.3266807,6.577376],[3.3266841,6.5769005]]},"properties":{"osm_id":"way/551464903","name":"Unnamed (OSM way/551464903)","named":false,"source":"OpenStreetMap contributors","source_tags":{"layer":"-1","tunnel":"culvert","waterway":"drain"},"retrieved_at":"2026-09-06T12:43:12.245Z","confidence":"openstreetmap_mapped_unverified","field_verified":false,"layer":"osm_waterway","waterway_type":"drain","navigability":"unknown"}},{"type":"Feature","geometry":{"type":"LineString","coordinates":[[3.3266841,6.5769005],[3.3266806,6.576236]]},"properties":{"osm_id":"way/551464904","name":"Unnamed (OSM way/551464904)","named":false,"source":"OpenStreetMap contributors","source_tags":{"waterway":"ditch"},"retrieved_at":"2026-09-06T12:43:12.245Z","confidence":"openstreetmap_mapped_unverified","field_verified":false,"layer":"osm_waterway","waterway_type":"ditch","navigability":"unknown"}},{"type":"Feature","geometry":{"type":"LineString","coordinates":[[3.3266806,6.576236],[3.3266912,6.5757332]]},"properties":{"osm_id":"way/551464905","name":"Unnamed (OSM way/551464905)","named":false,"source":"OpenStreetMap contributors","source_tags":{"layer":"-1","tunnel":"culvert","waterway":"drain"},"retrieved_at":"2026-09-06T12:43:12.245Z","confidence":"openstreetmap_mapped_unverified","field_verified":false,"layer":"osm_waterway","waterway_type":"drain","navigability":"unknown"}},{"type":"Feature","geometry":{"type":"LineString","coordinates":[[3.3266912,6.5757332],[3.3266983,6.5754027]]},"properties":{"osm_id":"way/551464906","name":"Unnamed (OSM way/551464906)","named":false,"source":"OpenStreetMap contributors","source_tags":{"waterway":"ditch"},"retrieved_at":"2026-09-06T12:43:12.245Z","confidence":"openstreetmap_mapped_unverified","field_verified":false,"layer":"osm_waterway","waterway_type":"ditch","navigability":"unknown"}},{"type":"Feature","geometry":{"type":"LineString","coordinates":[[3.3266983,6.5754027],[3.3267087,6.5750351]]},"properties":{"osm_id":"way/551464907","name":"Unnamed (OSM way/551464907)","named":false,"source":"OpenStreetMap contributors","source_tags":{"layer":"-1","tunnel":"culvert","waterway":"drain"},"retrieved_at":"2026-09-06T12:43:12.245Z","confidence":"openstreetmap_mapped_unverified","field_verified":false,"layer":"osm_waterway","waterway_type":"drain","navigability":"unknown"}},{"type":"Feature","geometry":{"type":"LineString","coordinates":[[3.3267087,6.5750351],[3.3267067,6.574918],[3.3267117,6.5740039]]},"properties":{"osm_id":"way/551464908","name":"Unnamed (OSM way/551464908)","named":false,"source":"OpenStreetMap contributors","source_tags":{"waterway":"drain"},"retrieved_at":"2026-09-06T12:43:12.245Z","confidence":"openstreetmap_mapped_unverified","field_verified":false,"layer":"osm_waterway","waterway_type":"drain","navigability":"unknown"}},{"type":"Feature","geometry":{"type":"LineString","coordinates":[[3.3267117,6.5740039],[3.3267135,6.5736699]]},"properties":{"osm_id":"way/551464910","name":"Unnamed (OSM way/551464910)","named":false,"source":"OpenStreetMap contributors","source_tags":{"layer":"-1","tunnel":"culvert","waterway":"drain"},"retrieved_at":"2026-09-06T12:43:12.245Z","confidence":"openstreetmap_mapped_unverified","field_verified":false,"layer":"osm_waterway","waterway_type":"drain","navigability":"unknown"}},{"type":"Feature","geometry":{"type":"LineString","coordinates":[[3.3267135,6.5736699],[3.3267169,6.5730582],[3.32654,6.572832],[3.3265014,6.5727028]]},"properties":{"osm_id":"way/551464911","name":"Unnamed (OSM way/551464911)","named":false,"source":"OpenStreetMap contributors","source_tags":{"waterway":"drain"},"retrieved_at":"2026-09-06T12:43:12.245Z","confidence":"openstreetmap_mapped_unverified","field_verified":false,"layer":"osm_waterway","waterway_type":"drain","navigability":"unknown"}},{"type":"Feature","geometry":{"type":"LineString","coordinates":[[3.3277489,6.5714603],[3.3277069,6.5705],[3.3276275,6.5703399],[3.3273683,6.5703353],[3.3269807,6.5703654],[3.3266678,6.5703701],[3.3263896,6.5703764]]},"properties":{"osm_id":"way/551464912","name":"Unnamed (OSM way/551464912)","named":false,"source":"OpenStreetMap contributors","source_tags":{"waterway":"ditch"},"retrieved_at":"2026-09-06T12:43:12.245Z","confidence":"openstreetmap_mapped_unverified","field_verified":false,"layer":"osm_waterway","waterway_type":"ditch","navigability":"unknown"}},{"type":"Feature","geometry":{"type":"LineString","coordinates":[[3.3263896,6.5703764],[3.3262625,6.5703692]]},"properties":{"osm_id":"way/551464913","name":"Unnamed (OSM way/551464913)","named":false,"source":"OpenStreetMap contributors","source_tags":{"layer":"-1","tunnel":"culvert","waterway":"drain"},"retrieved_at":"2026-09-06T12:43:12.245Z","confidence":"openstreetmap_mapped_unverified","field_verified":false,"layer":"osm_waterway","waterway_type":"drain","navigability":"unknown"}},{"type":"Feature","geometry":{"type":"LineString","coordinates":[[3.3262625,6.5703692],[3.3261222,6.5703853],[3.3260084,6.5703813],[3.3258519,6.5704055],[3.3257421,6.5703793],[3.3256344,6.5703308],[3.3255307,6.5702096],[3.3253986,6.5701147],[3.3252299,6.5700541],[3.3251181,6.5699451],[3.3251121,6.5697988]]},"properties":{"osm_id":"way/551464914","name":"Unnamed (OSM way/551464914)","named":false,"source":"OpenStreetMap contributors","source_tags":{"waterway":"ditch"},"retrieved_at":"2026-09-06T12:43:12.245Z","confidence":"openstreetmap_mapped_unverified","field_verified":false,"layer":"osm_waterway","waterway_type":"ditch","navigability":"unknown"}},{"type":"Feature","geometry":{"type":"LineString","coordinates":[[3.3298828,6.5820591],[3.3299089,6.5808446]]},"properties":{"osm_id":"way/551464915","name":"Unnamed (OSM way/551464915)","named":false,"source":"OpenStreetMap contributors","source_tags":{"waterway":"ditch"},"retrieved_at":"2026-09-06T12:43:12.245Z","confidence":"openstreetmap_mapped_unverified","field_verified":false,"layer":"osm_waterway","waterway_type":"ditch","navigability":"unknown"}},{"type":"Feature","geometry":{"type":"LineString","coordinates":[[3.3299089,6.5808446],[3.329915,6.5801992]]},"properties":{"osm_id":"way/551464916","name":"Unnamed (OSM way/551464916)","named":false,"source":"OpenStreetMap contributors","source_tags":{"layer":"-1","tunnel":"culvert","waterway":"drain"},"retrieved_at":"2026-09-06T12:43:12.245Z","confidence":"openstreetmap_mapped_unverified","field_verified":false,"layer":"osm_waterway","waterway_type":"drain","navigability":"unknown"}},{"type":"Feature","geometry":{"type":"LineString","coordinates":[[3.329915,6.5801992],[3.3299304,6.5793851]]},"properties":{"osm_id":"way/551464917","name":"Unnamed (OSM way/551464917)","named":false,"source":"OpenStreetMap contributors","source_tags":{"waterway":"ditch"},"retrieved_at":"2026-09-06T12:43:12.245Z","confidence":"openstreetmap_mapped_unverified","field_verified":false,"layer":"osm_waterway","waterway_type":"ditch","navigability":"unknown"}},{"type":"Feature","geometry":{"type":"LineString","coordinates":[[3.3299304,6.5793851],[3.3299365,6.5790484]]},"properties":{"osm_id":"way/551464918","name":"Unnamed (OSM way/551464918)","named":false,"source":"OpenStreetMap contributors","source_tags":{"layer":"-1","tunnel":"culvert","waterway":"stream"},"retrieved_at":"2026-09-06T12:43:12.245Z","confidence":"openstreetmap_mapped_unverified","field_verified":false,"layer":"osm_waterway","waterway_type":"stream","navigability":"unknown"}},{"type":"Feature","geometry":{"type":"LineString","coordinates":[[3.3299365,6.5790484],[3.3299396,6.5766457]]},"properties":{"osm_id":"way/551464919","name":"Unnamed (OSM way/551464919)","named":false,"source":"OpenStreetMap contributors","source_tags":{"waterway":"ditch"},"retrieved_at":"2026-09-06T12:43:12.245Z","confidence":"openstreetmap_mapped_unverified","field_verified":false,"layer":"osm_waterway","waterway_type":"ditch","navigability":"unknown"}},{"type":"Feature","geometry":{"type":"LineString","coordinates":[[3.3299396,6.5766457],[3.3299458,6.5763243]]},"properties":{"osm_id":"way/551464920","name":"Unnamed (OSM way/551464920)","named":false,"source":"OpenStreetMap contributors","source_tags":{"layer":"-1","tunnel":"culvert","waterway":"drain"},"retrieved_at":"2026-09-06T12:43:12.245Z","confidence":"openstreetmap_mapped_unverified","field_verified":false,"layer":"osm_waterway","waterway_type":"drain","navigability":"unknown"}},{"type":"Feature","geometry":{"type":"LineString","coordinates":[[3.3299458,6.5763243],[3.3299458,6.5759387],[3.3299119,6.5753816],[3.3300012,6.5724861]]},"properties":{"osm_id":"way/551464921","name":"Unnamed (OSM way/551464921)","named":false,"source":"OpenStreetMap contributors","source_tags":{"waterway":"ditch"},"retrieved_at":"2026-09-06T12:43:12.245Z","confidence":"openstreetmap_mapped_unverified","field_verified":false,"layer":"osm_waterway","waterway_type":"ditch","navigability":"unknown"}},{"type":"Feature","geometry":{"type":"LineString","coordinates":[[3.3300012,6.5724861],[3.329703,6.5712735]]},"properties":{"osm_id":"way/551464922","name":"Unnamed (OSM way/551464922)","named":false,"source":"OpenStreetMap contributors","source_tags":{"layer":"-1","tunnel":"culvert","waterway":"drain"},"retrieved_at":"2026-09-06T12:43:12.245Z","confidence":"openstreetmap_mapped_unverified","field_verified":false,"layer":"osm_waterway","waterway_type":"drain","navigability":"unknown"}},{"type":"Feature","geometry":{"type":"LineString","coordinates":[[3.3296867,6.6035396],[3.3299981,6.6029349],[3.3306352,6.6008465],[3.3314634,6.598484],[3.3317253,6.5976613],[3.3315554,6.5948487],[3.3315969,6.5946897]]},"properties":{"osm_id":"way/551464923","name":"Unnamed (OSM way/551464923)","named":false,"source":"OpenStreetMap contributors","source_tags":{"waterway":"ditch"},"retrieved_at":"2026-09-06T12:43:12.245Z","confidence":"openstreetmap_mapped_unverified","field_verified":false,"layer":"osm_waterway","waterway_type":"ditch","navigability":"unknown"}},{"type":"Feature","geometry":{"type":"LineString","coordinates":[[3.3315969,6.5946897],[3.3316998,6.5944466]]},"properties":{"osm_id":"way/551464924","name":"Unnamed (OSM way/551464924)","named":false,"source":"OpenStreetMap contributors","source_tags":{"layer":"-1","tunnel":"culvert","waterway":"stream"},"retrieved_at":"2026-09-06T12:43:12.245Z","confidence":"openstreetmap_mapped_unverified","field_verified":false,"layer":"osm_waterway","waterway_type":"stream","navigability":"unknown"}},{"type":"Feature","geometry":{"type":"LineString","coordinates":[[3.3316991,6.582658],[3.3317071,6.5819212],[3.3316897,6.5818759],[3.3316521,6.5818333],[3.331573,6.5817867],[3.3315328,6.5817107]]},"properties":{"osm_id":"way/551464925","name":"Unnamed (OSM way/551464925)","named":false,"source":"OpenStreetMap contributors","source_tags":{"waterway":"ditch"},"retrieved_at":"2026-09-06T12:43:12.245Z","confidence":"openstreetmap_mapped_unverified","field_verified":false,"layer":"osm_waterway","waterway_type":"ditch","navigability":"unknown"}},{"type":"Feature","geometry":{"type":"LineString","coordinates":[[3.3321491,6.5817135],[3.3315328,6.5817107]]},"properties":{"osm_id":"way/551464926","name":"Unnamed (OSM way/551464926)","named":false,"source":"OpenStreetMap contributors","source_tags":{"waterway":"ditch"},"retrieved_at":"2026-09-06T12:43:12.245Z","confidence":"openstreetmap_mapped_unverified","field_verified":false,"layer":"osm_waterway","waterway_type":"ditch","navigability":"unknown"}},{"type":"Feature","geometry":{"type":"LineString","coordinates":[[3.3310547,6.5817083],[3.3315328,6.5817107]]},"properties":{"osm_id":"way/551464927","name":"Unnamed (OSM way/551464927)","named":false,"source":"OpenStreetMap contributors","source_tags":{"waterway":"ditch"},"retrieved_at":"2026-09-06T12:43:12.245Z","confidence":"openstreetmap_mapped_unverified","field_verified":false,"layer":"osm_waterway","waterway_type":"ditch","navigability":"unknown"}},{"type":"Feature","geometry":{"type":"LineString","coordinates":[[3.3315328,6.5817107],[3.3315364,6.5815804],[3.331071,6.5810671],[3.3309276,6.5810671]]},"properties":{"osm_id":"way/551464928","name":"Unnamed (OSM way/551464928)","named":false,"source":"OpenStreetMap contributors","source_tags":{"layer":"-1","tunnel":"culvert","waterway":"drain"},"retrieved_at":"2026-09-06T12:43:12.245Z","confidence":"openstreetmap_mapped_unverified","field_verified":false,"layer":"osm_waterway","waterway_type":"drain","navigability":"unknown"}},{"type":"Feature","geometry":{"type":"LineString","coordinates":[[3.3309276,6.5810671],[3.3308692,6.5810671],[3.3308498,6.5810337],[3.3308681,6.5797427]]},"properties":{"osm_id":"way/551464929","name":"Unnamed (OSM way/551464929)","named":false,"source":"OpenStreetMap contributors","source_tags":{"waterway":"ditch"},"retrieved_at":"2026-09-06T12:43:12.245Z","confidence":"openstreetmap_mapped_unverified","field_verified":false,"layer":"osm_waterway","waterway_type":"ditch","navigability":"unknown"}},{"type":"Feature","geometry":{"type":"LineString","coordinates":[[3.3308681,6.5797427],[3.3308758,6.5792346]]},"properties":{"osm_id":"way/551464930","name":"Unnamed (OSM way/551464930)","named":false,"source":"OpenStreetMap contributors","source_tags":{"layer":"-1","tunnel":"culvert","waterway":"drain"},"retrieved_at":"2026-09-06T12:43:12.245Z","confidence":"openstreetmap_mapped_unverified","field_verified":false,"layer":"osm_waterway","waterway_type":"drain","navigability":"unknown"}},{"type":"Feature","geometry":{"type":"LineString","coordinates":[[3.3308758,6.5792346],[3.3309051,6.5776736]]},"properties":{"osm_id":"way/551464931","name":"Unnamed (OSM way/551464931)","named":false,"source":"OpenStreetMap contributors","source_tags":{"waterway":"drain"},"retrieved_at":"2026-09-06T12:43:12.245Z","confidence":"openstreetmap_mapped_unverified","field_verified":false,"layer":"osm_waterway","waterway_type":"drain","navigability":"unknown"}},{"type":"Feature","geometry":{"type":"LineString","coordinates":[[3.3309051,6.5776736],[3.3309057,6.577478]]},"properties":{"osm_id":"way/551464932","name":"Unnamed (OSM way/551464932)","named":false,"source":"OpenStreetMap contributors","source_tags":{"layer":"-1","tunnel":"culvert","waterway":"drain"},"retrieved_at":"2026-09-06T12:43:12.245Z","confidence":"openstreetmap_mapped_unverified","field_verified":false,"layer":"osm_waterway","waterway_type":"drain","navigability":"unknown"}},{"type":"Feature","geometry":{"type":"LineString","coordinates":[[3.3309057,6.577478],[3.3309172,6.5764377]]},"properties":{"osm_id":"way/551464933","name":"Unnamed (OSM way/551464933)","named":false,"source":"OpenStreetMap contributors","source_tags":{"waterway":"drain"},"retrieved_at":"2026-09-06T12:43:12.245Z","confidence":"openstreetmap_mapped_unverified","field_verified":false,"layer":"osm_waterway","waterway_type":"drain","navigability":"unknown"}},{"type":"Feature","geometry":{"type":"LineString","coordinates":[[3.3309172,6.5764377],[3.3309183,6.5763263]]},"properties":{"osm_id":"way/551464934","name":"Unnamed (OSM way/551464934)","named":false,"source":"OpenStreetMap contributors","source_tags":{"layer":"-1","tunnel":"culvert","waterway":"drain"},"retrieved_at":"2026-09-06T12:43:12.245Z","confidence":"openstreetmap_mapped_unverified","field_verified":false,"layer":"osm_waterway","waterway_type":"drain","navigability":"unknown"}},{"type":"Feature","geometry":{"type":"LineString","coordinates":[[3.3309183,6.5763263],[3.3309561,6.5744078],[3.330961,6.5741691],[3.3310444,6.5738016],[3.3311359,6.5734947],[3.33127,6.5732947],[3.331396,6.5731271],[3.3314408,6.5730262]]},"properties":{"osm_id":"way/551464935","name":"Unnamed (OSM way/551464935)","named":false,"source":"OpenStreetMap contributors","source_tags":{"waterway":"ditch"},"retrieved_at":"2026-09-06T12:43:12.245Z","confidence":"openstreetmap_mapped_unverified","field_verified":false,"layer":"osm_waterway","waterway_type":"ditch","navigability":"unknown"}},{"type":"Feature","geometry":{"type":"LineString","coordinates":[[3.3314408,6.5730262],[3.3314855,6.5725314]]},"properties":{"osm_id":"way/551464936","name":"Unnamed (OSM way/551464936)","named":false,"source":"OpenStreetMap contributors","source_tags":{"layer":"-1","tunnel":"culvert","waterway":"drain"},"retrieved_at":"2026-09-06T12:43:12.245Z","confidence":"openstreetmap_mapped_unverified","field_verified":false,"layer":"osm_waterway","waterway_type":"drain","navigability":"unknown"}},{"type":"Feature","geometry":{"type":"LineString","coordinates":[[3.3314855,6.5725314],[3.3314855,6.5723053],[3.3314367,6.5720185],[3.3312659,6.5716691],[3.3310667,6.5713925],[3.3308391,6.571233],[3.3306053,6.5711502],[3.3303085,6.5710896],[3.3299955,6.5710209],[3.3296784,6.5709684]]},"properties":{"osm_id":"way/551464937","name":"Unnamed (OSM way/551464937)","named":false,"source":"OpenStreetMap contributors","source_tags":{"waterway":"ditch"},"retrieved_at":"2026-09-06T12:43:12.245Z","confidence":"openstreetmap_mapped_unverified","field_verified":false,"layer":"osm_waterway","waterway_type":"ditch","navigability":"unknown"}},{"type":"Feature","geometry":{"type":"LineString","coordinates":[[3.329703,6.5712735],[3.3296784,6.5709684],[3.3296845,6.5705726],[3.3297373,6.5701445],[3.3297434,6.5700456],[3.3297577,6.5697386],[3.329843,6.5693832],[3.3298552,6.5691288],[3.329778,6.5688622],[3.3297536,6.568525]]},"properties":{"osm_id":"way/551464938","name":"Unnamed (OSM way/551464938)","named":false,"source":"OpenStreetMap contributors","source_tags":{"waterway":"ditch"},"retrieved_at":"2026-09-06T12:43:12.245Z","confidence":"openstreetmap_mapped_unverified","field_verified":false,"layer":"osm_waterway","waterway_type":"ditch","navigability":"unknown"}},{"type":"Feature","geometry":{"type":"LineString","coordinates":[[3.3297536,6.568525],[3.3297495,6.5683876]]},"properties":{"osm_id":"way/551464939","name":"Unnamed (OSM way/551464939)","named":false,"source":"OpenStreetMap contributors","source_tags":{"layer":"-1","tunnel":"culvert","waterway":"drain"},"retrieved_at":"2026-09-06T12:43:12.245Z","confidence":"openstreetmap_mapped_unverified","field_verified":false,"layer":"osm_waterway","waterway_type":"drain","navigability":"unknown"}},{"type":"Feature","geometry":{"type":"LineString","coordinates":[[3.3297495,6.5683876],[3.3297455,6.5679858],[3.3296723,6.5677677],[3.329652,6.5676506],[3.3296642,6.5674789],[3.3296642,6.5672952],[3.3296601,6.567172],[3.3291275,6.566451],[3.3288653,6.5662693],[3.3284201,6.5661017],[3.3279892,6.5660371],[3.3256007,6.5660172]]},"properties":{"osm_id":"way/551464940","name":"Unnamed (OSM way/551464940)","named":false,"source":"OpenStreetMap contributors","source_tags":{"waterway":"ditch"},"retrieved_at":"2026-09-06T12:43:12.245Z","confidence":"openstreetmap_mapped_unverified","field_verified":false,"layer":"osm_waterway","waterway_type":"ditch","navigability":"unknown"}},{"type":"Feature","geometry":{"type":"LineString","coordinates":[[3.3249212,6.5599553],[3.3248874,6.5595612]]},"properties":{"osm_id":"way/551464941","name":"Unnamed (OSM way/551464941)","named":false,"source":"OpenStreetMap contributors","source_tags":{"layer":"-1","waterway":"drain"},"retrieved_at":"2026-09-06T12:43:12.245Z","confidence":"openstreetmap_mapped_unverified","field_verified":false,"layer":"osm_waterway","waterway_type":"drain","navigability":"unknown"}},{"type":"Feature","geometry":{"type":"LineString","coordinates":[[3.3248874,6.5595612],[3.3247808,6.5595228],[3.3247773,6.5594419],[3.324802,6.5593505],[3.324618,6.5590376],[3.3244198,6.5585805],[3.3243101,6.5584574],[3.3240659,6.5578491],[3.3239102,6.5570194],[3.3239385,6.5565095],[3.3239208,6.5561579],[3.3239597,6.5560067],[3.3238819,6.5558485],[3.3235952,6.5556551]]},"properties":{"osm_id":"way/551464942","name":"Unnamed (OSM way/551464942)","named":false,"source":"OpenStreetMap contributors","source_tags":{"waterway":"ditch"},"retrieved_at":"2026-09-06T12:43:12.245Z","confidence":"openstreetmap_mapped_unverified","field_verified":false,"layer":"osm_waterway","waterway_type":"ditch","navigability":"unknown"}},{"type":"Feature","geometry":{"type":"LineString","coordinates":[[3.3235952,6.5556551],[3.3225868,6.5558736]]},"properties":{"osm_id":"way/551464943","name":"Unnamed (OSM way/551464943)","named":false,"source":"OpenStreetMap contributors","source_tags":{"layer":"-1","tunnel":"culvert","waterway":"drain"},"retrieved_at":"2026-09-06T12:43:12.245Z","confidence":"openstreetmap_mapped_unverified","field_verified":false,"layer":"osm_waterway","waterway_type":"drain","navigability":"unknown"}},{"type":"Feature","geometry":{"type":"LineString","coordinates":[[3.3225868,6.5558736],[3.3223141,6.5557114],[3.32214,6.5557726],[3.3218735,6.5556027],[3.3217408,6.5553939],[3.3217054,6.5552919],[3.3213019,6.554972],[3.3208772,6.5546661],[3.3202826,6.5543531],[3.318552,6.5537343],[3.3179215,6.5534739],[3.3173548,6.5532135]]},"properties":{"osm_id":"way/551464944","name":"Unnamed (OSM way/551464944)","named":false,"source":"OpenStreetMap contributors","source_tags":{"waterway":"ditch"},"retrieved_at":"2026-09-06T12:43:12.245Z","confidence":"openstreetmap_mapped_unverified","field_verified":false,"layer":"osm_waterway","waterway_type":"ditch","navigability":"unknown"}},{"type":"Feature","geometry":{"type":"LineString","coordinates":[[3.3134461,6.5474496],[3.3141609,6.5474434],[3.3156583,6.5489861],[3.3149866,6.5505656],[3.3156152,6.5513002],[3.3162745,6.5526899],[3.3162067,6.5539326],[3.3166983,6.554255]]},"properties":{"osm_id":"way/551464945","name":"Unnamed (OSM way/551464945)","named":false,"source":"OpenStreetMap contributors","source_tags":{"waterway":"ditch"},"retrieved_at":"2026-09-06T12:43:12.245Z","confidence":"openstreetmap_mapped_unverified","field_verified":false,"layer":"osm_waterway","waterway_type":"ditch","navigability":"unknown"}},{"type":"Feature","geometry":{"type":"LineString","coordinates":[[3.3162999,6.5681676],[3.3159512,6.568157],[3.3158332,6.5680344],[3.3157957,6.565082],[3.3160049,6.5643626],[3.3159995,6.5636591]]},"properties":{"osm_id":"way/551464946","name":"Unnamed (OSM way/551464946)","named":false,"source":"OpenStreetMap contributors","source_tags":{"waterway":"ditch"},"retrieved_at":"2026-09-06T12:43:12.245Z","confidence":"openstreetmap_mapped_unverified","field_verified":false,"layer":"osm_waterway","waterway_type":"ditch","navigability":"unknown"}},{"type":"Feature","geometry":{"type":"LineString","coordinates":[[3.3159995,6.5636591],[3.315962,6.5632647]]},"properties":{"osm_id":"way/551464947","name":"Unnamed (OSM way/551464947)","named":false,"source":"OpenStreetMap contributors","source_tags":{"layer":"-1","tunnel":"culvert","waterway":"drain"},"retrieved_at":"2026-09-06T12:43:12.245Z","confidence":"openstreetmap_mapped_unverified","field_verified":false,"layer":"osm_waterway","waterway_type":"drain","navigability":"unknown"}},{"type":"Feature","geometry":{"type":"LineString","coordinates":[[3.315962,6.5632647],[3.3158951,6.5627269],[3.3158666,6.5622261],[3.3158544,6.5615436],[3.3158666,6.5606793],[3.3158788,6.5596655],[3.3159195,6.5569837],[3.316078,6.5567616],[3.3163707,6.5564425],[3.3164073,6.5552631],[3.3163656,6.554494]]},"properties":{"osm_id":"way/551464948","name":"Unnamed (OSM way/551464948)","named":false,"source":"OpenStreetMap contributors","source_tags":{"waterway":"ditch"},"retrieved_at":"2026-09-06T12:43:12.245Z","confidence":"openstreetmap_mapped_unverified","field_verified":false,"layer":"osm_waterway","waterway_type":"ditch","navigability":"unknown"}},{"type":"Feature","geometry":{"type":"LineString","coordinates":[[3.3216367,6.5820878],[3.3224337,6.5818402]]},"properties":{"osm_id":"way/551464952","name":"Unnamed (OSM way/551464952)","named":false,"source":"OpenStreetMap contributors","source_tags":{"layer":"-1","tunnel":"culvert","waterway":"drain"},"retrieved_at":"2026-09-06T12:43:12.245Z","confidence":"openstreetmap_mapped_unverified","field_verified":false,"layer":"osm_waterway","waterway_type":"drain","navigability":"unknown"}},{"type":"Feature","geometry":{"type":"LineString","coordinates":[[3.3224337,6.5818402],[3.3238356,6.5812862]]},"properties":{"osm_id":"way/551464953","name":"Unnamed (OSM way/551464953)","named":false,"source":"OpenStreetMap contributors","source_tags":{"waterway":"drain"},"retrieved_at":"2026-09-06T12:43:12.245Z","confidence":"openstreetmap_mapped_unverified","field_verified":false,"layer":"osm_waterway","waterway_type":"drain","navigability":"unknown"}},{"type":"Feature","geometry":{"type":"LineString","coordinates":[[3.3206138,6.5820756],[3.3196894,6.5818001]]},"properties":{"osm_id":"way/551464955","name":"Unnamed (OSM way/551464955)","named":false,"source":"OpenStreetMap contributors","source_tags":{"layer":"-1","tunnel":"culvert","waterway":"drain"},"retrieved_at":"2026-09-06T12:43:12.245Z","confidence":"openstreetmap_mapped_unverified","field_verified":false,"layer":"osm_waterway","waterway_type":"drain","navigability":"unknown"}},{"type":"Feature","geometry":{"type":"LineString","coordinates":[[3.3196894,6.5818001],[3.3180626,6.5811084]]},"properties":{"osm_id":"way/551464956","name":"Unnamed (OSM way/551464956)","named":false,"source":"OpenStreetMap contributors","source_tags":{"waterway":"ditch"},"retrieved_at":"2026-09-06T12:43:12.245Z","confidence":"openstreetmap_mapped_unverified","field_verified":false,"layer":"osm_waterway","waterway_type":"ditch","navigability":"unknown"}},{"type":"Feature","geometry":{"type":"LineString","coordinates":[[3.3180626,6.5811084],[3.3173725,6.5807533]]},"properties":{"osm_id":"way/551464957","name":"Unnamed (OSM way/551464957)","named":false,"source":"OpenStreetMap contributors","source_tags":{"layer":"-1","tunnel":"culvert","waterway":"drain"},"retrieved_at":"2026-09-06T12:43:12.245Z","confidence":"openstreetmap_mapped_unverified","field_verified":false,"layer":"osm_waterway","waterway_type":"drain","navigability":"unknown"}},{"type":"Feature","geometry":{"type":"LineString","coordinates":[[3.3173725,6.5807533],[3.3156121,6.5800269]]},"properties":{"osm_id":"way/551464958","name":"Unnamed (OSM way/551464958)","named":false,"source":"OpenStreetMap contributors","source_tags":{"waterway":"ditch"},"retrieved_at":"2026-09-06T12:43:12.245Z","confidence":"openstreetmap_mapped_unverified","field_verified":false,"layer":"osm_waterway","waterway_type":"ditch","navigability":"unknown"}},{"type":"Feature","geometry":{"type":"LineString","coordinates":[[3.3157581,6.5691783],[3.3157489,6.569818]]},"properties":{"osm_id":"way/551464959","name":"Unnamed (OSM way/551464959)","named":false,"source":"OpenStreetMap contributors","source_tags":{"waterway":"ditch"},"retrieved_at":"2026-09-06T12:43:12.245Z","confidence":"openstreetmap_mapped_unverified","field_verified":false,"layer":"osm_waterway","waterway_type":"ditch","navigability":"unknown"}},{"type":"Feature","geometry":{"type":"LineString","coordinates":[[3.3157489,6.569818],[3.3157489,6.5700965]]},"properties":{"osm_id":"way/551464960","name":"Unnamed (OSM way/551464960)","named":false,"source":"OpenStreetMap contributors","source_tags":{"layer":"-1","tunnel":"culvert","waterway":"drain"},"retrieved_at":"2026-09-06T12:43:12.245Z","confidence":"openstreetmap_mapped_unverified","field_verified":false,"layer":"osm_waterway","waterway_type":"drain","navigability":"unknown"}},{"type":"Feature","geometry":{"type":"LineString","coordinates":[[3.3157489,6.5700965],[3.3156121,6.5800269]]},"properties":{"osm_id":"way/551464961","name":"Unnamed (OSM way/551464961)","named":false,"source":"OpenStreetMap contributors","source_tags":{"waterway":"ditch"},"retrieved_at":"2026-09-06T12:43:12.245Z","confidence":"openstreetmap_mapped_unverified","field_verified":false,"layer":"osm_waterway","waterway_type":"ditch","navigability":"unknown"}},{"type":"Feature","geometry":{"type":"LineString","coordinates":[[3.3156121,6.5800269],[3.3147261,6.5802397]]},"properties":{"osm_id":"way/551464962","name":"Unnamed (OSM way/551464962)","named":false,"source":"OpenStreetMap contributors","source_tags":{"layer":"-1","tunnel":"culvert","waterway":"drain"},"retrieved_at":"2026-09-06T12:43:12.245Z","confidence":"openstreetmap_mapped_unverified","field_verified":false,"layer":"osm_waterway","waterway_type":"drain","navigability":"unknown"}},{"type":"Feature","geometry":{"type":"LineString","coordinates":[[3.3147261,6.5802397],[3.3143772,6.5802999],[3.31428,6.5802927]]},"properties":{"osm_id":"way/551464963","name":"Unnamed (OSM way/551464963)","named":false,"source":"OpenStreetMap contributors","source_tags":{"waterway":"ditch"},"retrieved_at":"2026-09-06T12:43:12.245Z","confidence":"openstreetmap_mapped_unverified","field_verified":false,"layer":"osm_waterway","waterway_type":"ditch","navigability":"unknown"}},{"type":"Feature","geometry":{"type":"LineString","coordinates":[[3.4306484,6.4455202],[3.4307977,6.4448316],[3.4305356,6.4445086],[3.4306144,6.444037]]},"properties":{"osm_id":"way/555290588","name":"Unnamed (OSM way/555290588)","named":false,"source":"OpenStreetMap contributors","source_tags":{"waterway":"drain"},"retrieved_at":"2026-09-06T12:43:12.245Z","confidence":"openstreetmap_mapped_unverified","field_verified":false,"layer":"osm_waterway","waterway_type":"drain","navigability":"unknown"}},{"type":"Feature","geometry":{"type":"LineString","coordinates":[[3.4819472,6.4357116],[3.4819202,6.4359874]]},"properties":{"osm_id":"way/555290589","name":"Unnamed (OSM way/555290589)","named":false,"source":"OpenStreetMap contributors","source_tags":{"layer":"-1","tunnel":"culvert","waterway":"drain"},"retrieved_at":"2026-09-06T12:43:12.245Z","confidence":"openstreetmap_mapped_unverified","field_verified":false,"layer":"osm_waterway","waterway_type":"drain","navigability":"unknown"}},{"type":"Feature","geometry":{"type":"LineString","coordinates":[[3.4819202,6.4359874],[3.4819318,6.4369743]]},"properties":{"osm_id":"way/555290590","name":"Unnamed (OSM way/555290590)","named":false,"source":"OpenStreetMap contributors","source_tags":{"waterway":"ditch"},"retrieved_at":"2026-09-06T12:43:12.245Z","confidence":"openstreetmap_mapped_unverified","field_verified":false,"layer":"osm_waterway","waterway_type":"ditch","navigability":"unknown"}},{"type":"Feature","geometry":{"type":"LineString","coordinates":[[3.4847351,6.4335446],[3.4842505,6.4334734]]},"properties":{"osm_id":"way/555290591","name":"Unnamed (OSM way/555290591)","named":false,"source":"OpenStreetMap contributors","source_tags":{"layer":"-1","tunnel":"culvert","waterway":"drain"},"retrieved_at":"2026-09-06T12:43:12.245Z","confidence":"openstreetmap_mapped_unverified","field_verified":false,"layer":"osm_waterway","waterway_type":"drain","navigability":"unknown"}},{"type":"Feature","geometry":{"type":"LineString","coordinates":[[3.4842505,6.4334734],[3.483286,6.4333632],[3.4827331,6.4333],[3.4825764,6.4333354],[3.482295,6.4335124],[3.4822344,6.4336115],[3.4822229,6.4337309],[3.4822469,6.4338575],[3.4822309,6.4339406],[3.4819887,6.4352892],[3.4819472,6.4357116]]},"properties":{"osm_id":"way/555290592","name":"Unnamed (OSM way/555290592)","named":false,"source":"OpenStreetMap contributors","source_tags":{"waterway":"ditch"},"retrieved_at":"2026-09-06T12:43:12.245Z","confidence":"openstreetmap_mapped_unverified","field_verified":false,"layer":"osm_waterway","waterway_type":"ditch","navigability":"unknown"}},{"type":"Feature","geometry":{"type":"LineString","coordinates":[[3.4692032,6.4313179],[3.4744603,6.4320395]]},"properties":{"osm_id":"way/555290593","name":"Unnamed (OSM way/555290593)","named":false,"source":"OpenStreetMap contributors","source_tags":{"waterway":"ditch"},"retrieved_at":"2026-09-06T12:43:12.245Z","confidence":"openstreetmap_mapped_unverified","field_verified":false,"layer":"osm_waterway","waterway_type":"ditch","navigability":"unknown"}},{"type":"Feature","geometry":{"type":"LineString","coordinates":[[3.4744603,6.4320395],[3.4747775,6.4320862]]},"properties":{"osm_id":"way/555290594","name":"Unnamed (OSM way/555290594)","named":false,"source":"OpenStreetMap contributors","source_tags":{"layer":"-1","tunnel":"culvert","waterway":"drain"},"retrieved_at":"2026-09-06T12:43:12.245Z","confidence":"openstreetmap_mapped_unverified","field_verified":false,"layer":"osm_waterway","waterway_type":"drain","navigability":"unknown"}},{"type":"Feature","geometry":{"type":"LineString","coordinates":[[3.4747775,6.4320862],[3.4779877,6.4325533]]},"properties":{"osm_id":"way/555290595","name":"Unnamed (OSM way/555290595)","named":false,"source":"OpenStreetMap contributors","source_tags":{"waterway":"ditch"},"retrieved_at":"2026-09-06T12:43:12.245Z","confidence":"openstreetmap_mapped_unverified","field_verified":false,"layer":"osm_waterway","waterway_type":"ditch","navigability":"unknown"}},{"type":"Feature","geometry":{"type":"LineString","coordinates":[[3.4779877,6.4325533],[3.4781968,6.4325813]]},"properties":{"osm_id":"way/555290596","name":"Unnamed (OSM way/555290596)","named":false,"source":"OpenStreetMap contributors","source_tags":{"layer":"-1","tunnel":"culvert","waterway":"drain"},"retrieved_at":"2026-09-06T12:43:12.245Z","confidence":"openstreetmap_mapped_unverified","field_verified":false,"layer":"osm_waterway","waterway_type":"drain","navigability":"unknown"}},{"type":"Feature","geometry":{"type":"LineString","coordinates":[[3.4781968,6.4325813],[3.4802672,6.4328849],[3.4810286,6.433032],[3.4815973,6.433102],[3.4817054,6.4331324],[3.4817712,6.4331908],[3.4818229,6.4332492],[3.4819169,6.4334453],[3.4819381,6.4335481]]},"properties":{"osm_id":"way/555290597","name":"Unnamed (OSM way/555290597)","named":false,"source":"OpenStreetMap contributors","source_tags":{"waterway":"ditch"},"retrieved_at":"2026-09-06T12:43:12.245Z","confidence":"openstreetmap_mapped_unverified","field_verified":false,"layer":"osm_waterway","waterway_type":"ditch","navigability":"unknown"}},{"type":"Feature","geometry":{"type":"LineString","coordinates":[[3.4819381,6.4335481],[3.4822344,6.4336115]]},"properties":{"osm_id":"way/555290598","name":"Unnamed (OSM way/555290598)","named":false,"source":"OpenStreetMap contributors","source_tags":{"layer":"-1","tunnel":"culvert","waterway":"drain"},"retrieved_at":"2026-09-06T12:43:12.245Z","confidence":"openstreetmap_mapped_unverified","field_verified":false,"layer":"osm_waterway","waterway_type":"drain","navigability":"unknown"}},{"type":"Feature","geometry":{"type":"LineString","coordinates":[[3.4693774,6.4308844],[3.4742985,6.4316113]]},"properties":{"osm_id":"way/555290599","name":"Unnamed (OSM way/555290599)","named":false,"source":"OpenStreetMap contributors","source_tags":{"waterway":"ditch"},"retrieved_at":"2026-09-06T12:43:12.245Z","confidence":"openstreetmap_mapped_unverified","field_verified":false,"layer":"osm_waterway","waterway_type":"ditch","navigability":"unknown"}},{"type":"Feature","geometry":{"type":"LineString","coordinates":[[3.4742985,6.4316113],[3.4745874,6.4316596]]},"properties":{"osm_id":"way/555290600","name":"Unnamed (OSM way/555290600)","named":false,"source":"OpenStreetMap contributors","source_tags":{"layer":"-1","tunnel":"culvert","waterway":"drain"},"retrieved_at":"2026-09-06T12:43:12.245Z","confidence":"openstreetmap_mapped_unverified","field_verified":false,"layer":"osm_waterway","waterway_type":"drain","navigability":"unknown"}},{"type":"Feature","geometry":{"type":"LineString","coordinates":[[3.4745874,6.4316596],[3.4806745,6.4324969]]},"properties":{"osm_id":"way/555290601","name":"Unnamed (OSM way/555290601)","named":false,"source":"OpenStreetMap contributors","source_tags":{"waterway":"ditch"},"retrieved_at":"2026-09-06T12:43:12.245Z","confidence":"openstreetmap_mapped_unverified","field_verified":false,"layer":"osm_waterway","waterway_type":"ditch","navigability":"unknown"}},{"type":"Feature","geometry":{"type":"LineString","coordinates":[[3.4811106,6.4325585],[3.4810286,6.433032]]},"properties":{"osm_id":"way/555290602","name":"Unnamed (OSM way/555290602)","named":false,"source":"OpenStreetMap contributors","source_tags":{"layer":"-1","tunnel":"culvert","waterway":"drain"},"retrieved_at":"2026-09-06T12:43:12.245Z","confidence":"openstreetmap_mapped_unverified","field_verified":false,"layer":"osm_waterway","waterway_type":"drain","navigability":"unknown"}},{"type":"Feature","geometry":{"type":"LineString","coordinates":[[3.4820811,6.4323544],[3.4820379,6.4324912],[3.4817626,6.4326655],[3.4811106,6.4325585]]},"properties":{"osm_id":"way/555290603","name":"Unnamed (OSM way/555290603)","named":false,"source":"OpenStreetMap contributors","source_tags":{"waterway":"ditch"},"retrieved_at":"2026-09-06T12:43:12.245Z","confidence":"openstreetmap_mapped_unverified","field_verified":false,"layer":"osm_waterway","waterway_type":"ditch","navigability":"unknown"}},{"type":"Feature","geometry":{"type":"LineString","coordinates":[[3.4908085,6.4337573],[3.490741,6.4338753],[3.4906088,6.4339505],[3.49049,6.4339639],[3.4883358,6.4336688]]},"properties":{"osm_id":"way/555290604","name":"Unnamed (OSM way/555290604)","named":false,"source":"OpenStreetMap contributors","source_tags":{"waterway":"ditch"},"retrieved_at":"2026-09-06T12:43:12.245Z","confidence":"openstreetmap_mapped_unverified","field_verified":false,"layer":"osm_waterway","waterway_type":"ditch","navigability":"unknown"}},{"type":"Feature","geometry":{"type":"LineString","coordinates":[[3.4883358,6.4336688],[3.4879093,6.4336098]]},"properties":{"osm_id":"way/555290605","name":"Unnamed (OSM way/555290605)","named":false,"source":"OpenStreetMap contributors","source_tags":{"layer":"-1","tunnel":"culvert","waterway":"drain"},"retrieved_at":"2026-09-06T12:43:12.245Z","confidence":"openstreetmap_mapped_unverified","field_verified":false,"layer":"osm_waterway","waterway_type":"drain","navigability":"unknown"}},{"type":"Feature","geometry":{"type":"LineString","coordinates":[[3.4879093,6.4336098],[3.4833445,6.432915]]},"properties":{"osm_id":"way/555290606","name":"Unnamed (OSM way/555290606)","named":false,"source":"OpenStreetMap contributors","source_tags":{"waterway":"ditch"},"retrieved_at":"2026-09-06T12:43:12.245Z","confidence":"openstreetmap_mapped_unverified","field_verified":false,"layer":"osm_waterway","waterway_type":"ditch","navigability":"unknown"}},{"type":"Feature","geometry":{"type":"LineString","coordinates":[[3.4823889,6.4323678],[3.4824185,6.4325368],[3.4826372,6.4327943],[3.4827803,6.4328506],[3.4833445,6.432915]]},"properties":{"osm_id":"way/555290607","name":"Unnamed (OSM way/555290607)","named":false,"source":"OpenStreetMap contributors","source_tags":{"waterway":"ditch"},"retrieved_at":"2026-09-06T12:43:12.245Z","confidence":"openstreetmap_mapped_unverified","field_verified":false,"layer":"osm_waterway","waterway_type":"ditch","navigability":"unknown"}},{"type":"Feature","geometry":{"type":"LineString","coordinates":[[3.4747238,6.4367922],[3.4767526,6.4376238]]},"properties":{"osm_id":"way/555290609","name":"Unnamed (OSM way/555290609)","named":false,"source":"OpenStreetMap contributors","source_tags":{"waterway":"drain"},"retrieved_at":"2026-09-06T12:43:12.245Z","confidence":"openstreetmap_mapped_unverified","field_verified":false,"layer":"osm_waterway","waterway_type":"drain","navigability":"unknown"}},{"type":"Feature","geometry":{"type":"LineString","coordinates":[[3.4499697,6.4256559],[3.449775,6.4300873]]},"properties":{"osm_id":"way/556872662","name":"Unnamed (OSM way/556872662)","named":false,"source":"OpenStreetMap contributors","source_tags":{"waterway":"drain"},"retrieved_at":"2026-09-06T12:43:12.245Z","confidence":"openstreetmap_mapped_unverified","field_verified":false,"layer":"osm_waterway","waterway_type":"drain","navigability":"unknown"}},{"type":"Feature","geometry":{"type":"LineString","coordinates":[[3.449775,6.4300873],[3.4497609,6.4302491]]},"properties":{"osm_id":"way/556872663","name":"Unnamed (OSM way/556872663)","named":false,"source":"OpenStreetMap contributors","source_tags":{"layer":"-1","tunnel":"culvert","waterway":"drain"},"retrieved_at":"2026-09-06T12:43:12.245Z","confidence":"openstreetmap_mapped_unverified","field_verified":false,"layer":"osm_waterway","waterway_type":"drain","navigability":"unknown"}},{"type":"Feature","geometry":{"type":"LineString","coordinates":[[3.4497609,6.4302491],[3.4496901,6.4319372],[3.449499,6.4321095],[3.4494211,6.4348316]]},"properties":{"osm_id":"way/556872664","name":"Unnamed (OSM way/556872664)","named":false,"source":"OpenStreetMap contributors","source_tags":{"waterway":"drain"},"retrieved_at":"2026-09-06T12:43:12.245Z","confidence":"openstreetmap_mapped_unverified","field_verified":false,"layer":"osm_waterway","waterway_type":"drain","navigability":"unknown"}},{"type":"Feature","geometry":{"type":"LineString","coordinates":[[3.4494211,6.4348316],[3.449414,6.4350145]]},"properties":{"osm_id":"way/556872665","name":"Unnamed (OSM way/556872665)","named":false,"source":"OpenStreetMap contributors","source_tags":{"layer":"-1","tunnel":"culvert","waterway":"drain"},"retrieved_at":"2026-09-06T12:43:12.245Z","confidence":"openstreetmap_mapped_unverified","field_verified":false,"layer":"osm_waterway","waterway_type":"drain","navigability":"unknown"}},{"type":"Feature","geometry":{"type":"LineString","coordinates":[[3.449414,6.4350145],[3.4494671,6.4351763],[3.4496441,6.4357354],[3.4497078,6.4359957],[3.4497255,6.4362208],[3.4497452,6.4363148],[3.4497845,6.4363906]]},"properties":{"osm_id":"way/556872666","name":"Unnamed (OSM way/556872666)","named":false,"source":"OpenStreetMap contributors","source_tags":{"waterway":"drain"},"retrieved_at":"2026-09-06T12:43:12.245Z","confidence":"openstreetmap_mapped_unverified","field_verified":false,"layer":"osm_waterway","waterway_type":"drain","navigability":"unknown"}},{"type":"Feature","geometry":{"type":"LineString","coordinates":[[3.4497845,6.4363906],[3.4498016,6.436424],[3.4505632,6.4368373],[3.4504184,6.4372572]]},"properties":{"osm_id":"way/556872667","name":"Unnamed (OSM way/556872667)","named":false,"source":"OpenStreetMap contributors","source_tags":{"layer":"-1","tunnel":"culvert","waterway":"drain"},"retrieved_at":"2026-09-06T12:43:12.245Z","confidence":"openstreetmap_mapped_unverified","field_verified":false,"layer":"osm_waterway","waterway_type":"drain","navigability":"unknown"}},{"type":"Feature","geometry":{"type":"LineString","coordinates":[[3.4504184,6.4372572],[3.4503067,6.4375332]]},"properties":{"osm_id":"way/556872668","name":"Unnamed (OSM way/556872668)","named":false,"source":"OpenStreetMap contributors","source_tags":{"waterway":"drain"},"retrieved_at":"2026-09-06T12:43:12.245Z","confidence":"openstreetmap_mapped_unverified","field_verified":false,"layer":"osm_waterway","waterway_type":"drain","navigability":"unknown"}},{"type":"Feature","geometry":{"type":"LineString","coordinates":[[3.4319404,6.4482879],[3.4317512,6.4481248]]},"properties":{"osm_id":"way/558109871","name":"Unnamed (OSM way/558109871)","named":false,"source":"OpenStreetMap contributors","source_tags":{"layer":"-1","tunnel":"culvert","waterway":"drain"},"retrieved_at":"2026-09-06T12:43:12.245Z","confidence":"openstreetmap_mapped_unverified","field_verified":false,"layer":"osm_waterway","waterway_type":"drain","navigability":"unknown"}},{"type":"Feature","geometry":{"type":"LineString","coordinates":[[3.4324314,6.448686],[3.4319404,6.4482879]]},"properties":{"osm_id":"way/558109872","name":"Unnamed (OSM way/558109872)","named":false,"source":"OpenStreetMap contributors","source_tags":{"waterway":"drain"},"retrieved_at":"2026-09-06T12:43:12.245Z","confidence":"openstreetmap_mapped_unverified","field_verified":false,"layer":"osm_waterway","waterway_type":"drain","navigability":"unknown"}},{"type":"Feature","geometry":{"type":"LineString","coordinates":[[3.4306648,6.4438238],[3.4308299,6.4427467]]},"properties":{"osm_id":"way/558109873","name":"Unnamed (OSM way/558109873)","named":false,"source":"OpenStreetMap contributors","source_tags":{"waterway":"drain"},"retrieved_at":"2026-09-06T12:43:12.245Z","confidence":"openstreetmap_mapped_unverified","field_verified":false,"layer":"osm_waterway","waterway_type":"drain","navigability":"unknown"}},{"type":"Feature","geometry":{"type":"LineString","coordinates":[[3.4306144,6.444037],[3.4306648,6.4438238]]},"properties":{"osm_id":"way/558109874","name":"Unnamed (OSM way/558109874)","named":false,"source":"OpenStreetMap contributors","source_tags":{"layer":"-1","tunnel":"culvert","waterway":"drain"},"retrieved_at":"2026-09-06T12:43:12.245Z","confidence":"openstreetmap_mapped_unverified","field_verified":false,"layer":"osm_waterway","waterway_type":"drain","navigability":"unknown"}},{"type":"Feature","geometry":{"type":"LineString","coordinates":[[3.438746,6.4427224],[3.4386993,6.4424593]]},"properties":{"osm_id":"way/558109875","name":"Unnamed (OSM way/558109875)","named":false,"source":"OpenStreetMap contributors","source_tags":{"waterway":"drain"},"retrieved_at":"2026-09-06T12:43:12.245Z","confidence":"openstreetmap_mapped_unverified","field_verified":false,"layer":"osm_waterway","waterway_type":"drain","navigability":"unknown"}},{"type":"Feature","geometry":{"type":"LineString","coordinates":[[3.4387636,6.4428397],[3.438746,6.4427224]]},"properties":{"osm_id":"way/558109876","name":"Unnamed (OSM way/558109876)","named":false,"source":"OpenStreetMap contributors","source_tags":{"layer":"-1","tunnel":"culvert","waterway":"drain"},"retrieved_at":"2026-09-06T12:43:12.245Z","confidence":"openstreetmap_mapped_unverified","field_verified":false,"layer":"osm_waterway","waterway_type":"drain","navigability":"unknown"}},{"type":"Feature","geometry":{"type":"LineString","coordinates":[[3.4198922,6.4625821],[3.4198125,6.4626928],[3.4197897,6.462809]]},"properties":{"osm_id":"way/558109877","name":"Unnamed (OSM way/558109877)","named":false,"source":"OpenStreetMap contributors","source_tags":{"layer":"-1","tunnel":"culvert","waterway":"drain"},"retrieved_at":"2026-09-06T12:43:12.245Z","confidence":"openstreetmap_mapped_unverified","field_verified":false,"layer":"osm_waterway","waterway_type":"drain","navigability":"unknown"}},{"type":"Feature","geometry":{"type":"LineString","coordinates":[[3.4197897,6.462809],[3.4197564,6.4631799]]},"properties":{"osm_id":"way/558109878","name":"Unnamed (OSM way/558109878)","named":false,"source":"OpenStreetMap contributors","source_tags":{"waterway":"ditch"},"retrieved_at":"2026-09-06T12:43:12.245Z","confidence":"openstreetmap_mapped_unverified","field_verified":false,"layer":"osm_waterway","waterway_type":"ditch","navigability":"unknown"}},{"type":"Feature","geometry":{"type":"LineString","coordinates":[[3.4198468,6.4634451],[3.4199447,6.4636422],[3.4199278,6.4638535],[3.4199063,6.463966],[3.4198526,6.4641423],[3.4197219,6.4642606],[3.4194954,6.464365],[3.4192297,6.4644608]]},"properties":{"osm_id":"way/558109879","name":"Unnamed (OSM way/558109879)","named":false,"source":"OpenStreetMap contributors","source_tags":{"waterway":"ditch"},"retrieved_at":"2026-09-06T12:43:12.245Z","confidence":"openstreetmap_mapped_unverified","field_verified":false,"layer":"osm_waterway","waterway_type":"ditch","navigability":"unknown"}},{"type":"Feature","geometry":{"type":"LineString","coordinates":[[3.4197564,6.4631799],[3.4198468,6.4634451]]},"properties":{"osm_id":"way/558109880","name":"Unnamed (OSM way/558109880)","named":false,"source":"OpenStreetMap contributors","source_tags":{"layer":"-1","tunnel":"culvert","waterway":"drain"},"retrieved_at":"2026-09-06T12:43:12.245Z","confidence":"openstreetmap_mapped_unverified","field_verified":false,"layer":"osm_waterway","waterway_type":"drain","navigability":"unknown"}},{"type":"Feature","geometry":{"type":"LineString","coordinates":[[3.4187572,6.4303146],[3.4187826,6.4314967],[3.4188453,6.4317421]]},"properties":{"osm_id":"way/558895923","name":"Unnamed (OSM way/558895923)","named":false,"source":"OpenStreetMap contributors","source_tags":{"waterway":"drain"},"retrieved_at":"2026-09-06T12:43:12.245Z","confidence":"openstreetmap_mapped_unverified","field_verified":false,"layer":"osm_waterway","waterway_type":"drain","navigability":"unknown"}},{"type":"Feature","geometry":{"type":"LineString","coordinates":[[3.4187545,6.4300486],[3.4187572,6.4303146]]},"properties":{"osm_id":"way/558895924","name":"Unnamed (OSM way/558895924)","named":false,"source":"OpenStreetMap contributors","source_tags":{"layer":"-1","tunnel":"culvert","waterway":"drain"},"retrieved_at":"2026-09-06T12:43:12.245Z","confidence":"openstreetmap_mapped_unverified","field_verified":false,"layer":"osm_waterway","waterway_type":"drain","navigability":"unknown"}},{"type":"Feature","geometry":{"type":"LineString","coordinates":[[3.4279729,6.4344362],[3.4279736,6.4341637]]},"properties":{"osm_id":"way/558895925","name":"Unnamed (OSM way/558895925)","named":false,"source":"OpenStreetMap contributors","source_tags":{"layer":"-1","tunnel":"culvert","waterway":"drain"},"retrieved_at":"2026-09-06T12:43:12.245Z","confidence":"openstreetmap_mapped_unverified","field_verified":false,"layer":"osm_waterway","waterway_type":"drain","navigability":"unknown"}},{"type":"Feature","geometry":{"type":"LineString","coordinates":[[3.4279736,6.4341637],[3.4279754,6.4334376]]},"properties":{"osm_id":"way/558895926","name":"Unnamed (OSM way/558895926)","named":false,"source":"OpenStreetMap contributors","source_tags":{"waterway":"drain"},"retrieved_at":"2026-09-06T12:43:12.245Z","confidence":"openstreetmap_mapped_unverified","field_verified":false,"layer":"osm_waterway","waterway_type":"drain","navigability":"unknown"}},{"type":"Feature","geometry":{"type":"LineString","coordinates":[[3.4257166,6.428996],[3.4297141,6.4290004]]},"properties":{"osm_id":"way/558895934","name":"Unnamed (OSM way/558895934)","named":false,"source":"OpenStreetMap contributors","source_tags":{"waterway":"drain"},"retrieved_at":"2026-09-06T12:43:12.245Z","confidence":"openstreetmap_mapped_unverified","field_verified":false,"layer":"osm_waterway","waterway_type":"drain","navigability":"unknown"}},{"type":"Feature","geometry":{"type":"LineString","coordinates":[[3.4255048,6.4289958],[3.4257166,6.428996]]},"properties":{"osm_id":"way/558895935","name":"Unnamed (OSM way/558895935)","named":false,"source":"OpenStreetMap contributors","source_tags":{"layer":"-1","tunnel":"culvert","waterway":"drain"},"retrieved_at":"2026-09-06T12:43:12.245Z","confidence":"openstreetmap_mapped_unverified","field_verified":false,"layer":"osm_waterway","waterway_type":"drain","navigability":"unknown"}},{"type":"Feature","geometry":{"type":"LineString","coordinates":[[3.4240787,6.4247622],[3.4244951,6.4247566],[3.4247662,6.4247476]]},"properties":{"osm_id":"way/558895936","name":"Unnamed (OSM way/558895936)","named":false,"source":"OpenStreetMap contributors","source_tags":{"waterway":"drain"},"retrieved_at":"2026-09-06T12:43:12.245Z","confidence":"openstreetmap_mapped_unverified","field_verified":false,"layer":"osm_waterway","waterway_type":"drain","navigability":"unknown"}},{"type":"Feature","geometry":{"type":"LineString","coordinates":[[3.4237752,6.4247702],[3.4240787,6.4247622]]},"properties":{"osm_id":"way/558895937","name":"Unnamed (OSM way/558895937)","named":false,"source":"OpenStreetMap contributors","source_tags":{"layer":"-1","tunnel":"culvert","waterway":"drain"},"retrieved_at":"2026-09-06T12:43:12.245Z","confidence":"openstreetmap_mapped_unverified","field_verified":false,"layer":"osm_waterway","waterway_type":"drain","navigability":"unknown"}},{"type":"Feature","geometry":{"type":"LineString","coordinates":[[3.4270828,6.424683],[3.4281935,6.4246537]]},"properties":{"osm_id":"way/558895938","name":"Unnamed (OSM way/558895938)","named":false,"source":"OpenStreetMap contributors","source_tags":{"waterway":"drain"},"retrieved_at":"2026-09-06T12:43:12.245Z","confidence":"openstreetmap_mapped_unverified","field_verified":false,"layer":"osm_waterway","waterway_type":"drain","navigability":"unknown"}},{"type":"Feature","geometry":{"type":"LineString","coordinates":[[3.4268054,6.4246903],[3.4270828,6.424683]]},"properties":{"osm_id":"way/558895939","name":"Unnamed (OSM way/558895939)","named":false,"source":"OpenStreetMap contributors","source_tags":{"layer":"-1","tunnel":"culvert","waterway":"drain"},"retrieved_at":"2026-09-06T12:43:12.245Z","confidence":"openstreetmap_mapped_unverified","field_verified":false,"layer":"osm_waterway","waterway_type":"drain","navigability":"unknown"}},{"type":"Feature","geometry":{"type":"LineString","coordinates":[[3.4285618,6.424644],[3.4294778,6.4246199]]},"properties":{"osm_id":"way/558895940","name":"Unnamed (OSM way/558895940)","named":false,"source":"OpenStreetMap contributors","source_tags":{"waterway":"drain"},"retrieved_at":"2026-09-06T12:43:12.245Z","confidence":"openstreetmap_mapped_unverified","field_verified":false,"layer":"osm_waterway","waterway_type":"drain","navigability":"unknown"}},{"type":"Feature","geometry":{"type":"LineString","coordinates":[[3.4281935,6.4246537],[3.4285618,6.424644]]},"properties":{"osm_id":"way/558895941","name":"Unnamed (OSM way/558895941)","named":false,"source":"OpenStreetMap contributors","source_tags":{"layer":"-1","tunnel":"culvert","waterway":"drain"},"retrieved_at":"2026-09-06T12:43:12.245Z","confidence":"openstreetmap_mapped_unverified","field_verified":false,"layer":"osm_waterway","waterway_type":"drain","navigability":"unknown"}},{"type":"Feature","geometry":{"type":"LineString","coordinates":[[3.4158476,6.4307559],[3.4158407,6.4352993]]},"properties":{"osm_id":"way/558895942","name":"Unnamed (OSM way/558895942)","named":false,"source":"OpenStreetMap contributors","source_tags":{"waterway":"drain"},"retrieved_at":"2026-09-06T12:43:12.245Z","confidence":"openstreetmap_mapped_unverified","field_verified":false,"layer":"osm_waterway","waterway_type":"drain","navigability":"unknown"}},{"type":"Feature","geometry":{"type":"LineString","coordinates":[[3.4158435,6.430456],[3.4158476,6.4307559]]},"properties":{"osm_id":"way/558895943","name":"Unnamed (OSM way/558895943)","named":false,"source":"OpenStreetMap contributors","source_tags":{"layer":"-1","tunnel":"culvert","waterway":"drain"},"retrieved_at":"2026-09-06T12:43:12.245Z","confidence":"openstreetmap_mapped_unverified","field_verified":false,"layer":"osm_waterway","waterway_type":"drain","navigability":"unknown"}},{"type":"Feature","geometry":{"type":"LineString","coordinates":[[3.4188796,6.4319239],[3.4190922,6.4327528],[3.4193263,6.4335817],[3.4193964,6.4339185],[3.4194205,6.434634],[3.4194193,6.4356092]]},"properties":{"osm_id":"way/558895944","name":"Unnamed (OSM way/558895944)","named":false,"source":"OpenStreetMap contributors","source_tags":{"waterway":"drain"},"retrieved_at":"2026-09-06T12:43:12.245Z","confidence":"openstreetmap_mapped_unverified","field_verified":false,"layer":"osm_waterway","waterway_type":"drain","navigability":"unknown"}},{"type":"Feature","geometry":{"type":"LineString","coordinates":[[3.4188453,6.4317421],[3.4188796,6.4319239]]},"properties":{"osm_id":"way/558895945","name":"Unnamed (OSM way/558895945)","named":false,"source":"OpenStreetMap contributors","source_tags":{"layer":"-1","tunnel":"culvert","waterway":"drain"},"retrieved_at":"2026-09-06T12:43:12.245Z","confidence":"openstreetmap_mapped_unverified","field_verified":false,"layer":"osm_waterway","waterway_type":"drain","navigability":"unknown"}},{"type":"Feature","geometry":{"type":"LineString","coordinates":[[3.4194191,6.4357904],[3.4194187,6.4361294]]},"properties":{"osm_id":"way/558895946","name":"Unnamed (OSM way/558895946)","named":false,"source":"OpenStreetMap contributors","source_tags":{"waterway":"drain"},"retrieved_at":"2026-09-06T12:43:12.245Z","confidence":"openstreetmap_mapped_unverified","field_verified":false,"layer":"osm_waterway","waterway_type":"drain","navigability":"unknown"}},{"type":"Feature","geometry":{"type":"LineString","coordinates":[[3.4194193,6.4356092],[3.4194193,6.4356465],[3.4194191,6.4357904]]},"properties":{"osm_id":"way/558895947","name":"Unnamed (OSM way/558895947)","named":false,"source":"OpenStreetMap contributors","source_tags":{"layer":"-1","tunnel":"culvert","waterway":"drain"},"retrieved_at":"2026-09-06T12:43:12.245Z","confidence":"openstreetmap_mapped_unverified","field_verified":false,"layer":"osm_waterway","waterway_type":"drain","navigability":"unknown"}},{"type":"Feature","geometry":{"type":"LineString","coordinates":[[3.4194179,6.4368735],[3.4194177,6.4370514],[3.4193723,6.4372676]]},"properties":{"osm_id":"way/558895948","name":"Unnamed (OSM way/558895948)","named":false,"source":"OpenStreetMap contributors","source_tags":{"waterway":"drain"},"retrieved_at":"2026-09-06T12:43:12.245Z","confidence":"openstreetmap_mapped_unverified","field_verified":false,"layer":"osm_waterway","waterway_type":"drain","navigability":"unknown"}},{"type":"Feature","geometry":{"type":"LineString","coordinates":[[3.4194182,6.4366291],[3.4194179,6.4368735]]},"properties":{"osm_id":"way/558895949","name":"Unnamed (OSM way/558895949)","named":false,"source":"OpenStreetMap contributors","source_tags":{"layer":"-1","tunnel":"culvert","waterway":"drain"},"retrieved_at":"2026-09-06T12:43:12.245Z","confidence":"openstreetmap_mapped_unverified","field_verified":false,"layer":"osm_waterway","waterway_type":"drain","navigability":"unknown"}},{"type":"Feature","geometry":{"type":"LineString","coordinates":[[3.415839,6.4364406],[3.4158385,6.4367411],[3.4158824,6.4370784]]},"properties":{"osm_id":"way/558895950","name":"Unnamed (OSM way/558895950)","named":false,"source":"OpenStreetMap contributors","source_tags":{"waterway":"drain"},"retrieved_at":"2026-09-06T12:43:12.245Z","confidence":"openstreetmap_mapped_unverified","field_verified":false,"layer":"osm_waterway","waterway_type":"drain","navigability":"unknown"}},{"type":"Feature","geometry":{"type":"LineString","coordinates":[[3.4158397,6.4359407],[3.415839,6.4364406]]},"properties":{"osm_id":"way/558895951","name":"Unnamed (OSM way/558895951)","named":false,"source":"OpenStreetMap contributors","source_tags":{"layer":"-1","tunnel":"culvert","waterway":"drain"},"retrieved_at":"2026-09-06T12:43:12.245Z","confidence":"openstreetmap_mapped_unverified","field_verified":false,"layer":"osm_waterway","waterway_type":"drain","navigability":"unknown"}},{"type":"Feature","geometry":{"type":"LineString","coordinates":[[3.4158404,6.4354771],[3.4158397,6.4359407]]},"properties":{"osm_id":"way/558895952","name":"Unnamed (OSM way/558895952)","named":false,"source":"OpenStreetMap contributors","source_tags":{"waterway":"drain"},"retrieved_at":"2026-09-06T12:43:12.245Z","confidence":"openstreetmap_mapped_unverified","field_verified":false,"layer":"osm_waterway","waterway_type":"drain","navigability":"unknown"}},{"type":"Feature","geometry":{"type":"LineString","coordinates":[[3.4158407,6.4352993],[3.4158404,6.4354771]]},"properties":{"osm_id":"way/558895953","name":"Unnamed (OSM way/558895953)","named":false,"source":"OpenStreetMap contributors","source_tags":{"layer":"-1","tunnel":"culvert","waterway":"drain"},"retrieved_at":"2026-09-06T12:43:12.245Z","confidence":"openstreetmap_mapped_unverified","field_verified":false,"layer":"osm_waterway","waterway_type":"drain","navigability":"unknown"}},{"type":"Feature","geometry":{"type":"LineString","coordinates":[[3.4120821,6.4329927],[3.4120798,6.4331322]]},"properties":{"osm_id":"way/558895954","name":"Unnamed (OSM way/558895954)","named":false,"source":"OpenStreetMap contributors","source_tags":{"layer":"-1","tunnel":"culvert","waterway":"drain"},"retrieved_at":"2026-09-06T12:43:12.245Z","confidence":"openstreetmap_mapped_unverified","field_verified":false,"layer":"osm_waterway","waterway_type":"drain","navigability":"unknown"}},{"type":"Feature","geometry":{"type":"LineString","coordinates":[[3.4120798,6.4331322],[3.4120438,6.4360179]]},"properties":{"osm_id":"way/558895955","name":"Unnamed (OSM way/558895955)","named":false,"source":"OpenStreetMap contributors","source_tags":{"waterway":"drain"},"retrieved_at":"2026-09-06T12:43:12.245Z","confidence":"openstreetmap_mapped_unverified","field_verified":false,"layer":"osm_waterway","waterway_type":"drain","navigability":"unknown"}},{"type":"Feature","geometry":{"type":"LineString","coordinates":[[3.4120438,6.4360179],[3.4120489,6.4362174]]},"properties":{"osm_id":"way/558895956","name":"Unnamed (OSM way/558895956)","named":false,"source":"OpenStreetMap contributors","source_tags":{"layer":"-1","tunnel":"culvert","waterway":"drain"},"retrieved_at":"2026-09-06T12:43:12.245Z","confidence":"openstreetmap_mapped_unverified","field_verified":false,"layer":"osm_waterway","waterway_type":"drain","navigability":"unknown"}},{"type":"Feature","geometry":{"type":"LineString","coordinates":[[3.4120489,6.4362174],[3.4120526,6.436359],[3.4123319,6.4370107]]},"properties":{"osm_id":"way/558895957","name":"Unnamed (OSM way/558895957)","named":false,"source":"OpenStreetMap contributors","source_tags":{"waterway":"drain"},"retrieved_at":"2026-09-06T12:43:12.245Z","confidence":"openstreetmap_mapped_unverified","field_verified":false,"layer":"osm_waterway","waterway_type":"drain","navigability":"unknown"}},{"type":"Feature","geometry":{"type":"LineString","coordinates":[[3.4123319,6.4370107],[3.4125421,6.4373821]]},"properties":{"osm_id":"way/558895958","name":"Unnamed (OSM way/558895958)","named":false,"source":"OpenStreetMap contributors","source_tags":{"layer":"-1","tunnel":"culvert","waterway":"drain"},"retrieved_at":"2026-09-06T12:43:12.245Z","confidence":"openstreetmap_mapped_unverified","field_verified":false,"layer":"osm_waterway","waterway_type":"drain","navigability":"unknown"}},{"type":"Feature","geometry":{"type":"LineString","coordinates":[[3.4125421,6.4373821],[3.4128734,6.437942]]},"properties":{"osm_id":"way/558895959","name":"Unnamed (OSM way/558895959)","named":false,"source":"OpenStreetMap contributors","source_tags":{"waterway":"drain"},"retrieved_at":"2026-09-06T12:43:12.245Z","confidence":"openstreetmap_mapped_unverified","field_verified":false,"layer":"osm_waterway","waterway_type":"drain","navigability":"unknown"}},{"type":"Feature","geometry":{"type":"LineString","coordinates":[[3.4211319,6.4311591],[3.42181,6.4320046],[3.4218649,6.4321745]]},"properties":{"osm_id":"way/558895960","name":"Unnamed (OSM way/558895960)","named":false,"source":"OpenStreetMap contributors","source_tags":{"waterway":"drain"},"retrieved_at":"2026-09-06T12:43:12.245Z","confidence":"openstreetmap_mapped_unverified","field_verified":false,"layer":"osm_waterway","waterway_type":"drain","navigability":"unknown"}},{"type":"Feature","geometry":{"type":"LineString","coordinates":[[3.4209952,6.4309888],[3.4211319,6.4311591]]},"properties":{"osm_id":"way/558895961","name":"Unnamed (OSM way/558895961)","named":false,"source":"OpenStreetMap contributors","source_tags":{"layer":"-1","tunnel":"culvert","waterway":"drain"},"retrieved_at":"2026-09-06T12:43:12.245Z","confidence":"openstreetmap_mapped_unverified","field_verified":false,"layer":"osm_waterway","waterway_type":"drain","navigability":"unknown"}},{"type":"Feature","geometry":{"type":"LineString","coordinates":[[3.4219078,6.4323705],[3.4220336,6.4329378],[3.4220447,6.4343643]]},"properties":{"osm_id":"way/558895962","name":"Unnamed (OSM way/558895962)","named":false,"source":"OpenStreetMap contributors","source_tags":{"waterway":"drain"},"retrieved_at":"2026-09-06T12:43:12.245Z","confidence":"openstreetmap_mapped_unverified","field_verified":false,"layer":"osm_waterway","waterway_type":"drain","navigability":"unknown"}},{"type":"Feature","geometry":{"type":"LineString","coordinates":[[3.4218649,6.4321745],[3.4219078,6.4323705]]},"properties":{"osm_id":"way/558895963","name":"Unnamed (OSM way/558895963)","named":false,"source":"OpenStreetMap contributors","source_tags":{"layer":"-1","tunnel":"culvert","waterway":"drain"},"retrieved_at":"2026-09-06T12:43:12.245Z","confidence":"openstreetmap_mapped_unverified","field_verified":false,"layer":"osm_waterway","waterway_type":"drain","navigability":"unknown"}},{"type":"Feature","geometry":{"type":"LineString","coordinates":[[3.4220399,6.4364481],[3.4220441,6.4372233]]},"properties":{"osm_id":"way/558895964","name":"Unnamed (OSM way/558895964)","named":false,"source":"OpenStreetMap contributors","source_tags":{"waterway":"drain"},"retrieved_at":"2026-09-06T12:43:12.245Z","confidence":"openstreetmap_mapped_unverified","field_verified":false,"layer":"osm_waterway","waterway_type":"drain","navigability":"unknown"}},{"type":"Feature","geometry":{"type":"LineString","coordinates":[[3.4220387,6.436223],[3.4220399,6.4364481]]},"properties":{"osm_id":"way/558895965","name":"Unnamed (OSM way/558895965)","named":false,"source":"OpenStreetMap contributors","source_tags":{"layer":"-1","tunnel":"culvert","waterway":"drain"},"retrieved_at":"2026-09-06T12:43:12.245Z","confidence":"openstreetmap_mapped_unverified","field_verified":false,"layer":"osm_waterway","waterway_type":"drain","navigability":"unknown"}},{"type":"Feature","geometry":{"type":"LineString","coordinates":[[3.429266,6.4327633],[3.4294907,6.4327632]]},"properties":{"osm_id":"way/558895966","name":"Unnamed (OSM way/558895966)","named":false,"source":"OpenStreetMap contributors","source_tags":{"layer":"-1","tunnel":"culvert","waterway":"drain"},"retrieved_at":"2026-09-06T12:43:12.245Z","confidence":"openstreetmap_mapped_unverified","field_verified":false,"layer":"osm_waterway","waterway_type":"drain","navigability":"unknown"}},{"type":"Feature","geometry":{"type":"LineString","coordinates":[[3.4294907,6.4327632],[3.4305985,6.4327626]]},"properties":{"osm_id":"way/558895967","name":"Unnamed (OSM way/558895967)","named":false,"source":"OpenStreetMap contributors","source_tags":{"waterway":"drain"},"retrieved_at":"2026-09-06T12:43:12.245Z","confidence":"openstreetmap_mapped_unverified","field_verified":false,"layer":"osm_waterway","waterway_type":"drain","navigability":"unknown"}},{"type":"Feature","geometry":{"type":"LineString","coordinates":[[3.4308144,6.4327625],[3.4314739,6.4327621],[3.4320673,6.4327618]]},"properties":{"osm_id":"way/558895968","name":"Unnamed (OSM way/558895968)","named":false,"source":"OpenStreetMap contributors","source_tags":{"waterway":"drain"},"retrieved_at":"2026-09-06T12:43:12.245Z","confidence":"openstreetmap_mapped_unverified","field_verified":false,"layer":"osm_waterway","waterway_type":"drain","navigability":"unknown"}},{"type":"Feature","geometry":{"type":"LineString","coordinates":[[3.4305985,6.4327626],[3.4308144,6.4327625]]},"properties":{"osm_id":"way/558895969","name":"Unnamed (OSM way/558895969)","named":false,"source":"OpenStreetMap contributors","source_tags":{"layer":"-1","tunnel":"culvert","waterway":"drain"},"retrieved_at":"2026-09-06T12:43:12.245Z","confidence":"openstreetmap_mapped_unverified","field_verified":false,"layer":"osm_waterway","waterway_type":"drain","navigability":"unknown"}},{"type":"Feature","geometry":{"type":"LineString","coordinates":[[3.4314739,6.4345425],[3.4314739,6.4342486]]},"properties":{"osm_id":"way/558895970","name":"Unnamed (OSM way/558895970)","named":false,"source":"OpenStreetMap contributors","source_tags":{"layer":"-1","tunnel":"culvert","waterway":"drain"},"retrieved_at":"2026-09-06T12:43:12.245Z","confidence":"openstreetmap_mapped_unverified","field_verified":false,"layer":"osm_waterway","waterway_type":"drain","navigability":"unknown"}},{"type":"Feature","geometry":{"type":"LineString","coordinates":[[3.4314739,6.4342486],[3.4314739,6.4327621]]},"properties":{"osm_id":"way/558895971","name":"Unnamed (OSM way/558895971)","named":false,"source":"OpenStreetMap contributors","source_tags":{"waterway":"drain"},"retrieved_at":"2026-09-06T12:43:12.245Z","confidence":"openstreetmap_mapped_unverified","field_verified":false,"layer":"osm_waterway","waterway_type":"drain","navigability":"unknown"}},{"type":"Feature","geometry":{"type":"LineString","coordinates":[[3.4314739,6.4353508],[3.4314739,6.4345425]]},"properties":{"osm_id":"way/558895972","name":"Unnamed (OSM way/558895972)","named":false,"source":"OpenStreetMap contributors","source_tags":{"waterway":"drain"},"retrieved_at":"2026-09-06T12:43:12.245Z","confidence":"openstreetmap_mapped_unverified","field_verified":false,"layer":"osm_waterway","waterway_type":"drain","navigability":"unknown"}},{"type":"Feature","geometry":{"type":"LineString","coordinates":[[3.4314739,6.4355896],[3.4314739,6.4353508]]},"properties":{"osm_id":"way/558895973","name":"Unnamed (OSM way/558895973)","named":false,"source":"OpenStreetMap contributors","source_tags":{"layer":"-1","tunnel":"culvert","waterway":"drain"},"retrieved_at":"2026-09-06T12:43:12.245Z","confidence":"openstreetmap_mapped_unverified","field_verified":false,"layer":"osm_waterway","waterway_type":"drain","navigability":"unknown"}},{"type":"Feature","geometry":{"type":"LineString","coordinates":[[3.4314739,6.4364407],[3.4314739,6.436306]]},"properties":{"osm_id":"way/558895974","name":"Unnamed (OSM way/558895974)","named":false,"source":"OpenStreetMap contributors","source_tags":{"layer":"-1","tunnel":"culvert","waterway":"drain"},"retrieved_at":"2026-09-06T12:43:12.245Z","confidence":"openstreetmap_mapped_unverified","field_verified":false,"layer":"osm_waterway","waterway_type":"drain","navigability":"unknown"}},{"type":"Feature","geometry":{"type":"LineString","coordinates":[[3.431484,6.4360318],[3.4314739,6.4355896]]},"properties":{"osm_id":"way/558895975","name":"Unnamed (OSM way/558895975)","named":false,"source":"OpenStreetMap contributors","source_tags":{"waterway":"drain"},"retrieved_at":"2026-09-06T12:43:12.245Z","confidence":"openstreetmap_mapped_unverified","field_verified":false,"layer":"osm_waterway","waterway_type":"drain","navigability":"unknown"}},{"type":"Feature","geometry":{"type":"LineString","coordinates":[[3.4314739,6.4367347],[3.4314739,6.4364407]]},"properties":{"osm_id":"way/558895976","name":"Unnamed (OSM way/558895976)","named":false,"source":"OpenStreetMap contributors","source_tags":{"waterway":"drain"},"retrieved_at":"2026-09-06T12:43:12.245Z","confidence":"openstreetmap_mapped_unverified","field_verified":false,"layer":"osm_waterway","waterway_type":"drain","navigability":"unknown"}},{"type":"Feature","geometry":{"type":"LineString","coordinates":[[3.4314739,6.4368847],[3.4314739,6.4367347]]},"properties":{"osm_id":"way/558895977","name":"Unnamed (OSM way/558895977)","named":false,"source":"OpenStreetMap contributors","source_tags":{"layer":"-1","tunnel":"culvert","waterway":"drain"},"retrieved_at":"2026-09-06T12:43:12.245Z","confidence":"openstreetmap_mapped_unverified","field_verified":false,"layer":"osm_waterway","waterway_type":"drain","navigability":"unknown"}},{"type":"Feature","geometry":{"type":"LineString","coordinates":[[3.4314739,6.4371663],[3.4314739,6.4368847]]},"properties":{"osm_id":"way/558895978","name":"Unnamed (OSM way/558895978)","named":false,"source":"OpenStreetMap contributors","source_tags":{"waterway":"drain"},"retrieved_at":"2026-09-06T12:43:12.245Z","confidence":"openstreetmap_mapped_unverified","field_verified":false,"layer":"osm_waterway","waterway_type":"drain","navigability":"unknown"}},{"type":"Feature","geometry":{"type":"LineString","coordinates":[[3.4314739,6.4373194],[3.4314739,6.4371663]]},"properties":{"osm_id":"way/558895979","name":"Unnamed (OSM way/558895979)","named":false,"source":"OpenStreetMap contributors","source_tags":{"layer":"-1","tunnel":"culvert","waterway":"drain"},"retrieved_at":"2026-09-06T12:43:12.245Z","confidence":"openstreetmap_mapped_unverified","field_verified":false,"layer":"osm_waterway","waterway_type":"drain","navigability":"unknown"}},{"type":"Feature","geometry":{"type":"LineString","coordinates":[[3.4314739,6.4376164],[3.4314739,6.4373194]]},"properties":{"osm_id":"way/558895980","name":"Unnamed (OSM way/558895980)","named":false,"source":"OpenStreetMap contributors","source_tags":{"waterway":"drain"},"retrieved_at":"2026-09-06T12:43:12.245Z","confidence":"openstreetmap_mapped_unverified","field_verified":false,"layer":"osm_waterway","waterway_type":"drain","navigability":"unknown"}},{"type":"Feature","geometry":{"type":"LineString","coordinates":[[3.4314739,6.4377603],[3.4314739,6.4376164]]},"properties":{"osm_id":"way/558895981","name":"Unnamed (OSM way/558895981)","named":false,"source":"OpenStreetMap contributors","source_tags":{"layer":"-1","tunnel":"culvert","waterway":"drain"},"retrieved_at":"2026-09-06T12:43:12.245Z","confidence":"openstreetmap_mapped_unverified","field_verified":false,"layer":"osm_waterway","waterway_type":"drain","navigability":"unknown"}},{"type":"Feature","geometry":{"type":"LineString","coordinates":[[3.4314739,6.4380362],[3.4314739,6.4377603]]},"properties":{"osm_id":"way/558895982","name":"Unnamed (OSM way/558895982)","named":false,"source":"OpenStreetMap contributors","source_tags":{"waterway":"drain"},"retrieved_at":"2026-09-06T12:43:12.245Z","confidence":"openstreetmap_mapped_unverified","field_verified":false,"layer":"osm_waterway","waterway_type":"drain","navigability":"unknown"}},{"type":"Feature","geometry":{"type":"LineString","coordinates":[[3.4314739,6.4382073],[3.4314739,6.4380362]]},"properties":{"osm_id":"way/558895985","name":"Unnamed (OSM way/558895985)","named":false,"source":"OpenStreetMap contributors","source_tags":{"layer":"-1","tunnel":"culvert","waterway":"drain"},"retrieved_at":"2026-09-06T12:43:12.245Z","confidence":"openstreetmap_mapped_unverified","field_verified":false,"layer":"osm_waterway","waterway_type":"drain","navigability":"unknown"}},{"type":"Feature","geometry":{"type":"LineString","coordinates":[[3.4383795,6.4333707],[3.4383022,6.4333328],[3.4378712,6.4332758],[3.4375517,6.4334537],[3.4370921,6.4339438]]},"properties":{"osm_id":"way/558895988","name":"Kuramo Creek","named":true,"source":"OpenStreetMap contributors","source_tags":{"layer":"-1","name":"Kuramo Creek","tunnel":"culvert","waterway":"stream"},"retrieved_at":"2026-09-06T12:43:12.245Z","confidence":"openstreetmap_mapped_unverified","field_verified":false,"layer":"osm_waterway","waterway_type":"stream","navigability":"unknown"}},{"type":"Feature","geometry":{"type":"LineString","coordinates":[[3.4370921,6.4339438],[3.436663,6.4339775],[3.4336384,6.4338473],[3.4335766,6.4338317],[3.4335265,6.4337972],[3.4334982,6.4337377],[3.4335025,6.4336783],[3.4335979,6.4329254],[3.4335775,6.4328498],[3.4335207,6.4327977],[3.4334201,6.4327838],[3.4320673,6.4327618],[3.4320362,6.4325873],[3.4320173,6.4324811],[3.4319134,6.4324739],[3.4317591,6.4324287],[3.4314586,6.4322423],[3.4313959,6.4321228],[3.431417,6.4319729],[3.4315777,6.4312628],[3.4316249,6.4307894],[3.4315044,6.4305406],[3.4312255,6.4301568],[3.4308071,6.4296451],[3.4306705,6.4292402],[3.4306217,6.4290014],[3.4306461,6.4286962],[3.4307829,6.428331],[3.4309637,6.4280555],[3.4309895,6.427726],[3.4308028,6.4274691],[3.4308457,6.4272772],[3.4310431,6.4270945],[3.4311242,6.4270542],[3.431336,6.4268493],[3.4315204,6.4265298],[3.4315967,6.426307],[3.4316163,6.4262599]]},"properties":{"osm_id":"way/558895991","name":"Kuramo Creek","named":true,"source":"OpenStreetMap contributors","source_tags":{"name":"Kuramo Creek","waterway":"stream"},"retrieved_at":"2026-09-06T12:43:12.245Z","confidence":"openstreetmap_mapped_unverified","field_verified":false,"layer":"osm_waterway","waterway_type":"stream","navigability":"unknown"}},{"type":"Feature","geometry":{"type":"LineString","coordinates":[[3.5372651,6.4475569],[3.5371051,6.4478429]]},"properties":{"osm_id":"way/558896020","name":"Unnamed (OSM way/558896020)","named":false,"source":"OpenStreetMap contributors","source_tags":{"layer":"-1","tunnel":"culvert","waterway":"drain"},"retrieved_at":"2026-09-06T12:43:12.245Z","confidence":"openstreetmap_mapped_unverified","field_verified":false,"layer":"osm_waterway","waterway_type":"drain","navigability":"unknown"}},{"type":"Feature","geometry":{"type":"LineString","coordinates":[[3.5371051,6.4478429],[3.5359504,6.452397],[3.5352513,6.455574],[3.5352466,6.4564468],[3.5353312,6.4569493]]},"properties":{"osm_id":"way/558896023","name":"Unnamed (OSM way/558896023)","named":false,"source":"OpenStreetMap contributors","source_tags":{"waterway":"canal"},"retrieved_at":"2026-09-06T12:43:12.245Z","confidence":"openstreetmap_mapped_unverified","field_verified":false,"layer":"osm_waterway","waterway_type":"canal","navigability":"unknown"}},{"type":"Feature","geometry":{"type":"LineString","coordinates":[[3.4308769,6.4473548],[3.4302629,6.4468141],[3.4302383,6.4467039],[3.4305094,6.4461773],[3.4306484,6.4455202]]},"properties":{"osm_id":"way/560207218","name":"Unnamed (OSM way/560207218)","named":false,"source":"OpenStreetMap contributors","source_tags":{"waterway":"drain"},"retrieved_at":"2026-09-06T12:43:12.245Z","confidence":"openstreetmap_mapped_unverified","field_verified":false,"layer":"osm_waterway","waterway_type":"drain","navigability":"unknown"}},{"type":"Feature","geometry":{"type":"LineString","coordinates":[[3.4309719,6.4474385],[3.4308769,6.4473548]]},"properties":{"osm_id":"way/560207220","name":"Unnamed (OSM way/560207220)","named":false,"source":"OpenStreetMap contributors","source_tags":{"layer":"-1","tunnel":"culvert","waterway":"drain"},"retrieved_at":"2026-09-06T12:43:12.245Z","confidence":"openstreetmap_mapped_unverified","field_verified":false,"layer":"osm_waterway","waterway_type":"drain","navigability":"unknown"}},{"type":"Feature","geometry":{"type":"LineString","coordinates":[[3.4433741,6.4428498],[3.4432742,6.4427315]]},"properties":{"osm_id":"way/568364494","name":"IMQ Drainage Canal","named":true,"source":"OpenStreetMap contributors","source_tags":{"layer":"-1","name":"IMQ Drainage Canal","tunnel":"culvert","waterway":"drain"},"retrieved_at":"2026-09-06T12:43:12.245Z","confidence":"openstreetmap_mapped_unverified","field_verified":false,"layer":"osm_waterway","waterway_type":"drain","navigability":"unknown"}},{"type":"Feature","geometry":{"type":"LineString","coordinates":[[3.4432742,6.4427315],[3.4416738,6.4408373]]},"properties":{"osm_id":"way/568364495","name":"IMQ Drainage Canal","named":true,"source":"OpenStreetMap contributors","source_tags":{"name":"IMQ Drainage Canal","waterway":"drain"},"retrieved_at":"2026-09-06T12:43:12.245Z","confidence":"openstreetmap_mapped_unverified","field_verified":false,"layer":"osm_waterway","waterway_type":"drain","navigability":"unknown"}},{"type":"Feature","geometry":{"type":"LineString","coordinates":[[3.4383734,6.4465195],[3.4387221,6.4455213]]},"properties":{"osm_id":"way/570506163","name":"Unnamed (OSM way/570506163)","named":false,"source":"OpenStreetMap contributors","source_tags":{"waterway":"drain"},"retrieved_at":"2026-09-06T12:43:12.245Z","confidence":"openstreetmap_mapped_unverified","field_verified":false,"layer":"osm_waterway","waterway_type":"drain","navigability":"unknown"}},{"type":"Feature","geometry":{"type":"LineString","coordinates":[[3.4387221,6.4455213],[3.4386601,6.4454911]]},"properties":{"osm_id":"way/570506164","name":"Unnamed (OSM way/570506164)","named":false,"source":"OpenStreetMap contributors","source_tags":{"layer":"-1","tunnel":"culvert","waterway":"drain"},"retrieved_at":"2026-09-06T12:43:12.245Z","confidence":"openstreetmap_mapped_unverified","field_verified":false,"layer":"osm_waterway","waterway_type":"drain","navigability":"unknown"}},{"type":"Feature","geometry":{"type":"LineString","coordinates":[[3.438197,6.4477942],[3.4383786,6.4472469]]},"properties":{"osm_id":"way/570506186","name":"Unnamed (OSM way/570506186)","named":false,"source":"OpenStreetMap contributors","source_tags":{"waterway":"drain"},"retrieved_at":"2026-09-06T12:43:12.245Z","confidence":"openstreetmap_mapped_unverified","field_verified":false,"layer":"osm_waterway","waterway_type":"drain","navigability":"unknown"}},{"type":"Feature","geometry":{"type":"LineString","coordinates":[[3.4382829,6.4466894],[3.4383734,6.4465195]]},"properties":{"osm_id":"way/570506187","name":"Unnamed (OSM way/570506187)","named":false,"source":"OpenStreetMap contributors","source_tags":{"layer":"-1","tunnel":"culvert","waterway":"drain"},"retrieved_at":"2026-09-06T12:43:12.245Z","confidence":"openstreetmap_mapped_unverified","field_verified":false,"layer":"osm_waterway","waterway_type":"drain","navigability":"unknown"}},{"type":"Feature","geometry":{"type":"LineString","coordinates":[[3.4384015,6.4471781],[3.4384912,6.4469079],[3.4384521,6.4467507],[3.4382829,6.4466894]]},"properties":{"osm_id":"way/570506192","name":"Unnamed (OSM way/570506192)","named":false,"source":"OpenStreetMap contributors","source_tags":{"waterway":"drain"},"retrieved_at":"2026-09-06T12:43:12.245Z","confidence":"openstreetmap_mapped_unverified","field_verified":false,"layer":"osm_waterway","waterway_type":"drain","navigability":"unknown"}},{"type":"Feature","geometry":{"type":"LineString","coordinates":[[3.4383786,6.4472469],[3.4384015,6.4471781]]},"properties":{"osm_id":"way/570506193","name":"Unnamed (OSM way/570506193)","named":false,"source":"OpenStreetMap contributors","source_tags":{"layer":"-1","tunnel":"culvert","waterway":"drain"},"retrieved_at":"2026-09-06T12:43:12.245Z","confidence":"openstreetmap_mapped_unverified","field_verified":false,"layer":"osm_waterway","waterway_type":"drain","navigability":"unknown"}},{"type":"Feature","geometry":{"type":"LineString","coordinates":[[3.4308304,6.4361053],[3.4314828,6.4361051]]},"properties":{"osm_id":"way/591832763","name":"Unnamed (OSM way/591832763)","named":false,"source":"OpenStreetMap contributors","source_tags":{"waterway":"drain"},"retrieved_at":"2026-09-06T12:43:12.245Z","confidence":"openstreetmap_mapped_unverified","field_verified":false,"layer":"osm_waterway","waterway_type":"drain","navigability":"unknown"}},{"type":"Feature","geometry":{"type":"LineString","coordinates":[[3.4355958,6.4357863],[3.4363284,6.4355402]]},"properties":{"osm_id":"way/591832769","name":"Unnamed (OSM way/591832769)","named":false,"source":"OpenStreetMap contributors","source_tags":{"waterway":"drain"},"retrieved_at":"2026-09-06T12:43:12.245Z","confidence":"openstreetmap_mapped_unverified","field_verified":false,"layer":"osm_waterway","waterway_type":"drain","navigability":"unknown"}},{"type":"Feature","geometry":{"type":"LineString","coordinates":[[3.4363284,6.4355402],[3.4365018,6.4354769]]},"properties":{"osm_id":"way/591832770","name":"Unnamed (OSM way/591832770)","named":false,"source":"OpenStreetMap contributors","source_tags":{"layer":"-1","tunnel":"culvert","waterway":"drain"},"retrieved_at":"2026-09-06T12:43:12.245Z","confidence":"openstreetmap_mapped_unverified","field_verified":false,"layer":"osm_waterway","waterway_type":"drain","navigability":"unknown"}},{"type":"Feature","geometry":{"type":"LineString","coordinates":[[3.4365018,6.4354769],[3.4378856,6.435025]]},"properties":{"osm_id":"way/591832771","name":"Unnamed (OSM way/591832771)","named":false,"source":"OpenStreetMap contributors","source_tags":{"waterway":"drain"},"retrieved_at":"2026-09-06T12:43:12.245Z","confidence":"openstreetmap_mapped_unverified","field_verified":false,"layer":"osm_waterway","waterway_type":"drain","navigability":"unknown"}},{"type":"Feature","geometry":{"type":"LineString","coordinates":[[3.4378856,6.435025],[3.4381687,6.4349616]]},"properties":{"osm_id":"way/591832772","name":"Unnamed (OSM way/591832772)","named":false,"source":"OpenStreetMap contributors","source_tags":{"layer":"-1","tunnel":"culvert","waterway":"drain"},"retrieved_at":"2026-09-06T12:43:12.245Z","confidence":"openstreetmap_mapped_unverified","field_verified":false,"layer":"osm_waterway","waterway_type":"drain","navigability":"unknown"}},{"type":"Feature","geometry":{"type":"LineString","coordinates":[[3.4381687,6.4349616],[3.438236,6.43493],[3.4382968,6.4348744]]},"properties":{"osm_id":"way/591832773","name":"Unnamed (OSM way/591832773)","named":false,"source":"OpenStreetMap contributors","source_tags":{"waterway":"drain"},"retrieved_at":"2026-09-06T12:43:12.245Z","confidence":"openstreetmap_mapped_unverified","field_verified":false,"layer":"osm_waterway","waterway_type":"drain","navigability":"unknown"}},{"type":"Feature","geometry":{"type":"LineString","coordinates":[[3.4298667,6.4397242],[3.4298634,6.4397771]]},"properties":{"osm_id":"way/591832832","name":"Unnamed (OSM way/591832832)","named":false,"source":"OpenStreetMap contributors","source_tags":{"waterway":"stream"},"retrieved_at":"2026-09-06T12:43:12.245Z","confidence":"openstreetmap_mapped_unverified","field_verified":false,"layer":"osm_waterway","waterway_type":"stream","navigability":"unknown"}},{"type":"Feature","geometry":{"type":"LineString","coordinates":[[3.42986,6.4398294],[3.4298336,6.4402274]]},"properties":{"osm_id":"way/591832833","name":"Unnamed (OSM way/591832833)","named":false,"source":"OpenStreetMap contributors","source_tags":{"waterway":"stream"},"retrieved_at":"2026-09-06T12:43:12.245Z","confidence":"openstreetmap_mapped_unverified","field_verified":false,"layer":"osm_waterway","waterway_type":"stream","navigability":"unknown"}},{"type":"Feature","geometry":{"type":"LineString","coordinates":[[3.4298634,6.4397771],[3.42986,6.4398294]]},"properties":{"osm_id":"way/591832834","name":"Unnamed (OSM way/591832834)","named":false,"source":"OpenStreetMap contributors","source_tags":{"layer":"-1","tunnel":"culvert","waterway":"stream"},"retrieved_at":"2026-09-06T12:43:12.245Z","confidence":"openstreetmap_mapped_unverified","field_verified":false,"layer":"osm_waterway","waterway_type":"stream","navigability":"unknown"}},{"type":"Feature","geometry":{"type":"LineString","coordinates":[[3.4129229,6.4424853],[3.4127575,6.441996]]},"properties":{"osm_id":"way/592191574","name":"Unnamed (OSM way/592191574)","named":false,"source":"OpenStreetMap contributors","source_tags":{"waterway":"drain"},"retrieved_at":"2026-09-06T12:43:12.245Z","confidence":"openstreetmap_mapped_unverified","field_verified":false,"layer":"osm_waterway","waterway_type":"drain","navigability":"unknown"}},{"type":"Feature","geometry":{"type":"LineString","coordinates":[[3.4129807,6.4426565],[3.4129229,6.4424853]]},"properties":{"osm_id":"way/592191576","name":"Unnamed (OSM way/592191576)","named":false,"source":"OpenStreetMap contributors","source_tags":{"layer":"-1","tunnel":"culvert","waterway":"drain"},"retrieved_at":"2026-09-06T12:43:12.245Z","confidence":"openstreetmap_mapped_unverified","field_verified":false,"layer":"osm_waterway","waterway_type":"drain","navigability":"unknown"}},{"type":"Feature","geometry":{"type":"LineString","coordinates":[[3.4133527,6.4437707],[3.4131697,6.4432158],[3.4129807,6.4426565]]},"properties":{"osm_id":"way/592191578","name":"Unnamed (OSM way/592191578)","named":false,"source":"OpenStreetMap contributors","source_tags":{"waterway":"drain"},"retrieved_at":"2026-09-06T12:43:12.245Z","confidence":"openstreetmap_mapped_unverified","field_verified":false,"layer":"osm_waterway","waterway_type":"drain","navigability":"unknown"}},{"type":"Feature","geometry":{"type":"LineString","coordinates":[[3.4133936,6.4438949],[3.4133527,6.4437707]]},"properties":{"osm_id":"way/592191580","name":"Unnamed (OSM way/592191580)","named":false,"source":"OpenStreetMap contributors","source_tags":{"layer":"-1","tunnel":"culvert","waterway":"drain"},"retrieved_at":"2026-09-06T12:43:12.245Z","confidence":"openstreetmap_mapped_unverified","field_verified":false,"layer":"osm_waterway","waterway_type":"drain","navigability":"unknown"}},{"type":"Feature","geometry":{"type":"LineString","coordinates":[[3.4135813,6.4444639],[3.4133936,6.4438949]]},"properties":{"osm_id":"way/592191583","name":"Unnamed (OSM way/592191583)","named":false,"source":"OpenStreetMap contributors","source_tags":{"waterway":"drain"},"retrieved_at":"2026-09-06T12:43:12.245Z","confidence":"openstreetmap_mapped_unverified","field_verified":false,"layer":"osm_waterway","waterway_type":"drain","navigability":"unknown"}},{"type":"Feature","geometry":{"type":"LineString","coordinates":[[3.4136204,6.4445825],[3.4135813,6.4444639]]},"properties":{"osm_id":"way/592191585","name":"Unnamed (OSM way/592191585)","named":false,"source":"OpenStreetMap contributors","source_tags":{"layer":"-1","tunnel":"culvert","waterway":"drain"},"retrieved_at":"2026-09-06T12:43:12.245Z","confidence":"openstreetmap_mapped_unverified","field_verified":false,"layer":"osm_waterway","waterway_type":"drain","navigability":"unknown"}},{"type":"Feature","geometry":{"type":"LineString","coordinates":[[3.4127575,6.441996],[3.4127006,6.4418274]]},"properties":{"osm_id":"way/592191587","name":"Unnamed (OSM way/592191587)","named":false,"source":"OpenStreetMap contributors","source_tags":{"layer":"-1","tunnel":"culvert","waterway":"drain"},"retrieved_at":"2026-09-06T12:43:12.245Z","confidence":"openstreetmap_mapped_unverified","field_verified":false,"layer":"osm_waterway","waterway_type":"drain","navigability":"unknown"}},{"type":"Feature","geometry":{"type":"LineString","coordinates":[[3.4127006,6.4418274],[3.4125775,6.4414632]]},"properties":{"osm_id":"way/592191590","name":"Unnamed (OSM way/592191590)","named":false,"source":"OpenStreetMap contributors","source_tags":{"waterway":"drain"},"retrieved_at":"2026-09-06T12:43:12.245Z","confidence":"openstreetmap_mapped_unverified","field_verified":false,"layer":"osm_waterway","waterway_type":"drain","navigability":"unknown"}},{"type":"Feature","geometry":{"type":"LineString","coordinates":[[3.4222949,6.4585351],[3.4230062,6.4610144],[3.4231038,6.4617608]]},"properties":{"osm_id":"way/592201444","name":"Unnamed (OSM way/592201444)","named":false,"source":"OpenStreetMap contributors","source_tags":{"waterway":"ditch"},"retrieved_at":"2026-09-06T12:43:12.245Z","confidence":"openstreetmap_mapped_unverified","field_verified":false,"layer":"osm_waterway","waterway_type":"ditch","navigability":"unknown"}},{"type":"Feature","geometry":{"type":"LineString","coordinates":[[3.4231038,6.4617608],[3.4231329,6.4619651]]},"properties":{"osm_id":"way/592201445","name":"Unnamed (OSM way/592201445)","named":false,"source":"OpenStreetMap contributors","source_tags":{"layer":"-1","tunnel":"culvert","waterway":"drain"},"retrieved_at":"2026-09-06T12:43:12.245Z","confidence":"openstreetmap_mapped_unverified","field_verified":false,"layer":"osm_waterway","waterway_type":"drain","navigability":"unknown"}},{"type":"Feature","geometry":{"type":"LineString","coordinates":[[3.4231329,6.4619651],[3.4233872,6.4631058],[3.4233363,6.4631966],[3.4232066,6.4633873],[3.4231424,6.4634063],[3.4225839,6.4634014],[3.422411,6.4633886],[3.4222447,6.4633435],[3.4220387,6.4633271],[3.4213601,6.4632964],[3.4208887,6.4632172],[3.4207647,6.4631472],[3.4204,6.4629368],[3.4201668,6.4627647],[3.4199866,6.4626033],[3.4198922,6.4625821]]},"properties":{"osm_id":"way/592201447","name":"Unnamed (OSM way/592201447)","named":false,"source":"OpenStreetMap contributors","source_tags":{"waterway":"drain"},"retrieved_at":"2026-09-06T12:43:12.245Z","confidence":"openstreetmap_mapped_unverified","field_verified":false,"layer":"osm_waterway","waterway_type":"drain","navigability":"unknown"}},{"type":"Feature","geometry":{"type":"LineString","coordinates":[[3.4243854,6.4367416],[3.4239687,6.436883]]},"properties":{"osm_id":"way/593494020","name":"Unnamed (OSM way/593494020)","named":false,"source":"OpenStreetMap contributors","source_tags":{"layer":"-1","tunnel":"culvert","waterway":"drain"},"retrieved_at":"2026-09-06T12:43:12.245Z","confidence":"openstreetmap_mapped_unverified","field_verified":false,"layer":"osm_waterway","waterway_type":"drain","navigability":"unknown"}},{"type":"Feature","geometry":{"type":"LineString","coordinates":[[3.4239687,6.436883],[3.4234849,6.4370628]]},"properties":{"osm_id":"way/593494021","name":"Unnamed (OSM way/593494021)","named":false,"source":"OpenStreetMap contributors","source_tags":{"waterway":"drain"},"retrieved_at":"2026-09-06T12:43:12.245Z","confidence":"openstreetmap_mapped_unverified","field_verified":false,"layer":"osm_waterway","waterway_type":"drain","navigability":"unknown"}},{"type":"Feature","geometry":{"type":"LineString","coordinates":[[3.4234849,6.4370628],[3.4229137,6.4372628],[3.4220444,6.4372709]]},"properties":{"osm_id":"way/593494022","name":"Unnamed (OSM way/593494022)","named":false,"source":"OpenStreetMap contributors","source_tags":{"layer":"-1","tunnel":"culvert","waterway":"drain"},"retrieved_at":"2026-09-06T12:43:12.245Z","confidence":"openstreetmap_mapped_unverified","field_verified":false,"layer":"osm_waterway","waterway_type":"drain","navigability":"unknown"}},{"type":"Feature","geometry":{"type":"LineString","coordinates":[[3.4484575,6.4576491],[3.4486276,6.4575655]]},"properties":{"osm_id":"way/593494145","name":"Unnamed (OSM way/593494145)","named":false,"source":"OpenStreetMap contributors","source_tags":{"layer":"-1","tunnel":"culvert","waterway":"drain"},"retrieved_at":"2026-09-06T12:43:12.245Z","confidence":"openstreetmap_mapped_unverified","field_verified":false,"layer":"osm_waterway","waterway_type":"drain","navigability":"unknown"}},{"type":"Feature","geometry":{"type":"LineString","coordinates":[[3.4486276,6.4575655],[3.4494921,6.457128]]},"properties":{"osm_id":"way/593494146","name":"Unnamed (OSM way/593494146)","named":false,"source":"OpenStreetMap contributors","source_tags":{"waterway":"drain"},"retrieved_at":"2026-09-06T12:43:12.245Z","confidence":"openstreetmap_mapped_unverified","field_verified":false,"layer":"osm_waterway","waterway_type":"drain","navigability":"unknown"}},{"type":"Feature","geometry":{"type":"LineString","coordinates":[[3.4494921,6.457128],[3.4495917,6.4570755]]},"properties":{"osm_id":"way/593494147","name":"Unnamed (OSM way/593494147)","named":false,"source":"OpenStreetMap contributors","source_tags":{"layer":"-1","tunnel":"culvert","waterway":"drain"},"retrieved_at":"2026-09-06T12:43:12.245Z","confidence":"openstreetmap_mapped_unverified","field_verified":false,"layer":"osm_waterway","waterway_type":"drain","navigability":"unknown"}},{"type":"Feature","geometry":{"type":"LineString","coordinates":[[3.4495917,6.4570755],[3.4502744,6.4567275]]},"properties":{"osm_id":"way/593494148","name":"Unnamed (OSM way/593494148)","named":false,"source":"OpenStreetMap contributors","source_tags":{"waterway":"drain"},"retrieved_at":"2026-09-06T12:43:12.245Z","confidence":"openstreetmap_mapped_unverified","field_verified":false,"layer":"osm_waterway","waterway_type":"drain","navigability":"unknown"}},{"type":"Feature","geometry":{"type":"LineString","coordinates":[[3.4502744,6.4567275],[3.4503873,6.4566667]]},"properties":{"osm_id":"way/593494149","name":"Unnamed (OSM way/593494149)","named":false,"source":"OpenStreetMap contributors","source_tags":{"layer":"-1","tunnel":"culvert","waterway":"drain"},"retrieved_at":"2026-09-06T12:43:12.245Z","confidence":"openstreetmap_mapped_unverified","field_verified":false,"layer":"osm_waterway","waterway_type":"drain","navigability":"unknown"}},{"type":"Feature","geometry":{"type":"LineString","coordinates":[[3.4503873,6.4566667],[3.4505349,6.4564989],[3.4517468,6.4565509],[3.451786,6.4553943]]},"properties":{"osm_id":"way/593494150","name":"Unnamed (OSM way/593494150)","named":false,"source":"OpenStreetMap contributors","source_tags":{"waterway":"drain"},"retrieved_at":"2026-09-06T12:43:12.245Z","confidence":"openstreetmap_mapped_unverified","field_verified":false,"layer":"osm_waterway","waterway_type":"drain","navigability":"unknown"}},{"type":"Feature","geometry":{"type":"LineString","coordinates":[[3.4386046,6.4520008],[3.4385994,6.4519563],[3.4384698,6.4508523]]},"properties":{"osm_id":"way/594743262","name":"Unnamed (OSM way/594743262)","named":false,"source":"OpenStreetMap contributors","source_tags":{"waterway":"drain"},"retrieved_at":"2026-09-06T12:43:12.245Z","confidence":"openstreetmap_mapped_unverified","field_verified":false,"layer":"osm_waterway","waterway_type":"drain","navigability":"unknown"}},{"type":"Feature","geometry":{"type":"LineString","coordinates":[[3.4384698,6.4508523],[3.4384551,6.4507131]]},"properties":{"osm_id":"way/594743264","name":"Unnamed (OSM way/594743264)","named":false,"source":"OpenStreetMap contributors","source_tags":{"layer":"-1","tunnel":"culvert","waterway":"drain"},"retrieved_at":"2026-09-06T12:43:12.245Z","confidence":"openstreetmap_mapped_unverified","field_verified":false,"layer":"osm_waterway","waterway_type":"drain","navigability":"unknown"}},{"type":"Feature","geometry":{"type":"LineString","coordinates":[[3.4384551,6.4507131],[3.4384083,6.4502474]]},"properties":{"osm_id":"way/594743265","name":"Unnamed (OSM way/594743265)","named":false,"source":"OpenStreetMap contributors","source_tags":{"waterway":"drain"},"retrieved_at":"2026-09-06T12:43:12.245Z","confidence":"openstreetmap_mapped_unverified","field_verified":false,"layer":"osm_waterway","waterway_type":"drain","navigability":"unknown"}},{"type":"Feature","geometry":{"type":"LineString","coordinates":[[3.4391872,6.4519145],[3.4385994,6.4519563]]},"properties":{"osm_id":"way/594743266","name":"Unnamed (OSM way/594743266)","named":false,"source":"OpenStreetMap contributors","source_tags":{"waterway":"drain"},"retrieved_at":"2026-09-06T12:43:12.245Z","confidence":"openstreetmap_mapped_unverified","field_verified":false,"layer":"osm_waterway","waterway_type":"drain","navigability":"unknown"}},{"type":"Feature","geometry":{"type":"LineString","coordinates":[[3.4384123,6.4519727],[3.4383722,6.4515257],[3.4383118,6.4508993],[3.4382749,6.4508313]]},"properties":{"osm_id":"way/594743267","name":"Unnamed (OSM way/594743267)","named":false,"source":"OpenStreetMap contributors","source_tags":{"waterway":"drain"},"retrieved_at":"2026-09-06T12:43:12.245Z","confidence":"openstreetmap_mapped_unverified","field_verified":false,"layer":"osm_waterway","waterway_type":"drain","navigability":"unknown"}},{"type":"Feature","geometry":{"type":"LineString","coordinates":[[3.4377557,6.4507772],[3.4378214,6.4507785],[3.438156,6.4507472],[3.4381822,6.4507365],[3.4382097,6.4507165],[3.4382559,6.4506712],[3.438264,6.4506592],[3.438264,6.4506466],[3.4382569,6.4505743]]},"properties":{"osm_id":"way/594743268","name":"Unnamed (OSM way/594743268)","named":false,"source":"OpenStreetMap contributors","source_tags":{"waterway":"drain"},"retrieved_at":"2026-09-06T12:43:12.245Z","confidence":"openstreetmap_mapped_unverified","field_verified":false,"layer":"osm_waterway","waterway_type":"drain","navigability":"unknown"}},{"type":"Feature","geometry":{"type":"LineString","coordinates":[[3.4383668,6.4478546],[3.4386618,6.4469884],[3.4388321,6.4468871]]},"properties":{"osm_id":"way/594743269","name":"Unnamed (OSM way/594743269)","named":false,"source":"OpenStreetMap contributors","source_tags":{"waterway":"drain"},"retrieved_at":"2026-09-06T12:43:12.245Z","confidence":"openstreetmap_mapped_unverified","field_verified":false,"layer":"osm_waterway","waterway_type":"drain","navigability":"unknown"}},{"type":"Feature","geometry":{"type":"LineString","coordinates":[[3.4383169,6.4479964],[3.4383668,6.4478546]]},"properties":{"osm_id":"way/594743270","name":"Unnamed (OSM way/594743270)","named":false,"source":"OpenStreetMap contributors","source_tags":{"layer":"-1","tunnel":"culvert","waterway":"drain"},"retrieved_at":"2026-09-06T12:43:12.245Z","confidence":"openstreetmap_mapped_unverified","field_verified":false,"layer":"osm_waterway","waterway_type":"drain","navigability":"unknown"}},{"type":"Feature","geometry":{"type":"LineString","coordinates":[[3.438162,6.4479415],[3.438197,6.4477942]]},"properties":{"osm_id":"way/594743271","name":"Unnamed (OSM way/594743271)","named":false,"source":"OpenStreetMap contributors","source_tags":{"layer":"-1","tunnel":"culvert","waterway":"drain"},"retrieved_at":"2026-09-06T12:43:12.245Z","confidence":"openstreetmap_mapped_unverified","field_verified":false,"layer":"osm_waterway","waterway_type":"drain","navigability":"unknown"}},{"type":"Feature","geometry":{"type":"LineString","coordinates":[[3.4382749,6.4508313],[3.4382097,6.4507165]]},"properties":{"osm_id":"way/594743272","name":"Unnamed (OSM way/594743272)","named":false,"source":"OpenStreetMap contributors","source_tags":{"layer":"-1","tunnel":"culvert","waterway":"drain"},"retrieved_at":"2026-09-06T12:43:12.245Z","confidence":"openstreetmap_mapped_unverified","field_verified":false,"layer":"osm_waterway","waterway_type":"drain","navigability":"unknown"}},{"type":"Feature","geometry":{"type":"LineString","coordinates":[[3.4422383,6.4477957],[3.4421572,6.4477911]]},"properties":{"osm_id":"way/594743280","name":"Unnamed (OSM way/594743280)","named":false,"source":"OpenStreetMap contributors","source_tags":{"waterway":"drain"},"retrieved_at":"2026-09-06T12:43:12.245Z","confidence":"openstreetmap_mapped_unverified","field_verified":false,"layer":"osm_waterway","waterway_type":"drain","navigability":"unknown"}},{"type":"Feature","geometry":{"type":"LineString","coordinates":[[3.4406902,6.4475312],[3.4396709,6.447175]]},"properties":{"osm_id":"way/594743281","name":"Unnamed (OSM way/594743281)","named":false,"source":"OpenStreetMap contributors","source_tags":{"layer":"-1","tunnel":"culvert","waterway":"drain"},"retrieved_at":"2026-09-06T12:43:12.245Z","confidence":"openstreetmap_mapped_unverified","field_verified":false,"layer":"osm_waterway","waterway_type":"drain","navigability":"unknown"}},{"type":"Feature","geometry":{"type":"LineString","coordinates":[[3.4396709,6.447175],[3.4395172,6.4471209]]},"properties":{"osm_id":"way/594743282","name":"Unnamed (OSM way/594743282)","named":false,"source":"OpenStreetMap contributors","source_tags":{"waterway":"drain"},"retrieved_at":"2026-09-06T12:43:12.245Z","confidence":"openstreetmap_mapped_unverified","field_verified":false,"layer":"osm_waterway","waterway_type":"drain","navigability":"unknown"}},{"type":"Feature","geometry":{"type":"LineString","coordinates":[[3.4387218,6.446849],[3.4384521,6.4467507]]},"properties":{"osm_id":"way/594743283","name":"Unnamed (OSM way/594743283)","named":false,"source":"OpenStreetMap contributors","source_tags":{"layer":"-1","tunnel":"culvert","waterway":"drain"},"retrieved_at":"2026-09-06T12:43:12.245Z","confidence":"openstreetmap_mapped_unverified","field_verified":false,"layer":"osm_waterway","waterway_type":"drain","navigability":"unknown"}},{"type":"Feature","geometry":{"type":"LineString","coordinates":[[3.4382524,6.4505289],[3.4382303,6.4503044]]},"properties":{"osm_id":"way/595561571","name":"Unnamed (OSM way/595561571)","named":false,"source":"OpenStreetMap contributors","source_tags":{"waterway":"drain"},"retrieved_at":"2026-09-06T12:43:12.245Z","confidence":"openstreetmap_mapped_unverified","field_verified":false,"layer":"osm_waterway","waterway_type":"drain","navigability":"unknown"}},{"type":"Feature","geometry":{"type":"LineString","coordinates":[[3.4382569,6.4505743],[3.4382524,6.4505289]]},"properties":{"osm_id":"way/595561572","name":"Unnamed (OSM way/595561572)","named":false,"source":"OpenStreetMap contributors","source_tags":{"layer":"-1","tunnel":"culvert","waterway":"drain"},"retrieved_at":"2026-09-06T12:43:12.245Z","confidence":"openstreetmap_mapped_unverified","field_verified":false,"layer":"osm_waterway","waterway_type":"drain","navigability":"unknown"}},{"type":"Feature","geometry":{"type":"LineString","coordinates":[[3.4382244,6.4502444],[3.4382133,6.4501324]]},"properties":{"osm_id":"way/595561573","name":"Unnamed (OSM way/595561573)","named":false,"source":"OpenStreetMap contributors","source_tags":{"waterway":"drain"},"retrieved_at":"2026-09-06T12:43:12.245Z","confidence":"openstreetmap_mapped_unverified","field_verified":false,"layer":"osm_waterway","waterway_type":"drain","navigability":"unknown"}},{"type":"Feature","geometry":{"type":"LineString","coordinates":[[3.4382303,6.4503044],[3.4382244,6.4502444]]},"properties":{"osm_id":"way/595561574","name":"Unnamed (OSM way/595561574)","named":false,"source":"OpenStreetMap contributors","source_tags":{"layer":"-1","tunnel":"culvert","waterway":"drain"},"retrieved_at":"2026-09-06T12:43:12.245Z","confidence":"openstreetmap_mapped_unverified","field_verified":false,"layer":"osm_waterway","waterway_type":"drain","navigability":"unknown"}},{"type":"Feature","geometry":{"type":"LineString","coordinates":[[3.4382058,6.4500563],[3.4381938,6.4499339]]},"properties":{"osm_id":"way/595561575","name":"Unnamed (OSM way/595561575)","named":false,"source":"OpenStreetMap contributors","source_tags":{"waterway":"drain"},"retrieved_at":"2026-09-06T12:43:12.245Z","confidence":"openstreetmap_mapped_unverified","field_verified":false,"layer":"osm_waterway","waterway_type":"drain","navigability":"unknown"}},{"type":"Feature","geometry":{"type":"LineString","coordinates":[[3.4382133,6.4501324],[3.4382058,6.4500563]]},"properties":{"osm_id":"way/595561576","name":"Unnamed (OSM way/595561576)","named":false,"source":"OpenStreetMap contributors","source_tags":{"layer":"-1","tunnel":"culvert","waterway":"drain"},"retrieved_at":"2026-09-06T12:43:12.245Z","confidence":"openstreetmap_mapped_unverified","field_verified":false,"layer":"osm_waterway","waterway_type":"drain","navigability":"unknown"}},{"type":"Feature","geometry":{"type":"LineString","coordinates":[[3.4381892,6.449888],[3.4381639,6.4496309]]},"properties":{"osm_id":"way/595561577","name":"Unnamed (OSM way/595561577)","named":false,"source":"OpenStreetMap contributors","source_tags":{"waterway":"drain"},"retrieved_at":"2026-09-06T12:43:12.245Z","confidence":"openstreetmap_mapped_unverified","field_verified":false,"layer":"osm_waterway","waterway_type":"drain","navigability":"unknown"}},{"type":"Feature","geometry":{"type":"LineString","coordinates":[[3.4381938,6.4499339],[3.4381892,6.449888]]},"properties":{"osm_id":"way/595561578","name":"Unnamed (OSM way/595561578)","named":false,"source":"OpenStreetMap contributors","source_tags":{"layer":"-1","tunnel":"culvert","waterway":"drain"},"retrieved_at":"2026-09-06T12:43:12.245Z","confidence":"openstreetmap_mapped_unverified","field_verified":false,"layer":"osm_waterway","waterway_type":"drain","navigability":"unknown"}},{"type":"Feature","geometry":{"type":"LineString","coordinates":[[3.4381639,6.4496309],[3.4381593,6.4495845]]},"properties":{"osm_id":"way/595561579","name":"Unnamed (OSM way/595561579)","named":false,"source":"OpenStreetMap contributors","source_tags":{"layer":"-1","tunnel":"culvert","waterway":"drain"},"retrieved_at":"2026-09-06T12:43:12.245Z","confidence":"openstreetmap_mapped_unverified","field_verified":false,"layer":"osm_waterway","waterway_type":"drain","navigability":"unknown"}},{"type":"Feature","geometry":{"type":"LineString","coordinates":[[3.4381593,6.4495845],[3.4381527,6.4495172],[3.438104,6.448908],[3.4380837,6.448606],[3.4381081,6.4482455],[3.438162,6.4479415]]},"properties":{"osm_id":"way/595561580","name":"Unnamed (OSM way/595561580)","named":false,"source":"OpenStreetMap contributors","source_tags":{"waterway":"drain"},"retrieved_at":"2026-09-06T12:43:12.245Z","confidence":"openstreetmap_mapped_unverified","field_verified":false,"layer":"osm_waterway","waterway_type":"drain","navigability":"unknown"}},{"type":"Feature","geometry":{"type":"LineString","coordinates":[[3.4383209,6.4493125],[3.4382884,6.4489316],[3.4382752,6.4486872],[3.4382762,6.4485619],[3.4382844,6.4484024],[3.4382976,6.4482378],[3.4383098,6.4481287],[3.4383169,6.4479964]]},"properties":{"osm_id":"way/595561581","name":"Unnamed (OSM way/595561581)","named":false,"source":"OpenStreetMap contributors","source_tags":{"waterway":"drain"},"retrieved_at":"2026-09-06T12:43:12.245Z","confidence":"openstreetmap_mapped_unverified","field_verified":false,"layer":"osm_waterway","waterway_type":"drain","navigability":"unknown"}},{"type":"Feature","geometry":{"type":"LineString","coordinates":[[3.438329,6.4494316],[3.4383209,6.4493125]]},"properties":{"osm_id":"way/595561582","name":"Unnamed (OSM way/595561582)","named":false,"source":"OpenStreetMap contributors","source_tags":{"layer":"-1","tunnel":"culvert","waterway":"drain"},"retrieved_at":"2026-09-06T12:43:12.245Z","confidence":"openstreetmap_mapped_unverified","field_verified":false,"layer":"osm_waterway","waterway_type":"drain","navigability":"unknown"}},{"type":"Feature","geometry":{"type":"LineString","coordinates":[[3.4383799,6.4499646],[3.4383403,6.4495709],[3.438329,6.4494316]]},"properties":{"osm_id":"way/595561583","name":"Unnamed (OSM way/595561583)","named":false,"source":"OpenStreetMap contributors","source_tags":{"waterway":"drain"},"retrieved_at":"2026-09-06T12:43:12.245Z","confidence":"openstreetmap_mapped_unverified","field_verified":false,"layer":"osm_waterway","waterway_type":"drain","navigability":"unknown"}},{"type":"Feature","geometry":{"type":"LineString","coordinates":[[3.438389,6.4500559],[3.4383799,6.4499646]]},"properties":{"osm_id":"way/595561584","name":"Unnamed (OSM way/595561584)","named":false,"source":"OpenStreetMap contributors","source_tags":{"layer":"-1","tunnel":"culvert","waterway":"drain"},"retrieved_at":"2026-09-06T12:43:12.245Z","confidence":"openstreetmap_mapped_unverified","field_verified":false,"layer":"osm_waterway","waterway_type":"drain","navigability":"unknown"}},{"type":"Feature","geometry":{"type":"LineString","coordinates":[[3.4383995,6.4501493],[3.438389,6.4500559]]},"properties":{"osm_id":"way/595561585","name":"Unnamed (OSM way/595561585)","named":false,"source":"OpenStreetMap contributors","source_tags":{"waterway":"drain"},"retrieved_at":"2026-09-06T12:43:12.245Z","confidence":"openstreetmap_mapped_unverified","field_verified":false,"layer":"osm_waterway","waterway_type":"drain","navigability":"unknown"}},{"type":"Feature","geometry":{"type":"LineString","coordinates":[[3.4384083,6.4502474],[3.4383995,6.4501493]]},"properties":{"osm_id":"way/595561586","name":"Unnamed (OSM way/595561586)","named":false,"source":"OpenStreetMap contributors","source_tags":{"layer":"-1","tunnel":"culvert","waterway":"drain"},"retrieved_at":"2026-09-06T12:43:12.245Z","confidence":"openstreetmap_mapped_unverified","field_verified":false,"layer":"osm_waterway","waterway_type":"drain","navigability":"unknown"}},{"type":"Feature","geometry":{"type":"LineString","coordinates":[[3.4415016,6.4477185],[3.4414292,6.4477087],[3.4413124,6.4476901],[3.4411093,6.4476495],[3.4408606,6.4475845],[3.4406902,6.4475312]]},"properties":{"osm_id":"way/595561587","name":"Unnamed (OSM way/595561587)","named":false,"source":"OpenStreetMap contributors","source_tags":{"waterway":"drain"},"retrieved_at":"2026-09-06T12:43:12.245Z","confidence":"openstreetmap_mapped_unverified","field_verified":false,"layer":"osm_waterway","waterway_type":"drain","navigability":"unknown"}},{"type":"Feature","geometry":{"type":"LineString","coordinates":[[3.441574,6.4477284],[3.4415016,6.4477185]]},"properties":{"osm_id":"way/595561588","name":"Unnamed (OSM way/595561588)","named":false,"source":"OpenStreetMap contributors","source_tags":{"layer":"-1","tunnel":"culvert","waterway":"drain"},"retrieved_at":"2026-09-06T12:43:12.245Z","confidence":"openstreetmap_mapped_unverified","field_verified":false,"layer":"osm_waterway","waterway_type":"drain","navigability":"unknown"}},{"type":"Feature","geometry":{"type":"LineString","coordinates":[[3.4416335,6.4477357],[3.441574,6.4477284]]},"properties":{"osm_id":"way/595561589","name":"Unnamed (OSM way/595561589)","named":false,"source":"OpenStreetMap contributors","source_tags":{"waterway":"drain"},"retrieved_at":"2026-09-06T12:43:12.245Z","confidence":"openstreetmap_mapped_unverified","field_verified":false,"layer":"osm_waterway","waterway_type":"drain","navigability":"unknown"}},{"type":"Feature","geometry":{"type":"LineString","coordinates":[[3.4416807,6.4477416],[3.4416335,6.4477357]]},"properties":{"osm_id":"way/595561590","name":"Unnamed (OSM way/595561590)","named":false,"source":"OpenStreetMap contributors","source_tags":{"layer":"-1","tunnel":"culvert","waterway":"drain"},"retrieved_at":"2026-09-06T12:43:12.245Z","confidence":"openstreetmap_mapped_unverified","field_verified":false,"layer":"osm_waterway","waterway_type":"drain","navigability":"unknown"}},{"type":"Feature","geometry":{"type":"LineString","coordinates":[[3.4417936,6.4477554],[3.4416807,6.4477416]]},"properties":{"osm_id":"way/595561591","name":"Unnamed (OSM way/595561591)","named":false,"source":"OpenStreetMap contributors","source_tags":{"waterway":"drain"},"retrieved_at":"2026-09-06T12:43:12.245Z","confidence":"openstreetmap_mapped_unverified","field_verified":false,"layer":"osm_waterway","waterway_type":"drain","navigability":"unknown"}},{"type":"Feature","geometry":{"type":"LineString","coordinates":[[3.4418565,6.4477632],[3.4417936,6.4477554]]},"properties":{"osm_id":"way/595561592","name":"Unnamed (OSM way/595561592)","named":false,"source":"OpenStreetMap contributors","source_tags":{"layer":"-1","tunnel":"culvert","waterway":"drain"},"retrieved_at":"2026-09-06T12:43:12.245Z","confidence":"openstreetmap_mapped_unverified","field_verified":false,"layer":"osm_waterway","waterway_type":"drain","navigability":"unknown"}},{"type":"Feature","geometry":{"type":"LineString","coordinates":[[3.4421572,6.4477911],[3.4421052,6.4477881]]},"properties":{"osm_id":"way/595561593","name":"Unnamed (OSM way/595561593)","named":false,"source":"OpenStreetMap contributors","source_tags":{"layer":"-1","tunnel":"culvert","waterway":"drain"},"retrieved_at":"2026-09-06T12:43:12.245Z","confidence":"openstreetmap_mapped_unverified","field_verified":false,"layer":"osm_waterway","waterway_type":"drain","navigability":"unknown"}},{"type":"Feature","geometry":{"type":"LineString","coordinates":[[3.4421052,6.4477881],[3.4418565,6.4477632]]},"properties":{"osm_id":"way/595561594","name":"Unnamed (OSM way/595561594)","named":false,"source":"OpenStreetMap contributors","source_tags":{"waterway":"drain"},"retrieved_at":"2026-09-06T12:43:12.245Z","confidence":"openstreetmap_mapped_unverified","field_verified":false,"layer":"osm_waterway","waterway_type":"drain","navigability":"unknown"}},{"type":"Feature","geometry":{"type":"LineString","coordinates":[[3.43816,6.4466459],[3.4382829,6.4466894]]},"properties":{"osm_id":"way/595561595","name":"Unnamed (OSM way/595561595)","named":false,"source":"OpenStreetMap contributors","source_tags":{"waterway":"drain"},"retrieved_at":"2026-09-06T12:43:12.245Z","confidence":"openstreetmap_mapped_unverified","field_verified":false,"layer":"osm_waterway","waterway_type":"drain","navigability":"unknown"}},{"type":"Feature","geometry":{"type":"LineString","coordinates":[[3.4380685,6.4466129],[3.43816,6.4466459]]},"properties":{"osm_id":"way/595561596","name":"Unnamed (OSM way/595561596)","named":false,"source":"OpenStreetMap contributors","source_tags":{"layer":"-1","tunnel":"culvert","waterway":"drain"},"retrieved_at":"2026-09-06T12:43:12.245Z","confidence":"openstreetmap_mapped_unverified","field_verified":false,"layer":"osm_waterway","waterway_type":"drain","navigability":"unknown"}},{"type":"Feature","geometry":{"type":"LineString","coordinates":[[3.4375122,6.4464164],[3.4380685,6.4466129]]},"properties":{"osm_id":"way/595561597","name":"Unnamed (OSM way/595561597)","named":false,"source":"OpenStreetMap contributors","source_tags":{"waterway":"drain"},"retrieved_at":"2026-09-06T12:43:12.245Z","confidence":"openstreetmap_mapped_unverified","field_verified":false,"layer":"osm_waterway","waterway_type":"drain","navigability":"unknown"}},{"type":"Feature","geometry":{"type":"LineString","coordinates":[[3.437416,6.4463822],[3.4375122,6.4464164]]},"properties":{"osm_id":"way/595561598","name":"Unnamed (OSM way/595561598)","named":false,"source":"OpenStreetMap contributors","source_tags":{"layer":"-1","tunnel":"culvert","waterway":"drain"},"retrieved_at":"2026-09-06T12:43:12.245Z","confidence":"openstreetmap_mapped_unverified","field_verified":false,"layer":"osm_waterway","waterway_type":"drain","navigability":"unknown"}},{"type":"Feature","geometry":{"type":"LineString","coordinates":[[3.4367493,6.4461475],[3.437416,6.4463822]]},"properties":{"osm_id":"way/595561599","name":"Unnamed (OSM way/595561599)","named":false,"source":"OpenStreetMap contributors","source_tags":{"waterway":"drain"},"retrieved_at":"2026-09-06T12:43:12.245Z","confidence":"openstreetmap_mapped_unverified","field_verified":false,"layer":"osm_waterway","waterway_type":"drain","navigability":"unknown"}},{"type":"Feature","geometry":{"type":"LineString","coordinates":[[3.4366118,6.4461006],[3.4367493,6.4461475]]},"properties":{"osm_id":"way/595561600","name":"Unnamed (OSM way/595561600)","named":false,"source":"OpenStreetMap contributors","source_tags":{"layer":"-1","tunnel":"culvert","waterway":"drain"},"retrieved_at":"2026-09-06T12:43:12.245Z","confidence":"openstreetmap_mapped_unverified","field_verified":false,"layer":"osm_waterway","waterway_type":"drain","navigability":"unknown"}},{"type":"Feature","geometry":{"type":"LineString","coordinates":[[3.4363242,6.4460031],[3.4366118,6.4461006]]},"properties":{"osm_id":"way/595561601","name":"Unnamed (OSM way/595561601)","named":false,"source":"OpenStreetMap contributors","source_tags":{"waterway":"drain"},"retrieved_at":"2026-09-06T12:43:12.245Z","confidence":"openstreetmap_mapped_unverified","field_verified":false,"layer":"osm_waterway","waterway_type":"drain","navigability":"unknown"}},{"type":"Feature","geometry":{"type":"LineString","coordinates":[[3.4386601,6.4454911],[3.4383908,6.4453641]]},"properties":{"osm_id":"way/595620066","name":"Unnamed (OSM way/595620066)","named":false,"source":"OpenStreetMap contributors","source_tags":{"waterway":"drain"},"retrieved_at":"2026-09-06T12:43:12.245Z","confidence":"openstreetmap_mapped_unverified","field_verified":false,"layer":"osm_waterway","waterway_type":"drain","navigability":"unknown"}},{"type":"Feature","geometry":{"type":"LineString","coordinates":[[3.4383908,6.4453641],[3.4384233,6.4452726]]},"properties":{"osm_id":"way/595620067","name":"Unnamed (OSM way/595620067)","named":false,"source":"OpenStreetMap contributors","source_tags":{"layer":"-1","tunnel":"culvert","waterway":"drain"},"retrieved_at":"2026-09-06T12:43:12.245Z","confidence":"openstreetmap_mapped_unverified","field_verified":false,"layer":"osm_waterway","waterway_type":"drain","navigability":"unknown"}},{"type":"Feature","geometry":{"type":"LineString","coordinates":[[3.4395172,6.4471209],[3.4394208,6.447087]]},"properties":{"osm_id":"way/595880641","name":"Unnamed (OSM way/595880641)","named":false,"source":"OpenStreetMap contributors","source_tags":{"layer":"-1","tunnel":"culvert","waterway":"drain"},"retrieved_at":"2026-09-06T12:43:12.245Z","confidence":"openstreetmap_mapped_unverified","field_verified":false,"layer":"osm_waterway","waterway_type":"drain","navigability":"unknown"}},{"type":"Feature","geometry":{"type":"LineString","coordinates":[[3.4394208,6.447087],[3.4392425,6.4470242],[3.4391529,6.4469943]]},"properties":{"osm_id":"way/595880644","name":"Unnamed (OSM way/595880644)","named":false,"source":"OpenStreetMap contributors","source_tags":{"waterway":"drain"},"retrieved_at":"2026-09-06T12:43:12.245Z","confidence":"openstreetmap_mapped_unverified","field_verified":false,"layer":"osm_waterway","waterway_type":"drain","navigability":"unknown"}},{"type":"Feature","geometry":{"type":"LineString","coordinates":[[3.4391529,6.4469943],[3.4390673,6.4469657]]},"properties":{"osm_id":"way/595880645","name":"Unnamed (OSM way/595880645)","named":false,"source":"OpenStreetMap contributors","source_tags":{"layer":"-1","tunnel":"culvert","waterway":"drain"},"retrieved_at":"2026-09-06T12:43:12.245Z","confidence":"openstreetmap_mapped_unverified","field_verified":false,"layer":"osm_waterway","waterway_type":"drain","navigability":"unknown"}},{"type":"Feature","geometry":{"type":"LineString","coordinates":[[3.4390673,6.4469657],[3.4390084,6.446946]]},"properties":{"osm_id":"way/595880646","name":"Unnamed (OSM way/595880646)","named":false,"source":"OpenStreetMap contributors","source_tags":{"waterway":"drain"},"retrieved_at":"2026-09-06T12:43:12.245Z","confidence":"openstreetmap_mapped_unverified","field_verified":false,"layer":"osm_waterway","waterway_type":"drain","navigability":"unknown"}},{"type":"Feature","geometry":{"type":"LineString","coordinates":[[3.4390084,6.446946],[3.4389385,6.4469226]]},"properties":{"osm_id":"way/595880647","name":"Unnamed (OSM way/595880647)","named":false,"source":"OpenStreetMap contributors","source_tags":{"layer":"-1","tunnel":"culvert","waterway":"drain"},"retrieved_at":"2026-09-06T12:43:12.245Z","confidence":"openstreetmap_mapped_unverified","field_verified":false,"layer":"osm_waterway","waterway_type":"drain","navigability":"unknown"}},{"type":"Feature","geometry":{"type":"LineString","coordinates":[[3.4387218,6.446849],[3.4388321,6.4468871],[3.4389385,6.4469226]]},"properties":{"osm_id":"way/595880648","name":"Unnamed (OSM way/595880648)","named":false,"source":"OpenStreetMap contributors","source_tags":{"waterway":"drain"},"retrieved_at":"2026-09-06T12:43:12.245Z","confidence":"openstreetmap_mapped_unverified","field_verified":false,"layer":"osm_waterway","waterway_type":"drain","navigability":"unknown"}},{"type":"Feature","geometry":{"type":"LineString","coordinates":[[3.4081587,6.440896],[3.4082205,6.4411431]]},"properties":{"osm_id":"way/596634644","name":"Unnamed (OSM way/596634644)","named":false,"source":"OpenStreetMap contributors","source_tags":{"waterway":"drain"},"retrieved_at":"2026-09-06T12:43:12.245Z","confidence":"openstreetmap_mapped_unverified","field_verified":false,"layer":"osm_waterway","waterway_type":"drain","navigability":"unknown"}},{"type":"Feature","geometry":{"type":"LineString","coordinates":[[3.4451085,6.4420628],[3.4447747,6.4423468]]},"properties":{"osm_id":"way/597498820","name":"Unnamed (OSM way/597498820)","named":false,"source":"OpenStreetMap contributors","source_tags":{"waterway":"drain"},"retrieved_at":"2026-09-06T12:43:12.245Z","confidence":"openstreetmap_mapped_unverified","field_verified":false,"layer":"osm_waterway","waterway_type":"drain","navigability":"unknown"}},{"type":"Feature","geometry":{"type":"LineString","coordinates":[[3.4447747,6.4423468],[3.4437204,6.4432474]]},"properties":{"osm_id":"way/597498821","name":"Unnamed (OSM way/597498821)","named":false,"source":"OpenStreetMap contributors","source_tags":{"layer":"-1","tunnel":"culvert","waterway":"drain"},"retrieved_at":"2026-09-06T12:43:12.245Z","confidence":"openstreetmap_mapped_unverified","field_verified":false,"layer":"osm_waterway","waterway_type":"drain","navigability":"unknown"}},{"type":"Feature","geometry":{"type":"LineString","coordinates":[[3.4074589,6.4546216],[3.4074189,6.4545083],[3.4075535,6.4536056],[3.4075852,6.4534245],[3.4076654,6.4531123],[3.4076561,6.4529224],[3.4076868,6.4525616],[3.4080154,6.4526265],[3.4081522,6.452653]]},"properties":{"osm_id":"way/598412508","name":"Unnamed (OSM way/598412508)","named":false,"source":"OpenStreetMap contributors","source_tags":{"waterway":"drain"},"retrieved_at":"2026-09-06T12:43:12.245Z","confidence":"openstreetmap_mapped_unverified","field_verified":false,"layer":"osm_waterway","waterway_type":"drain","navigability":"unknown"}},{"type":"Feature","geometry":{"type":"LineString","coordinates":[[3.4065249,6.4410528],[3.4065521,6.4412577]]},"properties":{"osm_id":"way/598412513","name":"Unnamed (OSM way/598412513)","named":false,"source":"OpenStreetMap contributors","source_tags":{"waterway":"drain"},"retrieved_at":"2026-09-06T12:43:12.245Z","confidence":"openstreetmap_mapped_unverified","field_verified":false,"layer":"osm_waterway","waterway_type":"drain","navigability":"unknown"}},{"type":"Feature","geometry":{"type":"LineString","coordinates":[[3.4163849,6.425402],[3.4150307,6.425398]]},"properties":{"osm_id":"way/598999072","name":"Unnamed (OSM way/598999072)","named":false,"source":"OpenStreetMap contributors","source_tags":{"waterway":"drain"},"retrieved_at":"2026-09-06T12:43:12.245Z","confidence":"openstreetmap_mapped_unverified","field_verified":false,"layer":"osm_waterway","waterway_type":"drain","navigability":"unknown"}},{"type":"Feature","geometry":{"type":"LineString","coordinates":[[3.4112179,6.4240648],[3.411158,6.4240174]]},"properties":{"osm_id":"way/598999073","name":"Unnamed (OSM way/598999073)","named":false,"source":"OpenStreetMap contributors","source_tags":{"layer":"-1","tunnel":"culvert","waterway":"drain"},"retrieved_at":"2026-09-06T12:43:12.245Z","confidence":"openstreetmap_mapped_unverified","field_verified":false,"layer":"osm_waterway","waterway_type":"drain","navigability":"unknown"}},{"type":"Feature","geometry":{"type":"LineString","coordinates":[[3.411158,6.4240174],[3.4111102,6.423976],[3.4106488,6.4236649],[3.4104607,6.4239345],[3.4103432,6.4241774],[3.4102601,6.4241836]]},"properties":{"osm_id":"way/598999075","name":"Unnamed (OSM way/598999075)","named":false,"source":"OpenStreetMap contributors","source_tags":{"waterway":"drain"},"retrieved_at":"2026-09-06T12:43:12.245Z","confidence":"openstreetmap_mapped_unverified","field_verified":false,"layer":"osm_waterway","waterway_type":"drain","navigability":"unknown"}},{"type":"Feature","geometry":{"type":"LineString","coordinates":[[3.4102601,6.4241836],[3.4099803,6.4241816]]},"properties":{"osm_id":"way/598999076","name":"Unnamed (OSM way/598999076)","named":false,"source":"OpenStreetMap contributors","source_tags":{"layer":"-1","tunnel":"culvert","waterway":"drain"},"retrieved_at":"2026-09-06T12:43:12.245Z","confidence":"openstreetmap_mapped_unverified","field_verified":false,"layer":"osm_waterway","waterway_type":"drain","navigability":"unknown"}},{"type":"Feature","geometry":{"type":"LineString","coordinates":[[3.4099803,6.4241816],[3.4096534,6.4241874]]},"properties":{"osm_id":"way/598999078","name":"Unnamed (OSM way/598999078)","named":false,"source":"OpenStreetMap contributors","source_tags":{"waterway":"drain"},"retrieved_at":"2026-09-06T12:43:12.245Z","confidence":"openstreetmap_mapped_unverified","field_verified":false,"layer":"osm_waterway","waterway_type":"drain","navigability":"unknown"}},{"type":"Feature","geometry":{"type":"LineString","coordinates":[[3.4096534,6.4241874],[3.4082221,6.4242001]]},"properties":{"osm_id":"way/598999080","name":"Unnamed (OSM way/598999080)","named":false,"source":"OpenStreetMap contributors","source_tags":{"layer":"-1","tunnel":"culvert","waterway":"drain"},"retrieved_at":"2026-09-06T12:43:12.245Z","confidence":"openstreetmap_mapped_unverified","field_verified":false,"layer":"osm_waterway","waterway_type":"drain","navigability":"unknown"}},{"type":"Feature","geometry":{"type":"LineString","coordinates":[[3.4082221,6.4242001],[3.4080448,6.4242039]]},"properties":{"osm_id":"way/598999081","name":"Unnamed (OSM way/598999081)","named":false,"source":"OpenStreetMap contributors","source_tags":{"waterway":"drain"},"retrieved_at":"2026-09-06T12:43:12.245Z","confidence":"openstreetmap_mapped_unverified","field_verified":false,"layer":"osm_waterway","waterway_type":"drain","navigability":"unknown"}},{"type":"Feature","geometry":{"type":"LineString","coordinates":[[3.4274363,6.4472685],[3.4280868,6.4470241]]},"properties":{"osm_id":"way/598999099","name":"Unnamed (OSM way/598999099)","named":false,"source":"OpenStreetMap contributors","source_tags":{"waterway":"drain"},"retrieved_at":"2026-09-06T12:43:12.245Z","confidence":"openstreetmap_mapped_unverified","field_verified":false,"layer":"osm_waterway","waterway_type":"drain","navigability":"unknown"}},{"type":"Feature","geometry":{"type":"LineString","coordinates":[[3.4280868,6.4470241],[3.4284699,6.4469251],[3.4285299,6.4468908],[3.4285655,6.4468272],[3.428818,6.4465603]]},"properties":{"osm_id":"way/598999100","name":"Unnamed (OSM way/598999100)","named":false,"source":"OpenStreetMap contributors","source_tags":{"layer":"-1","tunnel":"culvert","waterway":"drain"},"retrieved_at":"2026-09-06T12:43:12.245Z","confidence":"openstreetmap_mapped_unverified","field_verified":false,"layer":"osm_waterway","waterway_type":"drain","navigability":"unknown"}},{"type":"Feature","geometry":{"type":"LineString","coordinates":[[3.4673516,6.4464075],[3.467253,6.4465014]]},"properties":{"osm_id":"way/599458818","name":"Fola Osibo Water Channel","named":true,"source":"OpenStreetMap contributors","source_tags":{"layer":"-1","name":"Fola Osibo Water Channel","tunnel":"culvert","waterway":"drain"},"retrieved_at":"2026-09-06T12:43:12.245Z","confidence":"openstreetmap_mapped_unverified","field_verified":false,"layer":"osm_waterway","waterway_type":"drain","navigability":"unknown"}},{"type":"Feature","geometry":{"type":"LineString","coordinates":[[3.467253,6.4465014],[3.4670052,6.4467375],[3.4658701,6.4478636]]},"properties":{"osm_id":"way/599458819","name":"Fola Osibo Water Channel","named":true,"source":"OpenStreetMap contributors","source_tags":{"name":"Fola Osibo Water Channel","waterway":"drain"},"retrieved_at":"2026-09-06T12:43:12.245Z","confidence":"openstreetmap_mapped_unverified","field_verified":false,"layer":"osm_waterway","waterway_type":"drain","navigability":"unknown"}},{"type":"Feature","geometry":{"type":"LineString","coordinates":[[3.4862118,6.4337694],[3.4858178,6.4337106]]},"properties":{"osm_id":"way/599458822","name":"Unnamed (OSM way/599458822)","named":false,"source":"OpenStreetMap contributors","source_tags":{"layer":"-1","tunnel":"culvert","waterway":"drain"},"retrieved_at":"2026-09-06T12:43:12.245Z","confidence":"openstreetmap_mapped_unverified","field_verified":false,"layer":"osm_waterway","waterway_type":"drain","navigability":"unknown"}},{"type":"Feature","geometry":{"type":"LineString","coordinates":[[3.4858178,6.4337106],[3.4847351,6.4335446]]},"properties":{"osm_id":"way/599458823","name":"Unnamed (OSM way/599458823)","named":false,"source":"OpenStreetMap contributors","source_tags":{"waterway":"ditch"},"retrieved_at":"2026-09-06T12:43:12.245Z","confidence":"openstreetmap_mapped_unverified","field_verified":false,"layer":"osm_waterway","waterway_type":"ditch","navigability":"unknown"}},{"type":"Feature","geometry":{"type":"LineString","coordinates":[[3.4816,6.44773],[3.4816035,6.447999]]},"properties":{"osm_id":"way/599458824","name":"Unnamed (OSM way/599458824)","named":false,"source":"OpenStreetMap contributors","source_tags":{"layer":"-1","tunnel":"culvert","waterway":"drain"},"retrieved_at":"2026-09-06T12:43:12.245Z","confidence":"openstreetmap_mapped_unverified","field_verified":false,"layer":"osm_waterway","waterway_type":"drain","navigability":"unknown"}},{"type":"Feature","geometry":{"type":"LineString","coordinates":[[3.4816035,6.447999],[3.4817041,6.4557448],[3.481702,6.4560057],[3.4817637,6.4560989],[3.4818093,6.4562375],[3.4817825,6.4564694],[3.4816108,6.4568612],[3.4816296,6.4574902],[3.4815759,6.4579806],[3.4817744,6.4580632],[3.4818122,6.458442]]},"properties":{"osm_id":"way/599458825","name":"Unnamed (OSM way/599458825)","named":false,"source":"OpenStreetMap contributors","source_tags":{"waterway":"ditch"},"retrieved_at":"2026-09-06T12:43:12.245Z","confidence":"openstreetmap_mapped_unverified","field_verified":false,"layer":"osm_waterway","waterway_type":"ditch","navigability":"unknown"}},{"type":"Feature","geometry":{"type":"LineString","coordinates":[[3.4194187,6.4361294],[3.4194185,6.4363208]]},"properties":{"osm_id":"way/599458860","name":"Unnamed (OSM way/599458860)","named":false,"source":"OpenStreetMap contributors","source_tags":{"layer":"-1","tunnel":"culvert","waterway":"drain"},"retrieved_at":"2026-09-06T12:43:12.245Z","confidence":"openstreetmap_mapped_unverified","field_verified":false,"layer":"osm_waterway","waterway_type":"drain","navigability":"unknown"}},{"type":"Feature","geometry":{"type":"LineString","coordinates":[[3.4194185,6.4363208],[3.4194182,6.4366291]]},"properties":{"osm_id":"way/599458861","name":"Unnamed (OSM way/599458861)","named":false,"source":"OpenStreetMap contributors","source_tags":{"waterway":"drain"},"retrieved_at":"2026-09-06T12:43:12.245Z","confidence":"openstreetmap_mapped_unverified","field_verified":false,"layer":"osm_waterway","waterway_type":"drain","navigability":"unknown"}},{"type":"Feature","geometry":{"type":"LineString","coordinates":[[3.4135053,6.4253934],[3.4127505,6.4254034],[3.4119538,6.4246789],[3.4112179,6.4240648]]},"properties":{"osm_id":"way/599458878","name":"Unnamed (OSM way/599458878)","named":false,"source":"OpenStreetMap contributors","source_tags":{"waterway":"drain"},"retrieved_at":"2026-09-06T12:43:12.245Z","confidence":"openstreetmap_mapped_unverified","field_verified":false,"layer":"osm_waterway","waterway_type":"drain","navigability":"unknown"}},{"type":"Feature","geometry":{"type":"LineString","coordinates":[[3.4136433,6.4253938],[3.4135053,6.4253934]]},"properties":{"osm_id":"way/599458879","name":"Unnamed (OSM way/599458879)","named":false,"source":"OpenStreetMap contributors","source_tags":{"layer":"-1","tunnel":"culvert","waterway":"drain"},"retrieved_at":"2026-09-06T12:43:12.245Z","confidence":"openstreetmap_mapped_unverified","field_verified":false,"layer":"osm_waterway","waterway_type":"drain","navigability":"unknown"}},{"type":"Feature","geometry":{"type":"LineString","coordinates":[[3.4150307,6.425398],[3.4148767,6.4253975]]},"properties":{"osm_id":"way/599458880","name":"Unnamed (OSM way/599458880)","named":false,"source":"OpenStreetMap contributors","source_tags":{"layer":"-1","tunnel":"culvert","waterway":"drain"},"retrieved_at":"2026-09-06T12:43:12.245Z","confidence":"openstreetmap_mapped_unverified","field_verified":false,"layer":"osm_waterway","waterway_type":"drain","navigability":"unknown"}},{"type":"Feature","geometry":{"type":"LineString","coordinates":[[3.4148767,6.4253975],[3.4136433,6.4253938]]},"properties":{"osm_id":"way/599458881","name":"Unnamed (OSM way/599458881)","named":false,"source":"OpenStreetMap contributors","source_tags":{"waterway":"drain"},"retrieved_at":"2026-09-06T12:43:12.245Z","confidence":"openstreetmap_mapped_unverified","field_verified":false,"layer":"osm_waterway","waterway_type":"drain","navigability":"unknown"}},{"type":"Feature","geometry":{"type":"LineString","coordinates":[[3.5379922,6.445736],[3.5377871,6.4467323],[3.5372651,6.4475569]]},"properties":{"osm_id":"way/599933025","name":"Unnamed (OSM way/599933025)","named":false,"source":"OpenStreetMap contributors","source_tags":{"waterway":"ditch"},"retrieved_at":"2026-09-06T12:43:12.245Z","confidence":"openstreetmap_mapped_unverified","field_verified":false,"layer":"osm_waterway","waterway_type":"ditch","navigability":"unknown"}},{"type":"Feature","geometry":{"type":"LineString","coordinates":[[3.5375704,6.4444693],[3.537868,6.4446247],[3.5380069,6.4447453],[3.5379922,6.445736]]},"properties":{"osm_id":"way/599933026","name":"Unnamed (OSM way/599933026)","named":false,"source":"OpenStreetMap contributors","source_tags":{"waterway":"drain"},"retrieved_at":"2026-09-06T12:43:12.245Z","confidence":"openstreetmap_mapped_unverified","field_verified":false,"layer":"osm_waterway","waterway_type":"drain","navigability":"unknown"}},{"type":"Feature","geometry":{"type":"LineString","coordinates":[[3.5373714,6.4443661],[3.5375704,6.4444693]]},"properties":{"osm_id":"way/599933027","name":"Unnamed (OSM way/599933027)","named":false,"source":"OpenStreetMap contributors","source_tags":{"layer":"-1","tunnel":"culvert","waterway":"drain"},"retrieved_at":"2026-09-06T12:43:12.245Z","confidence":"openstreetmap_mapped_unverified","field_verified":false,"layer":"osm_waterway","waterway_type":"drain","navigability":"unknown"}},{"type":"Feature","geometry":{"type":"LineString","coordinates":[[3.5096952,6.4264897],[3.5109474,6.4265947]]},"properties":{"osm_id":"way/599933028","name":"Unnamed (OSM way/599933028)","named":false,"source":"OpenStreetMap contributors","source_tags":{"waterway":"ditch"},"retrieved_at":"2026-09-06T12:43:12.245Z","confidence":"openstreetmap_mapped_unverified","field_verified":false,"layer":"osm_waterway","waterway_type":"ditch","navigability":"unknown"}},{"type":"Feature","geometry":{"type":"LineString","coordinates":[[3.512476,6.4267927],[3.5117178,6.4266634],[3.5109474,6.4265947]]},"properties":{"osm_id":"way/599933029","name":"Unnamed (OSM way/599933029)","named":false,"source":"OpenStreetMap contributors","source_tags":{"waterway":"ditch"},"retrieved_at":"2026-09-06T12:43:12.245Z","confidence":"openstreetmap_mapped_unverified","field_verified":false,"layer":"osm_waterway","waterway_type":"ditch","navigability":"unknown"}},{"type":"Feature","geometry":{"type":"LineString","coordinates":[[3.5109474,6.4265947],[3.5109372,6.4267281],[3.5109294,6.4276656]]},"properties":{"osm_id":"way/599933030","name":"Unnamed (OSM way/599933030)","named":false,"source":"OpenStreetMap contributors","source_tags":{"waterway":"ditch"},"retrieved_at":"2026-09-06T12:43:12.245Z","confidence":"openstreetmap_mapped_unverified","field_verified":false,"layer":"osm_waterway","waterway_type":"ditch","navigability":"unknown"}},{"type":"Feature","geometry":{"type":"LineString","coordinates":[[3.5109294,6.4276656],[3.5109302,6.4277381]]},"properties":{"osm_id":"way/599933031","name":"Unnamed (OSM way/599933031)","named":false,"source":"OpenStreetMap contributors","source_tags":{"layer":"-1","tunnel":"culvert","waterway":"drain"},"retrieved_at":"2026-09-06T12:43:12.245Z","confidence":"openstreetmap_mapped_unverified","field_verified":false,"layer":"osm_waterway","waterway_type":"drain","navigability":"unknown"}},{"type":"Feature","geometry":{"type":"LineString","coordinates":[[3.5109302,6.4277381],[3.5109249,6.428325],[3.5108895,6.4302787],[3.510893,6.4303806],[3.5109196,6.4305459],[3.5112735,6.4323167]]},"properties":{"osm_id":"way/599933032","name":"Unnamed (OSM way/599933032)","named":false,"source":"OpenStreetMap contributors","source_tags":{"waterway":"ditch"},"retrieved_at":"2026-09-06T12:43:12.245Z","confidence":"openstreetmap_mapped_unverified","field_verified":false,"layer":"osm_waterway","waterway_type":"ditch","navigability":"unknown"}},{"type":"Feature","geometry":{"type":"LineString","coordinates":[[3.5112735,6.4323167],[3.5114168,6.4329849]]},"properties":{"osm_id":"way/599933033","name":"Unnamed (OSM way/599933033)","named":false,"source":"OpenStreetMap contributors","source_tags":{"waterway":"drain"},"retrieved_at":"2026-09-06T12:43:12.245Z","confidence":"openstreetmap_mapped_unverified","field_verified":false,"layer":"osm_waterway","waterway_type":"drain","navigability":"unknown"}},{"type":"Feature","geometry":{"type":"LineString","coordinates":[[3.5114168,6.4329849],[3.5114567,6.433122]]},"properties":{"osm_id":"way/599933034","name":"Unnamed (OSM way/599933034)","named":false,"source":"OpenStreetMap contributors","source_tags":{"layer":"-1","tunnel":"culvert","waterway":"drain"},"retrieved_at":"2026-09-06T12:43:12.245Z","confidence":"openstreetmap_mapped_unverified","field_verified":false,"layer":"osm_waterway","waterway_type":"drain","navigability":"unknown"}},{"type":"Feature","geometry":{"type":"LineString","coordinates":[[3.5022626,6.4478222],[3.5022424,6.4493975],[3.5019234,6.4493964],[3.5015573,6.4493348],[3.5011105,6.4491498],[3.5003659,6.4489525],[3.4991621,6.4484469],[3.4978476,6.4480844],[3.4976554,6.4481512]]},"properties":{"osm_id":"way/599933035","name":"Unnamed (OSM way/599933035)","named":false,"source":"OpenStreetMap contributors","source_tags":{"waterway":"ditch"},"retrieved_at":"2026-09-06T12:43:12.245Z","confidence":"openstreetmap_mapped_unverified","field_verified":false,"layer":"osm_waterway","waterway_type":"ditch","navigability":"unknown"}},{"type":"Feature","geometry":{"type":"LineString","coordinates":[[3.4975524,6.4483253],[3.4974867,6.4484012],[3.4974279,6.4484603]]},"properties":{"osm_id":"way/599933036","name":"Unnamed (OSM way/599933036)","named":false,"source":"OpenStreetMap contributors","source_tags":{"layer":"-1","tunnel":"culvert","waterway":"drain"},"retrieved_at":"2026-09-06T12:43:12.245Z","confidence":"openstreetmap_mapped_unverified","field_verified":false,"layer":"osm_waterway","waterway_type":"drain","navigability":"unknown"}},{"type":"Feature","geometry":{"type":"LineString","coordinates":[[3.4974279,6.4484603],[3.4972161,6.4490259],[3.4968755,6.4500334],[3.4964973,6.4508636],[3.4964147,6.4513422],[3.4964116,6.4524412],[3.4964414,6.4528748],[3.4966002,6.4532165],[3.4970592,6.4540747],[3.4974212,6.4547514]]},"properties":{"osm_id":"way/599933037","name":"Unnamed (OSM way/599933037)","named":false,"source":"OpenStreetMap contributors","source_tags":{"waterway":"ditch"},"retrieved_at":"2026-09-06T12:43:12.245Z","confidence":"openstreetmap_mapped_unverified","field_verified":false,"layer":"osm_waterway","waterway_type":"ditch","navigability":"unknown"}},{"type":"Feature","geometry":{"type":"LineString","coordinates":[[3.4973689,6.4353778],[3.4976324,6.4354809]]},"properties":{"osm_id":"way/599933038","name":"Unnamed (OSM way/599933038)","named":false,"source":"OpenStreetMap contributors","source_tags":{"layer":"-1","tunnel":"culvert","waterway":"drain"},"retrieved_at":"2026-09-06T12:43:12.245Z","confidence":"openstreetmap_mapped_unverified","field_verified":false,"layer":"osm_waterway","waterway_type":"drain","navigability":"unknown"}},{"type":"Feature","geometry":{"type":"LineString","coordinates":[[3.5072216,6.436835],[3.5071048,6.4368211],[3.506918,6.4368698],[3.5064837,6.4368049],[3.5058509,6.4366378],[3.5055509,6.4365949]]},"properties":{"osm_id":"way/599933039","name":"Unnamed (OSM way/599933039)","named":false,"source":"OpenStreetMap contributors","source_tags":{"waterway":"ditch"},"retrieved_at":"2026-09-06T12:43:12.245Z","confidence":"openstreetmap_mapped_unverified","field_verified":false,"layer":"osm_waterway","waterway_type":"ditch","navigability":"unknown"}},{"type":"Feature","geometry":{"type":"LineString","coordinates":[[3.5055509,6.4365949],[3.5054154,6.4365749]]},"properties":{"osm_id":"way/599933040","name":"Unnamed (OSM way/599933040)","named":false,"source":"OpenStreetMap contributors","source_tags":{"layer":"-1","tunnel":"culvert","waterway":"drain"},"retrieved_at":"2026-09-06T12:43:12.245Z","confidence":"openstreetmap_mapped_unverified","field_verified":false,"layer":"osm_waterway","waterway_type":"drain","navigability":"unknown"}},{"type":"Feature","geometry":{"type":"LineString","coordinates":[[3.5054154,6.4365749],[3.5046262,6.4364589]]},"properties":{"osm_id":"way/599933041","name":"Unnamed (OSM way/599933041)","named":false,"source":"OpenStreetMap contributors","source_tags":{"waterway":"ditch"},"retrieved_at":"2026-09-06T12:43:12.245Z","confidence":"openstreetmap_mapped_unverified","field_verified":false,"layer":"osm_waterway","waterway_type":"ditch","navigability":"unknown"}},{"type":"Feature","geometry":{"type":"LineString","coordinates":[[3.5046262,6.4364589],[3.5043932,6.4364195],[3.5041065,6.4364071],[3.5034818,6.4363268]]},"properties":{"osm_id":"way/599933042","name":"Unnamed (OSM way/599933042)","named":false,"source":"OpenStreetMap contributors","source_tags":{"waterway":"drain"},"retrieved_at":"2026-09-06T12:43:12.245Z","confidence":"openstreetmap_mapped_unverified","field_verified":false,"layer":"osm_waterway","waterway_type":"drain","navigability":"unknown"}},{"type":"Feature","geometry":{"type":"LineString","coordinates":[[3.5034818,6.4363268],[3.5030695,6.4362542]]},"properties":{"osm_id":"way/599933043","name":"Unnamed (OSM way/599933043)","named":false,"source":"OpenStreetMap contributors","source_tags":{"layer":"-1","tunnel":"culvert","waterway":"drain"},"retrieved_at":"2026-09-06T12:43:12.245Z","confidence":"openstreetmap_mapped_unverified","field_verified":false,"layer":"osm_waterway","waterway_type":"drain","navigability":"unknown"}},{"type":"Feature","geometry":{"type":"LineString","coordinates":[[3.5030695,6.4362542],[3.5025634,6.4361803]]},"properties":{"osm_id":"way/599933044","name":"Unnamed (OSM way/599933044)","named":false,"source":"OpenStreetMap contributors","source_tags":{"waterway":"ditch"},"retrieved_at":"2026-09-06T12:43:12.245Z","confidence":"openstreetmap_mapped_unverified","field_verified":false,"layer":"osm_waterway","waterway_type":"ditch","navigability":"unknown"}},{"type":"Feature","geometry":{"type":"LineString","coordinates":[[3.5025634,6.4361803],[3.5023291,6.4361764]]},"properties":{"osm_id":"way/599933045","name":"Unnamed (OSM way/599933045)","named":false,"source":"OpenStreetMap contributors","source_tags":{"layer":"-1","tunnel":"culvert","waterway":"drain"},"retrieved_at":"2026-09-06T12:43:12.245Z","confidence":"openstreetmap_mapped_unverified","field_verified":false,"layer":"osm_waterway","waterway_type":"drain","navigability":"unknown"}},{"type":"Feature","geometry":{"type":"LineString","coordinates":[[3.5003804,6.4358417],[3.5005201,6.4358565]]},"properties":{"osm_id":"way/599933063","name":"Unnamed (OSM way/599933063)","named":false,"source":"OpenStreetMap contributors","source_tags":{"waterway":"ditch"},"retrieved_at":"2026-09-06T12:43:12.245Z","confidence":"openstreetmap_mapped_unverified","field_verified":false,"layer":"osm_waterway","waterway_type":"ditch","navigability":"unknown"}},{"type":"Feature","geometry":{"type":"LineString","coordinates":[[3.502019,6.4360797],[3.5021765,6.4361131]]},"properties":{"osm_id":"way/599933064","name":"Unnamed (OSM way/599933064)","named":false,"source":"OpenStreetMap contributors","source_tags":{"layer":"-1","tunnel":"culvert","waterway":"drain"},"retrieved_at":"2026-09-06T12:43:12.245Z","confidence":"openstreetmap_mapped_unverified","field_verified":false,"layer":"osm_waterway","waterway_type":"drain","navigability":"unknown"}},{"type":"Feature","geometry":{"type":"LineString","coordinates":[[3.5021765,6.4361131],[3.5022712,6.4361298],[3.5023291,6.4361764]]},"properties":{"osm_id":"way/599933065","name":"Unnamed (OSM way/599933065)","named":false,"source":"OpenStreetMap contributors","source_tags":{"waterway":"ditch"},"retrieved_at":"2026-09-06T12:43:12.245Z","confidence":"openstreetmap_mapped_unverified","field_verified":false,"layer":"osm_waterway","waterway_type":"ditch","navigability":"unknown"}},{"type":"Feature","geometry":{"type":"LineString","coordinates":[[3.5023249,6.437628],[3.5023235,6.438101]]},"properties":{"osm_id":"way/599933066","name":"Unnamed (OSM way/599933066)","named":false,"source":"OpenStreetMap contributors","source_tags":{"layer":"-1","tunnel":"culvert","waterway":"drain"},"retrieved_at":"2026-09-06T12:43:12.245Z","confidence":"openstreetmap_mapped_unverified","field_verified":false,"layer":"osm_waterway","waterway_type":"drain","navigability":"unknown"}},{"type":"Feature","geometry":{"type":"LineString","coordinates":[[3.5023235,6.438101],[3.5023221,6.4386]]},"properties":{"osm_id":"way/599933067","name":"Unnamed (OSM way/599933067)","named":false,"source":"OpenStreetMap contributors","source_tags":{"waterway":"drain"},"retrieved_at":"2026-09-06T12:43:12.245Z","confidence":"openstreetmap_mapped_unverified","field_verified":false,"layer":"osm_waterway","waterway_type":"drain","navigability":"unknown"}},{"type":"Feature","geometry":{"type":"LineString","coordinates":[[3.5023221,6.4386],[3.5023218,6.4386838]]},"properties":{"osm_id":"way/599933068","name":"Unnamed (OSM way/599933068)","named":false,"source":"OpenStreetMap contributors","source_tags":{"layer":"-1","tunnel":"culvert","waterway":"drain"},"retrieved_at":"2026-09-06T12:43:12.245Z","confidence":"openstreetmap_mapped_unverified","field_verified":false,"layer":"osm_waterway","waterway_type":"drain","navigability":"unknown"}},{"type":"Feature","geometry":{"type":"LineString","coordinates":[[3.5023218,6.4386838],[3.5023215,6.4388101]]},"properties":{"osm_id":"way/599933069","name":"Unnamed (OSM way/599933069)","named":false,"source":"OpenStreetMap contributors","source_tags":{"waterway":"drain"},"retrieved_at":"2026-09-06T12:43:12.245Z","confidence":"openstreetmap_mapped_unverified","field_verified":false,"layer":"osm_waterway","waterway_type":"drain","navigability":"unknown"}},{"type":"Feature","geometry":{"type":"LineString","coordinates":[[3.5023215,6.4388101],[3.5023213,6.4388878]]},"properties":{"osm_id":"way/599933070","name":"Unnamed (OSM way/599933070)","named":false,"source":"OpenStreetMap contributors","source_tags":{"layer":"-1","tunnel":"culvert","waterway":"drain"},"retrieved_at":"2026-09-06T12:43:12.245Z","confidence":"openstreetmap_mapped_unverified","field_verified":false,"layer":"osm_waterway","waterway_type":"drain","navigability":"unknown"}},{"type":"Feature","geometry":{"type":"LineString","coordinates":[[3.5023213,6.4388878],[3.5023205,6.4391565]]},"properties":{"osm_id":"way/599933071","name":"Unnamed (OSM way/599933071)","named":false,"source":"OpenStreetMap contributors","source_tags":{"waterway":"drain"},"retrieved_at":"2026-09-06T12:43:12.245Z","confidence":"openstreetmap_mapped_unverified","field_verified":false,"layer":"osm_waterway","waterway_type":"drain","navigability":"unknown"}},{"type":"Feature","geometry":{"type":"LineString","coordinates":[[3.5023203,6.4392302],[3.5023196,6.4394494]]},"properties":{"osm_id":"way/599933072","name":"Unnamed (OSM way/599933072)","named":false,"source":"OpenStreetMap contributors","source_tags":{"waterway":"drain"},"retrieved_at":"2026-09-06T12:43:12.245Z","confidence":"openstreetmap_mapped_unverified","field_verified":false,"layer":"osm_waterway","waterway_type":"drain","navigability":"unknown"}},{"type":"Feature","geometry":{"type":"LineString","coordinates":[[3.5023205,6.4391565],[3.5023203,6.4392302]]},"properties":{"osm_id":"way/599933073","name":"Unnamed (OSM way/599933073)","named":false,"source":"OpenStreetMap contributors","source_tags":{"layer":"-1","tunnel":"culvert","waterway":"drain"},"retrieved_at":"2026-09-06T12:43:12.245Z","confidence":"openstreetmap_mapped_unverified","field_verified":false,"layer":"osm_waterway","waterway_type":"drain","navigability":"unknown"}},{"type":"Feature","geometry":{"type":"LineString","coordinates":[[3.5023187,6.4397594],[3.5023174,6.4402069]]},"properties":{"osm_id":"way/599933074","name":"Unnamed (OSM way/599933074)","named":false,"source":"OpenStreetMap contributors","source_tags":{"waterway":"drain"},"retrieved_at":"2026-09-06T12:43:12.245Z","confidence":"openstreetmap_mapped_unverified","field_verified":false,"layer":"osm_waterway","waterway_type":"drain","navigability":"unknown"}},{"type":"Feature","geometry":{"type":"LineString","coordinates":[[3.5023196,6.4394494],[3.5023187,6.4397594]]},"properties":{"osm_id":"way/599933075","name":"Unnamed (OSM way/599933075)","named":false,"source":"OpenStreetMap contributors","source_tags":{"layer":"-1","tunnel":"culvert","waterway":"drain"},"retrieved_at":"2026-09-06T12:43:12.245Z","confidence":"openstreetmap_mapped_unverified","field_verified":false,"layer":"osm_waterway","waterway_type":"drain","navigability":"unknown"}},{"type":"Feature","geometry":{"type":"LineString","coordinates":[[3.5023174,6.4402069],[3.5023151,6.441017]]},"properties":{"osm_id":"way/599933076","name":"Unnamed (OSM way/599933076)","named":false,"source":"OpenStreetMap contributors","source_tags":{"waterway":"ditch"},"retrieved_at":"2026-09-06T12:43:12.245Z","confidence":"openstreetmap_mapped_unverified","field_verified":false,"layer":"osm_waterway","waterway_type":"ditch","navigability":"unknown"}},{"type":"Feature","geometry":{"type":"LineString","coordinates":[[3.5023151,6.441017],[3.5023147,6.4411543]]},"properties":{"osm_id":"way/599933077","name":"Unnamed (OSM way/599933077)","named":false,"source":"OpenStreetMap contributors","source_tags":{"layer":"-1","tunnel":"culvert","waterway":"drain"},"retrieved_at":"2026-09-06T12:43:12.245Z","confidence":"openstreetmap_mapped_unverified","field_verified":false,"layer":"osm_waterway","waterway_type":"drain","navigability":"unknown"}},{"type":"Feature","geometry":{"type":"LineString","coordinates":[[3.5023147,6.4411543],[3.5023052,6.4444558]]},"properties":{"osm_id":"way/599933078","name":"Unnamed (OSM way/599933078)","named":false,"source":"OpenStreetMap contributors","source_tags":{"waterway":"ditch"},"retrieved_at":"2026-09-06T12:43:12.245Z","confidence":"openstreetmap_mapped_unverified","field_verified":false,"layer":"osm_waterway","waterway_type":"ditch","navigability":"unknown"}},{"type":"Feature","geometry":{"type":"LineString","coordinates":[[3.5023052,6.4444558],[3.502305,6.444524],[3.5022626,6.4478222]]},"properties":{"osm_id":"way/599933079","name":"Unnamed (OSM way/599933079)","named":false,"source":"OpenStreetMap contributors","source_tags":{"waterway":"drain"},"retrieved_at":"2026-09-06T12:43:12.245Z","confidence":"openstreetmap_mapped_unverified","field_verified":false,"layer":"osm_waterway","waterway_type":"drain","navigability":"unknown"}},{"type":"Feature","geometry":{"type":"LineString","coordinates":[[3.4998154,6.4357494],[3.4983163,6.4355196],[3.4976812,6.4354315],[3.4976324,6.4354809]]},"properties":{"osm_id":"way/599933080","name":"Unnamed (OSM way/599933080)","named":false,"source":"OpenStreetMap contributors","source_tags":{"waterway":"ditch"},"retrieved_at":"2026-09-06T12:43:12.245Z","confidence":"openstreetmap_mapped_unverified","field_verified":false,"layer":"osm_waterway","waterway_type":"ditch","navigability":"unknown"}},{"type":"Feature","geometry":{"type":"LineString","coordinates":[[3.4955797,6.4351206],[3.4973689,6.4353778]]},"properties":{"osm_id":"way/599933081","name":"Unnamed (OSM way/599933081)","named":false,"source":"OpenStreetMap contributors","source_tags":{"waterway":"ditch"},"retrieved_at":"2026-09-06T12:43:12.245Z","confidence":"openstreetmap_mapped_unverified","field_verified":false,"layer":"osm_waterway","waterway_type":"ditch","navigability":"unknown"}},{"type":"Feature","geometry":{"type":"LineString","coordinates":[[3.4947764,6.434986],[3.4922907,6.4346398]]},"properties":{"osm_id":"way/599933082","name":"Unnamed (OSM way/599933082)","named":false,"source":"OpenStreetMap contributors","source_tags":{"waterway":"ditch"},"retrieved_at":"2026-09-06T12:43:12.245Z","confidence":"openstreetmap_mapped_unverified","field_verified":false,"layer":"osm_waterway","waterway_type":"ditch","navigability":"unknown"}},{"type":"Feature","geometry":{"type":"LineString","coordinates":[[3.4922907,6.4346398],[3.4921277,6.4345515],[3.4915253,6.4344726],[3.490666,6.4344285],[3.4905239,6.4344125]]},"properties":{"osm_id":"way/599933083","name":"Unnamed (OSM way/599933083)","named":false,"source":"OpenStreetMap contributors","source_tags":{"layer":"-1","tunnel":"culvert","waterway":"drain"},"retrieved_at":"2026-09-06T12:43:12.245Z","confidence":"openstreetmap_mapped_unverified","field_verified":false,"layer":"osm_waterway","waterway_type":"drain","navigability":"unknown"}},{"type":"Feature","geometry":{"type":"LineString","coordinates":[[3.4819339,6.4371527],[3.4819407,6.4377259]]},"properties":{"osm_id":"way/599933084","name":"Unnamed (OSM way/599933084)","named":false,"source":"OpenStreetMap contributors","source_tags":{"waterway":"ditch"},"retrieved_at":"2026-09-06T12:43:12.245Z","confidence":"openstreetmap_mapped_unverified","field_verified":false,"layer":"osm_waterway","waterway_type":"ditch","navigability":"unknown"}},{"type":"Feature","geometry":{"type":"LineString","coordinates":[[3.4819318,6.4369743],[3.4819339,6.4371527]]},"properties":{"osm_id":"way/599933085","name":"Unnamed (OSM way/599933085)","named":false,"source":"OpenStreetMap contributors","source_tags":{"layer":"-1","tunnel":"culvert","waterway":"drain"},"retrieved_at":"2026-09-06T12:43:12.245Z","confidence":"openstreetmap_mapped_unverified","field_verified":false,"layer":"osm_waterway","waterway_type":"drain","navigability":"unknown"}},{"type":"Feature","geometry":{"type":"LineString","coordinates":[[3.4819407,6.4377259],[3.4819422,6.4378484]]},"properties":{"osm_id":"way/599933086","name":"Unnamed (OSM way/599933086)","named":false,"source":"OpenStreetMap contributors","source_tags":{"layer":"-1","tunnel":"culvert","waterway":"drain"},"retrieved_at":"2026-09-06T12:43:12.245Z","confidence":"openstreetmap_mapped_unverified","field_verified":false,"layer":"osm_waterway","waterway_type":"drain","navigability":"unknown"}},{"type":"Feature","geometry":{"type":"LineString","coordinates":[[3.4819422,6.4378484],[3.4819953,6.4423521],[3.4819307,6.4424397]]},"properties":{"osm_id":"way/599933087","name":"Unnamed (OSM way/599933087)","named":false,"source":"OpenStreetMap contributors","source_tags":{"waterway":"ditch"},"retrieved_at":"2026-09-06T12:43:12.245Z","confidence":"openstreetmap_mapped_unverified","field_verified":false,"layer":"osm_waterway","waterway_type":"ditch","navigability":"unknown"}},{"type":"Feature","geometry":{"type":"LineString","coordinates":[[3.4907874,6.4374286],[3.490788,6.4377011]]},"properties":{"osm_id":"way/599933088","name":"Unnamed (OSM way/599933088)","named":false,"source":"OpenStreetMap contributors","source_tags":{"waterway":"drain"},"retrieved_at":"2026-09-06T12:43:12.245Z","confidence":"openstreetmap_mapped_unverified","field_verified":false,"layer":"osm_waterway","waterway_type":"drain","navigability":"unknown"}},{"type":"Feature","geometry":{"type":"LineString","coordinates":[[3.4907186,6.4489497],[3.4907171,6.4492449],[3.4906942,6.4493725],[3.4907069,6.4505234],[3.4905479,6.4510738],[3.4905536,6.4522718],[3.4905555,6.4526673],[3.4906,6.4537129],[3.4905573,6.4542819],[3.4905397,6.4548091],[3.4907675,6.455443],[3.4910337,6.4559366],[3.4910314,6.4561469],[3.4907067,6.4568513],[3.4906939,6.4572561]]},"properties":{"osm_id":"way/599933089","name":"Unnamed (OSM way/599933089)","named":false,"source":"OpenStreetMap contributors","source_tags":{"waterway":"ditch"},"retrieved_at":"2026-09-06T12:43:12.245Z","confidence":"openstreetmap_mapped_unverified","field_verified":false,"layer":"osm_waterway","waterway_type":"ditch","navigability":"unknown"}},{"type":"Feature","geometry":{"type":"LineString","coordinates":[[3.4907224,6.4481687],[3.490722,6.4482527]]},"properties":{"osm_id":"way/599933090","name":"Unnamed (OSM way/599933090)","named":false,"source":"OpenStreetMap contributors","source_tags":{"layer":"-1","tunnel":"culvert","waterway":"drain"},"retrieved_at":"2026-09-06T12:43:12.245Z","confidence":"openstreetmap_mapped_unverified","field_verified":false,"layer":"osm_waterway","waterway_type":"drain","navigability":"unknown"}},{"type":"Feature","geometry":{"type":"LineString","coordinates":[[3.490722,6.4482527],[3.4907191,6.4488433]]},"properties":{"osm_id":"way/599933091","name":"Unnamed (OSM way/599933091)","named":false,"source":"OpenStreetMap contributors","source_tags":{"waterway":"drain"},"retrieved_at":"2026-09-06T12:43:12.245Z","confidence":"openstreetmap_mapped_unverified","field_verified":false,"layer":"osm_waterway","waterway_type":"drain","navigability":"unknown"}},{"type":"Feature","geometry":{"type":"LineString","coordinates":[[3.4907254,6.4475584],[3.490725,6.4476303]]},"properties":{"osm_id":"way/599933092","name":"Unnamed (OSM way/599933092)","named":false,"source":"OpenStreetMap contributors","source_tags":{"layer":"-1","tunnel":"culvert","waterway":"drain"},"retrieved_at":"2026-09-06T12:43:12.245Z","confidence":"openstreetmap_mapped_unverified","field_verified":false,"layer":"osm_waterway","waterway_type":"drain","navigability":"unknown"}},{"type":"Feature","geometry":{"type":"LineString","coordinates":[[3.490725,6.4476303],[3.4907224,6.4481687]]},"properties":{"osm_id":"way/599933093","name":"Unnamed (OSM way/599933093)","named":false,"source":"OpenStreetMap contributors","source_tags":{"waterway":"drain"},"retrieved_at":"2026-09-06T12:43:12.245Z","confidence":"openstreetmap_mapped_unverified","field_verified":false,"layer":"osm_waterway","waterway_type":"drain","navigability":"unknown"}},{"type":"Feature","geometry":{"type":"LineString","coordinates":[[3.4907279,6.4470573],[3.4907275,6.4471293]]},"properties":{"osm_id":"way/599933094","name":"Unnamed (OSM way/599933094)","named":false,"source":"OpenStreetMap contributors","source_tags":{"layer":"-1","tunnel":"culvert","waterway":"drain"},"retrieved_at":"2026-09-06T12:43:12.245Z","confidence":"openstreetmap_mapped_unverified","field_verified":false,"layer":"osm_waterway","waterway_type":"drain","navigability":"unknown"}},{"type":"Feature","geometry":{"type":"LineString","coordinates":[[3.4907275,6.4471293],[3.4907254,6.4475584]]},"properties":{"osm_id":"way/599933095","name":"Unnamed (OSM way/599933095)","named":false,"source":"OpenStreetMap contributors","source_tags":{"waterway":"drain"},"retrieved_at":"2026-09-06T12:43:12.245Z","confidence":"openstreetmap_mapped_unverified","field_verified":false,"layer":"osm_waterway","waterway_type":"drain","navigability":"unknown"}},{"type":"Feature","geometry":{"type":"LineString","coordinates":[[3.490736,6.4454172],[3.4907289,6.4468532]]},"properties":{"osm_id":"way/599933096","name":"Unnamed (OSM way/599933096)","named":false,"source":"OpenStreetMap contributors","source_tags":{"waterway":"drain"},"retrieved_at":"2026-09-06T12:43:12.245Z","confidence":"openstreetmap_mapped_unverified","field_verified":false,"layer":"osm_waterway","waterway_type":"drain","navigability":"unknown"}},{"type":"Feature","geometry":{"type":"LineString","coordinates":[[3.4907426,6.4440709],[3.4907421,6.4441775]]},"properties":{"osm_id":"way/599933097","name":"Unnamed (OSM way/599933097)","named":false,"source":"OpenStreetMap contributors","source_tags":{"layer":"-1","tunnel":"culvert","waterway":"drain"},"retrieved_at":"2026-09-06T12:43:12.245Z","confidence":"openstreetmap_mapped_unverified","field_verified":false,"layer":"osm_waterway","waterway_type":"drain","navigability":"unknown"}},{"type":"Feature","geometry":{"type":"LineString","coordinates":[[3.4907483,6.4429988],[3.4907426,6.4440709]]},"properties":{"osm_id":"way/599933098","name":"Unnamed (OSM way/599933098)","named":false,"source":"OpenStreetMap contributors","source_tags":{"waterway":"drain"},"retrieved_at":"2026-09-06T12:43:12.245Z","confidence":"openstreetmap_mapped_unverified","field_verified":false,"layer":"osm_waterway","waterway_type":"drain","navigability":"unknown"}},{"type":"Feature","geometry":{"type":"LineString","coordinates":[[3.4907473,6.4429255],[3.4907483,6.4429988]]},"properties":{"osm_id":"way/599933099","name":"Unnamed (OSM way/599933099)","named":false,"source":"OpenStreetMap contributors","source_tags":{"layer":"-1","tunnel":"culvert","waterway":"drain"},"retrieved_at":"2026-09-06T12:43:12.245Z","confidence":"openstreetmap_mapped_unverified","field_verified":false,"layer":"osm_waterway","waterway_type":"drain","navigability":"unknown"}},{"type":"Feature","geometry":{"type":"LineString","coordinates":[[3.4907499,6.4425903],[3.4907473,6.4429255]]},"properties":{"osm_id":"way/599933100","name":"Unnamed (OSM way/599933100)","named":false,"source":"OpenStreetMap contributors","source_tags":{"waterway":"drain"},"retrieved_at":"2026-09-06T12:43:12.245Z","confidence":"openstreetmap_mapped_unverified","field_verified":false,"layer":"osm_waterway","waterway_type":"drain","navigability":"unknown"}},{"type":"Feature","geometry":{"type":"LineString","coordinates":[[3.4907503,6.4425011],[3.4907499,6.4425903]]},"properties":{"osm_id":"way/599933101","name":"Unnamed (OSM way/599933101)","named":false,"source":"OpenStreetMap contributors","source_tags":{"layer":"-1","tunnel":"culvert","waterway":"drain"},"retrieved_at":"2026-09-06T12:43:12.245Z","confidence":"openstreetmap_mapped_unverified","field_verified":false,"layer":"osm_waterway","waterway_type":"drain","navigability":"unknown"}},{"type":"Feature","geometry":{"type":"LineString","coordinates":[[3.4907635,6.4417111],[3.4907522,6.4422992]]},"properties":{"osm_id":"way/599933102","name":"Unnamed (OSM way/599933102)","named":false,"source":"OpenStreetMap contributors","source_tags":{"waterway":"drain"},"retrieved_at":"2026-09-06T12:43:12.245Z","confidence":"openstreetmap_mapped_unverified","field_verified":false,"layer":"osm_waterway","waterway_type":"drain","navigability":"unknown"}},{"type":"Feature","geometry":{"type":"LineString","coordinates":[[3.4907639,6.4416284],[3.4907635,6.4417111]]},"properties":{"osm_id":"way/599933103","name":"Unnamed (OSM way/599933103)","named":false,"source":"OpenStreetMap contributors","source_tags":{"layer":"-1","tunnel":"culvert","waterway":"drain"},"retrieved_at":"2026-09-06T12:43:12.245Z","confidence":"openstreetmap_mapped_unverified","field_verified":false,"layer":"osm_waterway","waterway_type":"drain","navigability":"unknown"}},{"type":"Feature","geometry":{"type":"LineString","coordinates":[[3.490773,6.4402489],[3.4907684,6.4409757],[3.4907639,6.4416284]]},"properties":{"osm_id":"way/599933104","name":"Unnamed (OSM way/599933104)","named":false,"source":"OpenStreetMap contributors","source_tags":{"waterway":"drain"},"retrieved_at":"2026-09-06T12:43:12.245Z","confidence":"openstreetmap_mapped_unverified","field_verified":false,"layer":"osm_waterway","waterway_type":"drain","navigability":"unknown"}},{"type":"Feature","geometry":{"type":"LineString","coordinates":[[3.4907778,6.4393587],[3.4907787,6.43946]]},"properties":{"osm_id":"way/599933105","name":"Unnamed (OSM way/599933105)","named":false,"source":"OpenStreetMap contributors","source_tags":{"layer":"-1","tunnel":"culvert","waterway":"drain"},"retrieved_at":"2026-09-06T12:43:12.245Z","confidence":"openstreetmap_mapped_unverified","field_verified":false,"layer":"osm_waterway","waterway_type":"drain","navigability":"unknown"}},{"type":"Feature","geometry":{"type":"LineString","coordinates":[[3.490783,6.4391684],[3.4907778,6.4393587]]},"properties":{"osm_id":"way/599933106","name":"Unnamed (OSM way/599933106)","named":false,"source":"OpenStreetMap contributors","source_tags":{"waterway":"drain"},"retrieved_at":"2026-09-06T12:43:12.245Z","confidence":"openstreetmap_mapped_unverified","field_verified":false,"layer":"osm_waterway","waterway_type":"drain","navigability":"unknown"}},{"type":"Feature","geometry":{"type":"LineString","coordinates":[[3.4907826,6.4390897],[3.490783,6.4391684]]},"properties":{"osm_id":"way/599933107","name":"Unnamed (OSM way/599933107)","named":false,"source":"OpenStreetMap contributors","source_tags":{"layer":"-1","tunnel":"culvert","waterway":"drain"},"retrieved_at":"2026-09-06T12:43:12.245Z","confidence":"openstreetmap_mapped_unverified","field_verified":false,"layer":"osm_waterway","waterway_type":"drain","navigability":"unknown"}},{"type":"Feature","geometry":{"type":"LineString","coordinates":[[3.4907884,6.4388898],[3.4907826,6.4390897]]},"properties":{"osm_id":"way/599933108","name":"Unnamed (OSM way/599933108)","named":false,"source":"OpenStreetMap contributors","source_tags":{"waterway":"drain"},"retrieved_at":"2026-09-06T12:43:12.245Z","confidence":"openstreetmap_mapped_unverified","field_verified":false,"layer":"osm_waterway","waterway_type":"drain","navigability":"unknown"}},{"type":"Feature","geometry":{"type":"LineString","coordinates":[[3.4907877,6.4387246],[3.4907884,6.4388898]]},"properties":{"osm_id":"way/599933109","name":"Unnamed (OSM way/599933109)","named":false,"source":"OpenStreetMap contributors","source_tags":{"layer":"-1","tunnel":"culvert","waterway":"drain"},"retrieved_at":"2026-09-06T12:43:12.245Z","confidence":"openstreetmap_mapped_unverified","field_verified":false,"layer":"osm_waterway","waterway_type":"drain","navigability":"unknown"}},{"type":"Feature","geometry":{"type":"LineString","coordinates":[[3.4907894,6.438618],[3.4907877,6.4387246]]},"properties":{"osm_id":"way/599933110","name":"Unnamed (OSM way/599933110)","named":false,"source":"OpenStreetMap contributors","source_tags":{"waterway":"drain"},"retrieved_at":"2026-09-06T12:43:12.245Z","confidence":"openstreetmap_mapped_unverified","field_verified":false,"layer":"osm_waterway","waterway_type":"drain","navigability":"unknown"}},{"type":"Feature","geometry":{"type":"LineString","coordinates":[[3.4907922,6.4384834],[3.4907894,6.438618]]},"properties":{"osm_id":"way/599933111","name":"Unnamed (OSM way/599933111)","named":false,"source":"OpenStreetMap contributors","source_tags":{"layer":"-1","tunnel":"culvert","waterway":"drain"},"retrieved_at":"2026-09-06T12:43:12.245Z","confidence":"openstreetmap_mapped_unverified","field_verified":false,"layer":"osm_waterway","waterway_type":"drain","navigability":"unknown"}},{"type":"Feature","geometry":{"type":"LineString","coordinates":[[3.4907909,6.4384034],[3.4907922,6.4384834]]},"properties":{"osm_id":"way/599933112","name":"Unnamed (OSM way/599933112)","named":false,"source":"OpenStreetMap contributors","source_tags":{"waterway":"drain"},"retrieved_at":"2026-09-06T12:43:12.245Z","confidence":"openstreetmap_mapped_unverified","field_verified":false,"layer":"osm_waterway","waterway_type":"drain","navigability":"unknown"}},{"type":"Feature","geometry":{"type":"LineString","coordinates":[[3.4907894,6.4383089],[3.4907909,6.4384034]]},"properties":{"osm_id":"way/599933113","name":"Unnamed (OSM way/599933113)","named":false,"source":"OpenStreetMap contributors","source_tags":{"layer":"-1","tunnel":"culvert","waterway":"drain"},"retrieved_at":"2026-09-06T12:43:12.245Z","confidence":"openstreetmap_mapped_unverified","field_verified":false,"layer":"osm_waterway","waterway_type":"drain","navigability":"unknown"}},{"type":"Feature","geometry":{"type":"LineString","coordinates":[[3.4907882,6.4377744],[3.4907894,6.4383089]]},"properties":{"osm_id":"way/599933114","name":"Unnamed (OSM way/599933114)","named":false,"source":"OpenStreetMap contributors","source_tags":{"waterway":"drain"},"retrieved_at":"2026-09-06T12:43:12.245Z","confidence":"openstreetmap_mapped_unverified","field_verified":false,"layer":"osm_waterway","waterway_type":"drain","navigability":"unknown"}},{"type":"Feature","geometry":{"type":"LineString","coordinates":[[3.490788,6.4377011],[3.4907882,6.4377744]]},"properties":{"osm_id":"way/599933115","name":"Unnamed (OSM way/599933115)","named":false,"source":"OpenStreetMap contributors","source_tags":{"layer":"-1","tunnel":"culvert","waterway":"drain"},"retrieved_at":"2026-09-06T12:43:12.245Z","confidence":"openstreetmap_mapped_unverified","field_verified":false,"layer":"osm_waterway","waterway_type":"drain","navigability":"unknown"}},{"type":"Feature","geometry":{"type":"LineString","coordinates":[[3.4428027,6.4474949],[3.4429773,6.4474549],[3.4430579,6.4474271],[3.4431591,6.4473907],[3.4432539,6.447355]]},"properties":{"osm_id":"way/599933150","name":"Unnamed (OSM way/599933150)","named":false,"source":"OpenStreetMap contributors","source_tags":{"waterway":"drain"},"retrieved_at":"2026-09-06T12:43:12.245Z","confidence":"openstreetmap_mapped_unverified","field_verified":false,"layer":"osm_waterway","waterway_type":"drain","navigability":"unknown"}},{"type":"Feature","geometry":{"type":"LineString","coordinates":[[3.4398732,6.4422854],[3.4397387,6.442072]]},"properties":{"osm_id":"way/599933152","name":"Unnamed (OSM way/599933152)","named":false,"source":"OpenStreetMap contributors","source_tags":{"waterway":"drain"},"retrieved_at":"2026-09-06T12:43:12.245Z","confidence":"openstreetmap_mapped_unverified","field_verified":false,"layer":"osm_waterway","waterway_type":"drain","navigability":"unknown"}},{"type":"Feature","geometry":{"type":"LineString","coordinates":[[3.4399471,6.4423941],[3.4398732,6.4422854]]},"properties":{"osm_id":"way/599933153","name":"Unnamed (OSM way/599933153)","named":false,"source":"OpenStreetMap contributors","source_tags":{"layer":"-1","tunnel":"culvert","waterway":"drain"},"retrieved_at":"2026-09-06T12:43:12.245Z","confidence":"openstreetmap_mapped_unverified","field_verified":false,"layer":"osm_waterway","waterway_type":"drain","navigability":"unknown"}},{"type":"Feature","geometry":{"type":"LineString","coordinates":[[3.4406342,6.4432069],[3.4406311,6.4430982],[3.4400504,6.4424063],[3.4399471,6.4423941]]},"properties":{"osm_id":"way/599933156","name":"Unnamed (OSM way/599933156)","named":false,"source":"OpenStreetMap contributors","source_tags":{"waterway":"drain"},"retrieved_at":"2026-09-06T12:43:12.245Z","confidence":"openstreetmap_mapped_unverified","field_verified":false,"layer":"osm_waterway","waterway_type":"drain","navigability":"unknown"}},{"type":"Feature","geometry":{"type":"LineString","coordinates":[[3.4406952,6.4432684],[3.4406342,6.4432069]]},"properties":{"osm_id":"way/599933158","name":"Unnamed (OSM way/599933158)","named":false,"source":"OpenStreetMap contributors","source_tags":{"layer":"-1","tunnel":"culvert","waterway":"drain"},"retrieved_at":"2026-09-06T12:43:12.245Z","confidence":"openstreetmap_mapped_unverified","field_verified":false,"layer":"osm_waterway","waterway_type":"drain","navigability":"unknown"}},{"type":"Feature","geometry":{"type":"LineString","coordinates":[[3.4413336,6.444032],[3.4413444,6.4439306],[3.4409052,6.443437]]},"properties":{"osm_id":"way/599933160","name":"Unnamed (OSM way/599933160)","named":false,"source":"OpenStreetMap contributors","source_tags":{"waterway":"drain"},"retrieved_at":"2026-09-06T12:43:12.245Z","confidence":"openstreetmap_mapped_unverified","field_verified":false,"layer":"osm_waterway","waterway_type":"drain","navigability":"unknown"}},{"type":"Feature","geometry":{"type":"LineString","coordinates":[[3.4413952,6.4441101],[3.4413336,6.444032]]},"properties":{"osm_id":"way/599933162","name":"Unnamed (OSM way/599933162)","named":false,"source":"OpenStreetMap contributors","source_tags":{"layer":"-1","tunnel":"culvert","waterway":"drain"},"retrieved_at":"2026-09-06T12:43:12.245Z","confidence":"openstreetmap_mapped_unverified","field_verified":false,"layer":"osm_waterway","waterway_type":"drain","navigability":"unknown"}},{"type":"Feature","geometry":{"type":"LineString","coordinates":[[3.4408258,6.4433418],[3.4407785,6.4432907],[3.4406952,6.4432684]]},"properties":{"osm_id":"way/599933168","name":"Unnamed (OSM way/599933168)","named":false,"source":"OpenStreetMap contributors","source_tags":{"waterway":"drain"},"retrieved_at":"2026-09-06T12:43:12.245Z","confidence":"openstreetmap_mapped_unverified","field_verified":false,"layer":"osm_waterway","waterway_type":"drain","navigability":"unknown"}},{"type":"Feature","geometry":{"type":"LineString","coordinates":[[3.4409052,6.443437],[3.4408258,6.4433418]]},"properties":{"osm_id":"way/599933170","name":"Unnamed (OSM way/599933170)","named":false,"source":"OpenStreetMap contributors","source_tags":{"layer":"-1","tunnel":"culvert","waterway":"drain"},"retrieved_at":"2026-09-06T12:43:12.245Z","confidence":"openstreetmap_mapped_unverified","field_verified":false,"layer":"osm_waterway","waterway_type":"drain","navigability":"unknown"}},{"type":"Feature","geometry":{"type":"LineString","coordinates":[[3.441637,6.444285],[3.4415139,6.4441269],[3.4413952,6.4441101]]},"properties":{"osm_id":"way/599933172","name":"Unnamed (OSM way/599933172)","named":false,"source":"OpenStreetMap contributors","source_tags":{"waterway":"drain"},"retrieved_at":"2026-09-06T12:43:12.245Z","confidence":"openstreetmap_mapped_unverified","field_verified":false,"layer":"osm_waterway","waterway_type":"drain","navigability":"unknown"}},{"type":"Feature","geometry":{"type":"LineString","coordinates":[[3.4416796,6.4443396],[3.441637,6.444285]]},"properties":{"osm_id":"way/599933174","name":"Unnamed (OSM way/599933174)","named":false,"source":"OpenStreetMap contributors","source_tags":{"layer":"-1","tunnel":"culvert","waterway":"drain"},"retrieved_at":"2026-09-06T12:43:12.245Z","confidence":"openstreetmap_mapped_unverified","field_verified":false,"layer":"osm_waterway","waterway_type":"drain","navigability":"unknown"}},{"type":"Feature","geometry":{"type":"LineString","coordinates":[[3.442053,6.4449306],[3.4420519,6.4448044],[3.4416796,6.4443396]]},"properties":{"osm_id":"way/599933176","name":"Unnamed (OSM way/599933176)","named":false,"source":"OpenStreetMap contributors","source_tags":{"waterway":"drain"},"retrieved_at":"2026-09-06T12:43:12.245Z","confidence":"openstreetmap_mapped_unverified","field_verified":false,"layer":"osm_waterway","waterway_type":"drain","navigability":"unknown"}},{"type":"Feature","geometry":{"type":"LineString","coordinates":[[3.4421208,6.4450255],[3.442053,6.4449306]]},"properties":{"osm_id":"way/599933178","name":"Unnamed (OSM way/599933178)","named":false,"source":"OpenStreetMap contributors","source_tags":{"layer":"-1","tunnel":"culvert","waterway":"drain"},"retrieved_at":"2026-09-06T12:43:12.245Z","confidence":"openstreetmap_mapped_unverified","field_verified":false,"layer":"osm_waterway","waterway_type":"drain","navigability":"unknown"}},{"type":"Feature","geometry":{"type":"LineString","coordinates":[[3.4423589,6.445257],[3.4422271,6.4450622],[3.4421208,6.4450255]]},"properties":{"osm_id":"way/599933180","name":"Unnamed (OSM way/599933180)","named":false,"source":"OpenStreetMap contributors","source_tags":{"waterway":"drain"},"retrieved_at":"2026-09-06T12:43:12.245Z","confidence":"openstreetmap_mapped_unverified","field_verified":false,"layer":"osm_waterway","waterway_type":"drain","navigability":"unknown"}},{"type":"Feature","geometry":{"type":"LineString","coordinates":[[3.4424446,6.4453837],[3.4423589,6.445257]]},"properties":{"osm_id":"way/599933182","name":"Unnamed (OSM way/599933182)","named":false,"source":"OpenStreetMap contributors","source_tags":{"layer":"-1","tunnel":"culvert","waterway":"drain"},"retrieved_at":"2026-09-06T12:43:12.245Z","confidence":"openstreetmap_mapped_unverified","field_verified":false,"layer":"osm_waterway","waterway_type":"drain","navigability":"unknown"}},{"type":"Feature","geometry":{"type":"LineString","coordinates":[[3.4425615,6.4455565],[3.4424446,6.4453837]]},"properties":{"osm_id":"way/599933184","name":"Unnamed (OSM way/599933184)","named":false,"source":"OpenStreetMap contributors","source_tags":{"waterway":"drain"},"retrieved_at":"2026-09-06T12:43:12.245Z","confidence":"openstreetmap_mapped_unverified","field_verified":false,"layer":"osm_waterway","waterway_type":"drain","navigability":"unknown"}},{"type":"Feature","geometry":{"type":"LineString","coordinates":[[3.4426625,6.4457058],[3.4425615,6.4455565]]},"properties":{"osm_id":"way/599933185","name":"Unnamed (OSM way/599933185)","named":false,"source":"OpenStreetMap contributors","source_tags":{"layer":"-1","tunnel":"culvert","waterway":"drain"},"retrieved_at":"2026-09-06T12:43:12.245Z","confidence":"openstreetmap_mapped_unverified","field_verified":false,"layer":"osm_waterway","waterway_type":"drain","navigability":"unknown"}},{"type":"Feature","geometry":{"type":"LineString","coordinates":[[3.4427062,6.445898],[3.4427262,6.4458001],[3.4426625,6.4457058]]},"properties":{"osm_id":"way/599933187","name":"Unnamed (OSM way/599933187)","named":false,"source":"OpenStreetMap contributors","source_tags":{"waterway":"drain"},"retrieved_at":"2026-09-06T12:43:12.245Z","confidence":"openstreetmap_mapped_unverified","field_verified":false,"layer":"osm_waterway","waterway_type":"drain","navigability":"unknown"}},{"type":"Feature","geometry":{"type":"LineString","coordinates":[[3.4427786,6.4460067],[3.4427062,6.445898]]},"properties":{"osm_id":"way/599933189","name":"Unnamed (OSM way/599933189)","named":false,"source":"OpenStreetMap contributors","source_tags":{"layer":"-1","tunnel":"culvert","waterway":"drain"},"retrieved_at":"2026-09-06T12:43:12.245Z","confidence":"openstreetmap_mapped_unverified","field_verified":false,"layer":"osm_waterway","waterway_type":"drain","navigability":"unknown"}},{"type":"Feature","geometry":{"type":"LineString","coordinates":[[3.4430378,6.4462529],[3.4428972,6.4460511],[3.4427786,6.4460067]]},"properties":{"osm_id":"way/599933191","name":"Unnamed (OSM way/599933191)","named":false,"source":"OpenStreetMap contributors","source_tags":{"waterway":"drain"},"retrieved_at":"2026-09-06T12:43:12.245Z","confidence":"openstreetmap_mapped_unverified","field_verified":false,"layer":"osm_waterway","waterway_type":"drain","navigability":"unknown"}},{"type":"Feature","geometry":{"type":"LineString","coordinates":[[3.4430985,6.4463399],[3.4430378,6.4462529]]},"properties":{"osm_id":"way/599933193","name":"Unnamed (OSM way/599933193)","named":false,"source":"OpenStreetMap contributors","source_tags":{"layer":"-1","tunnel":"culvert","waterway":"drain"},"retrieved_at":"2026-09-06T12:43:12.245Z","confidence":"openstreetmap_mapped_unverified","field_verified":false,"layer":"osm_waterway","waterway_type":"drain","navigability":"unknown"}},{"type":"Feature","geometry":{"type":"LineString","coordinates":[[3.443308,6.4466397],[3.4430985,6.4463399]]},"properties":{"osm_id":"way/599933194","name":"Unnamed (OSM way/599933194)","named":false,"source":"OpenStreetMap contributors","source_tags":{"waterway":"drain"},"retrieved_at":"2026-09-06T12:43:12.245Z","confidence":"openstreetmap_mapped_unverified","field_verified":false,"layer":"osm_waterway","waterway_type":"drain","navigability":"unknown"}},{"type":"Feature","geometry":{"type":"LineString","coordinates":[[3.4433398,6.4466871],[3.443308,6.4466397]]},"properties":{"osm_id":"way/599933195","name":"Unnamed (OSM way/599933195)","named":false,"source":"OpenStreetMap contributors","source_tags":{"layer":"-1","tunnel":"culvert","waterway":"drain"},"retrieved_at":"2026-09-06T12:43:12.245Z","confidence":"openstreetmap_mapped_unverified","field_verified":false,"layer":"osm_waterway","waterway_type":"drain","navigability":"unknown"}},{"type":"Feature","geometry":{"type":"LineString","coordinates":[[3.4433874,6.4467536],[3.4433398,6.4466871]]},"properties":{"osm_id":"way/599933196","name":"Unnamed (OSM way/599933196)","named":false,"source":"OpenStreetMap contributors","source_tags":{"waterway":"drain"},"retrieved_at":"2026-09-06T12:43:12.245Z","confidence":"openstreetmap_mapped_unverified","field_verified":false,"layer":"osm_waterway","waterway_type":"drain","navigability":"unknown"}},{"type":"Feature","geometry":{"type":"LineString","coordinates":[[3.4434831,6.4468228],[3.4433874,6.4467536]]},"properties":{"osm_id":"way/599933197","name":"Unnamed (OSM way/599933197)","named":false,"source":"OpenStreetMap contributors","source_tags":{"layer":"-1","tunnel":"culvert","waterway":"drain"},"retrieved_at":"2026-09-06T12:43:12.245Z","confidence":"openstreetmap_mapped_unverified","field_verified":false,"layer":"osm_waterway","waterway_type":"drain","navigability":"unknown"}},{"type":"Feature","geometry":{"type":"LineString","coordinates":[[3.4435151,6.4472509],[3.4435948,6.4472186]]},"properties":{"osm_id":"way/599933208","name":"Unnamed (OSM way/599933208)","named":false,"source":"OpenStreetMap contributors","source_tags":{"layer":"-1","tunnel":"culvert","waterway":"drain"},"retrieved_at":"2026-09-06T12:43:12.245Z","confidence":"openstreetmap_mapped_unverified","field_verified":false,"layer":"osm_waterway","waterway_type":"drain","navigability":"unknown"}},{"type":"Feature","geometry":{"type":"LineString","coordinates":[[3.4435948,6.4472186],[3.443646,6.4471926],[3.4436888,6.4471666],[3.4436972,6.4471232],[3.4434831,6.4468228]]},"properties":{"osm_id":"way/599933209","name":"Unnamed (OSM way/599933209)","named":false,"source":"OpenStreetMap contributors","source_tags":{"waterway":"drain"},"retrieved_at":"2026-09-06T12:43:12.245Z","confidence":"openstreetmap_mapped_unverified","field_verified":false,"layer":"osm_waterway","waterway_type":"drain","navigability":"unknown"}},{"type":"Feature","geometry":{"type":"LineString","coordinates":[[3.4433396,6.4473228],[3.4435151,6.4472509]]},"properties":{"osm_id":"way/599933210","name":"Unnamed (OSM way/599933210)","named":false,"source":"OpenStreetMap contributors","source_tags":{"waterway":"drain"},"retrieved_at":"2026-09-06T12:43:12.245Z","confidence":"openstreetmap_mapped_unverified","field_verified":false,"layer":"osm_waterway","waterway_type":"drain","navigability":"unknown"}},{"type":"Feature","geometry":{"type":"LineString","coordinates":[[3.4432539,6.447355],[3.4433396,6.4473228]]},"properties":{"osm_id":"way/599933211","name":"Unnamed (OSM way/599933211)","named":false,"source":"OpenStreetMap contributors","source_tags":{"layer":"-1","tunnel":"culvert","waterway":"drain"},"retrieved_at":"2026-09-06T12:43:12.245Z","confidence":"openstreetmap_mapped_unverified","field_verified":false,"layer":"osm_waterway","waterway_type":"drain","navigability":"unknown"}},{"type":"Feature","geometry":{"type":"LineString","coordinates":[[3.4568791,6.4367173],[3.4560472,6.4366674]]},"properties":{"osm_id":"way/603511895","name":"Unnamed (OSM way/603511895)","named":false,"source":"OpenStreetMap contributors","source_tags":{"waterway":"drain"},"retrieved_at":"2026-09-06T12:43:12.245Z","confidence":"openstreetmap_mapped_unverified","field_verified":false,"layer":"osm_waterway","waterway_type":"drain","navigability":"unknown"}},{"type":"Feature","geometry":{"type":"LineString","coordinates":[[3.4560472,6.4366674],[3.4557127,6.4366647],[3.4555321,6.4366631],[3.4552791,6.4366018],[3.4552525,6.4366089],[3.4550552,6.4366617],[3.4549183,6.4367647],[3.4548276,6.4368422]]},"properties":{"osm_id":"way/603511896","name":"Unnamed (OSM way/603511896)","named":false,"source":"OpenStreetMap contributors","source_tags":{"layer":"-1","tunnel":"yes","waterway":"drain"},"retrieved_at":"2026-09-06T12:43:12.245Z","confidence":"openstreetmap_mapped_unverified","field_verified":false,"layer":"osm_waterway","waterway_type":"drain","navigability":"unknown"}},{"type":"Feature","geometry":{"type":"LineString","coordinates":[[3.4473146,6.4570908],[3.4478654,6.4567838],[3.4480016,6.4568262],[3.4482872,6.4573417]]},"properties":{"osm_id":"way/604051537","name":"Unnamed (OSM way/604051537)","named":false,"source":"OpenStreetMap contributors","source_tags":{"waterway":"drain"},"retrieved_at":"2026-09-06T12:43:12.245Z","confidence":"openstreetmap_mapped_unverified","field_verified":false,"layer":"osm_waterway","waterway_type":"drain","navigability":"unknown"}},{"type":"Feature","geometry":{"type":"LineString","coordinates":[[3.4480102,6.4563634],[3.4481068,6.4565833]]},"properties":{"osm_id":"way/604051539","name":"Unnamed (OSM way/604051539)","named":false,"source":"OpenStreetMap contributors","source_tags":{"layer":"-1","tunnel":"culvert","waterway":"drain"},"retrieved_at":"2026-09-06T12:43:12.245Z","confidence":"openstreetmap_mapped_unverified","field_verified":false,"layer":"osm_waterway","waterway_type":"drain","navigability":"unknown"}},{"type":"Feature","geometry":{"type":"LineString","coordinates":[[3.4481068,6.4565833],[3.4481806,6.4567352]]},"properties":{"osm_id":"way/604051541","name":"Unnamed (OSM way/604051541)","named":false,"source":"OpenStreetMap contributors","source_tags":{"waterway":"drain"},"retrieved_at":"2026-09-06T12:43:12.245Z","confidence":"openstreetmap_mapped_unverified","field_verified":false,"layer":"osm_waterway","waterway_type":"drain","navigability":"unknown"}},{"type":"Feature","geometry":{"type":"LineString","coordinates":[[3.4481806,6.4567352],[3.4483884,6.4571243]]},"properties":{"osm_id":"way/604051542","name":"Unnamed (OSM way/604051542)","named":false,"source":"OpenStreetMap contributors","source_tags":{"layer":"-1","tunnel":"culvert","waterway":"drain"},"retrieved_at":"2026-09-06T12:43:12.245Z","confidence":"openstreetmap_mapped_unverified","field_verified":false,"layer":"osm_waterway","waterway_type":"drain","navigability":"unknown"}},{"type":"Feature","geometry":{"type":"LineString","coordinates":[[3.4483884,6.4571243],[3.4486276,6.4575655]]},"properties":{"osm_id":"way/604051544","name":"Unnamed (OSM way/604051544)","named":false,"source":"OpenStreetMap contributors","source_tags":{"waterway":"drain"},"retrieved_at":"2026-09-06T12:43:12.245Z","confidence":"openstreetmap_mapped_unverified","field_verified":false,"layer":"osm_waterway","waterway_type":"drain","navigability":"unknown"}},{"type":"Feature","geometry":{"type":"LineString","coordinates":[[3.4486616,6.4584367],[3.448723,6.458401]]},"properties":{"osm_id":"way/604051546","name":"Unnamed (OSM way/604051546)","named":false,"source":"OpenStreetMap contributors","source_tags":{"waterway":"drain"},"retrieved_at":"2026-09-06T12:43:12.245Z","confidence":"openstreetmap_mapped_unverified","field_verified":false,"layer":"osm_waterway","waterway_type":"drain","navigability":"unknown"}},{"type":"Feature","geometry":{"type":"LineString","coordinates":[[3.448723,6.458401],[3.448784,6.4583661]]},"properties":{"osm_id":"way/604051548","name":"Unnamed (OSM way/604051548)","named":false,"source":"OpenStreetMap contributors","source_tags":{"layer":"-1","tunnel":"culvert","waterway":"drain"},"retrieved_at":"2026-09-06T12:43:12.245Z","confidence":"openstreetmap_mapped_unverified","field_verified":false,"layer":"osm_waterway","waterway_type":"drain","navigability":"unknown"}},{"type":"Feature","geometry":{"type":"LineString","coordinates":[[3.448784,6.4583661],[3.4488298,6.4583391],[3.4487342,6.4581598]]},"properties":{"osm_id":"way/604051550","name":"Unnamed (OSM way/604051550)","named":false,"source":"OpenStreetMap contributors","source_tags":{"waterway":"drain"},"retrieved_at":"2026-09-06T12:43:12.245Z","confidence":"openstreetmap_mapped_unverified","field_verified":false,"layer":"osm_waterway","waterway_type":"drain","navigability":"unknown"}},{"type":"Feature","geometry":{"type":"LineString","coordinates":[[3.4487342,6.4581598],[3.4484575,6.4576491]]},"properties":{"osm_id":"way/604051551","name":"Unnamed (OSM way/604051551)","named":false,"source":"OpenStreetMap contributors","source_tags":{"layer":"-1","tunnel":"culvert","waterway":"drain"},"retrieved_at":"2026-09-06T12:43:12.245Z","confidence":"openstreetmap_mapped_unverified","field_verified":false,"layer":"osm_waterway","waterway_type":"drain","navigability":"unknown"}},{"type":"Feature","geometry":{"type":"LineString","coordinates":[[3.4482872,6.4573417],[3.4484575,6.4576491]]},"properties":{"osm_id":"way/604051554","name":"Unnamed (OSM way/604051554)","named":false,"source":"OpenStreetMap contributors","source_tags":{"layer":"-1","tunnel":"culvert","waterway":"drain"},"retrieved_at":"2026-09-06T12:43:12.245Z","confidence":"openstreetmap_mapped_unverified","field_verified":false,"layer":"osm_waterway","waterway_type":"drain","navigability":"unknown"}},{"type":"Feature","geometry":{"type":"LineString","coordinates":[[3.5372692,6.428857],[3.5336759,6.4289602],[3.5332766,6.4289745],[3.5329545,6.429021],[3.5327005,6.4291013],[3.5324911,6.4292035],[3.5322938,6.4293259],[3.5321148,6.429483],[3.5319649,6.4296573],[3.5318554,6.4298282],[3.5314081,6.4306074],[3.5307515,6.4313618]]},"properties":{"osm_id":"way/604051574","name":"Unnamed (OSM way/604051574)","named":false,"source":"OpenStreetMap contributors","source_tags":{"waterway":"canal"},"retrieved_at":"2026-09-06T12:43:12.245Z","confidence":"openstreetmap_mapped_unverified","field_verified":false,"layer":"osm_waterway","waterway_type":"canal","navigability":"unknown"}},{"type":"Feature","geometry":{"type":"LineString","coordinates":[[3.3966864,6.458555],[3.397292,6.4584562],[3.3977667,6.4583869],[3.398589,6.458426]]},"properties":{"osm_id":"way/604051579","name":"Unnamed (OSM way/604051579)","named":false,"source":"OpenStreetMap contributors","source_tags":{"waterway":"ditch"},"retrieved_at":"2026-09-06T12:43:12.245Z","confidence":"openstreetmap_mapped_unverified","field_verified":false,"layer":"osm_waterway","waterway_type":"ditch","navigability":"unknown"}},{"type":"Feature","geometry":{"type":"LineString","coordinates":[[3.3974181,6.4577739],[3.3977667,6.4583869]]},"properties":{"osm_id":"way/604051581","name":"Unnamed (OSM way/604051581)","named":false,"source":"OpenStreetMap contributors","source_tags":{"waterway":"ditch"},"retrieved_at":"2026-09-06T12:43:12.245Z","confidence":"openstreetmap_mapped_unverified","field_verified":false,"layer":"osm_waterway","waterway_type":"ditch","navigability":"unknown"}},{"type":"Feature","geometry":{"type":"LineString","coordinates":[[3.3987082,6.4568491],[3.3987055,6.4571289],[3.398676,6.4575474]]},"properties":{"osm_id":"way/604051583","name":"Unnamed (OSM way/604051583)","named":false,"source":"OpenStreetMap contributors","source_tags":{"waterway":"ditch"},"retrieved_at":"2026-09-06T12:43:12.245Z","confidence":"openstreetmap_mapped_unverified","field_verified":false,"layer":"osm_waterway","waterway_type":"ditch","navigability":"unknown"}},{"type":"Feature","geometry":{"type":"LineString","coordinates":[[3.398676,6.4575474],[3.3986465,6.4576886]]},"properties":{"osm_id":"way/604051584","name":"Unnamed (OSM way/604051584)","named":false,"source":"OpenStreetMap contributors","source_tags":{"layer":"-1","tunnel":"culvert","waterway":"drain"},"retrieved_at":"2026-09-06T12:43:12.245Z","confidence":"openstreetmap_mapped_unverified","field_verified":false,"layer":"osm_waterway","waterway_type":"drain","navigability":"unknown"}},{"type":"Feature","geometry":{"type":"LineString","coordinates":[[3.3986465,6.4576886],[3.398589,6.458426]]},"properties":{"osm_id":"way/604051586","name":"Unnamed (OSM way/604051586)","named":false,"source":"OpenStreetMap contributors","source_tags":{"waterway":"ditch"},"retrieved_at":"2026-09-06T12:43:12.245Z","confidence":"openstreetmap_mapped_unverified","field_verified":false,"layer":"osm_waterway","waterway_type":"ditch","navigability":"unknown"}},{"type":"Feature","geometry":{"type":"LineString","coordinates":[[3.4191344,6.4645838],[3.4188748,6.4646538],[3.4188534,6.464899],[3.4187445,6.4650794]]},"properties":{"osm_id":"way/604051588","name":"Unnamed (OSM way/604051588)","named":false,"source":"OpenStreetMap contributors","source_tags":{"waterway":"ditch"},"retrieved_at":"2026-09-06T12:43:12.245Z","confidence":"openstreetmap_mapped_unverified","field_verified":false,"layer":"osm_waterway","waterway_type":"ditch","navigability":"unknown"}},{"type":"Feature","geometry":{"type":"LineString","coordinates":[[3.4192297,6.4644608],[3.4191344,6.4645838]]},"properties":{"osm_id":"way/604051590","name":"Unnamed (OSM way/604051590)","named":false,"source":"OpenStreetMap contributors","source_tags":{"layer":"-1","tunnel":"culvert","waterway":"drain"},"retrieved_at":"2026-09-06T12:43:12.245Z","confidence":"openstreetmap_mapped_unverified","field_verified":false,"layer":"osm_waterway","waterway_type":"drain","navigability":"unknown"}},{"type":"Feature","geometry":{"type":"LineString","coordinates":[[3.36081,6.6292919],[3.3612044,6.629093]]},"properties":{"osm_id":"way/604386556","name":"Unnamed (OSM way/604386556)","named":false,"source":"OpenStreetMap contributors","source_tags":{"waterway":"drain"},"retrieved_at":"2026-09-06T12:43:12.245Z","confidence":"openstreetmap_mapped_unverified","field_verified":false,"layer":"osm_waterway","waterway_type":"drain","navigability":"unknown"}},{"type":"Feature","geometry":{"type":"LineString","coordinates":[[3.3612044,6.629093],[3.3613184,6.6290134]]},"properties":{"osm_id":"way/604386557","name":"Unnamed (OSM way/604386557)","named":false,"source":"OpenStreetMap contributors","source_tags":{"layer":"-1","tunnel":"culvert","waterway":"drain"},"retrieved_at":"2026-09-06T12:43:12.245Z","confidence":"openstreetmap_mapped_unverified","field_verified":false,"layer":"osm_waterway","waterway_type":"drain","navigability":"unknown"}},{"type":"Feature","geometry":{"type":"LineString","coordinates":[[3.3613184,6.6290134],[3.3616603,6.6289063],[3.3620424,6.6287686],[3.362181,6.6287502],[3.3624121,6.6288175]]},"properties":{"osm_id":"way/604386558","name":"Unnamed (OSM way/604386558)","named":false,"source":"OpenStreetMap contributors","source_tags":{"waterway":"drain"},"retrieved_at":"2026-09-06T12:43:12.245Z","confidence":"openstreetmap_mapped_unverified","field_verified":false,"layer":"osm_waterway","waterway_type":"drain","navigability":"unknown"}},{"type":"Feature","geometry":{"type":"LineString","coordinates":[[3.3624121,6.6288175],[3.3626751,6.6289041],[3.3629366,6.6288717],[3.3633708,6.629011],[3.3637021,6.6291446],[3.3641535,6.6293443],[3.3642409,6.6293509],[3.3647284,6.6291423],[3.3648484,6.6290681],[3.3651263,6.6289318],[3.3657797,6.6286506],[3.3661799,6.6285854],[3.3665279,6.6284495],[3.3671863,6.6282732],[3.3678261,6.6279207],[3.3697689,6.6272063],[3.3702919,6.6269744],[3.3705581,6.626761],[3.3710251,6.626594],[3.3711652,6.6265708],[3.3715061,6.6263481],[3.3718797,6.6262415],[3.3721459,6.6260513],[3.3727063,6.6255271],[3.3730799,6.6253369],[3.3738084,6.6251467],[3.3748078,6.624924],[3.3753775,6.6248776],[3.3759379,6.6249148],[3.3768999,6.6251606],[3.3773623,6.6253647],[3.3787072,6.6254204],[3.379319,6.6255039],[3.3798701,6.6254946],[3.380295,6.6253972],[3.3804118,6.625425],[3.3805005,6.6254111],[3.3809348,6.6254389],[3.3818641,6.6251699],[3.382065,6.6251792],[3.3825086,6.6250771],[3.3828215,6.6251096],[3.3832231,6.6250122],[3.3836154,6.6247988],[3.3841338,6.6246132],[3.384867,6.6242329],[3.3853013,6.6242421],[3.3855348,6.6239963],[3.3863333,6.6235509],[3.3878044,6.6232587],[3.3883554,6.6231845],[3.3887384,6.6232494],[3.3890373,6.6231706],[3.3894482,6.6229154],[3.3897891,6.6227948],[3.3899713,6.6226278],[3.39006,6.6224376],[3.3902001,6.6222335],[3.3903682,6.6220619],[3.3903822,6.6218299],[3.3903729,6.6214913],[3.3902841,6.6212037],[3.3897751,6.6195523],[3.38921,6.6186477],[3.3890046,6.6183554],[3.3887104,6.6180678],[3.3885749,6.6177153],[3.3884955,6.6172653],[3.3884722,6.6167411],[3.3885936,6.6161705],[3.388603,6.6157252],[3.3885492,6.6154406],[3.3884142,6.6152221],[3.3881107,6.6146703],[3.3878604,6.6141572],[3.387753,6.6138093],[3.3876876,6.613299],[3.387697,6.6126774],[3.3879499,6.6126412],[3.3895836,6.6126542],[3.3905363,6.6129882],[3.391545,6.6135542],[3.3923903,6.6138186],[3.3924498,6.6137794],[3.3928667,6.6136145],[3.3933897,6.6135263],[3.3937726,6.6135588],[3.3944871,6.6138232],[3.3948794,6.6138975],[3.3958741,6.6138047],[3.3962617,6.6136284],[3.3968408,6.6134057],[3.3972086,6.6133398]]},"properties":{"osm_id":"way/604386559","name":"Unnamed (OSM way/604386559)","named":false,"source":"OpenStreetMap contributors","source_tags":{"waterway":"stream"},"retrieved_at":"2026-09-06T12:43:12.245Z","confidence":"openstreetmap_mapped_unverified","field_verified":false,"layer":"osm_waterway","waterway_type":"stream","navigability":"unknown"}},{"type":"Feature","geometry":{"type":"LineString","coordinates":[[3.348523,6.6223365],[3.3487181,6.6217065],[3.3487669,6.6210442],[3.3490515,6.6200669],[3.3496369,6.6195661],[3.3500191,6.6191058],[3.3501654,6.618605],[3.3506207,6.61808],[3.3509622,6.6175712],[3.3511167,6.6170462],[3.3510679,6.6168766],[3.3513769,6.6164162],[3.3512956,6.6158831],[3.3514501,6.6156247],[3.3513281,6.6154551],[3.3515395,6.615027],[3.3514664,6.6145343],[3.3515721,6.6138559],[3.3515477,6.6132259],[3.3514013,6.6129028],[3.3514826,6.6125474],[3.3512062,6.6122647],[3.3510436,6.6114409],[3.3508159,6.6112147],[3.3508322,6.610722],[3.3506045,6.6104555],[3.3506614,6.6098578],[3.3507427,6.6095509],[3.3507021,6.6092359],[3.3508728,6.6090178],[3.350946,6.6087513],[3.3508891,6.6085413]]},"properties":{"osm_id":"way/604386563","name":"Unnamed (OSM way/604386563)","named":false,"source":"OpenStreetMap contributors","source_tags":{"waterway":"stream"},"retrieved_at":"2026-09-06T12:43:12.245Z","confidence":"openstreetmap_mapped_unverified","field_verified":false,"layer":"osm_waterway","waterway_type":"stream","navigability":"unknown"}},{"type":"Feature","geometry":{"type":"LineString","coordinates":[[3.3452177,6.6107433],[3.3455796,6.6106706],[3.3460308,6.6104041],[3.346287,6.6104],[3.3465512,6.6101658],[3.347718,6.6094712],[3.3478562,6.6092854],[3.348153,6.6091077],[3.3486571,6.6086958],[3.3490271,6.6085544],[3.3494824,6.6085423],[3.3497467,6.6086998],[3.3508728,6.6090178]]},"properties":{"osm_id":"way/604386564","name":"Unnamed (OSM way/604386564)","named":false,"source":"OpenStreetMap contributors","source_tags":{"waterway":"stream"},"retrieved_at":"2026-09-06T12:43:12.245Z","confidence":"openstreetmap_mapped_unverified","field_verified":false,"layer":"osm_waterway","waterway_type":"stream","navigability":"unknown"}},{"type":"Feature","geometry":{"type":"LineString","coordinates":[[3.3511013,6.6082332],[3.3511777,6.6081223],[3.3514623,6.6081466]]},"properties":{"osm_id":"way/604386566","name":"Unnamed (OSM way/604386566)","named":false,"source":"OpenStreetMap contributors","source_tags":{"waterway":"drain"},"retrieved_at":"2026-09-06T12:43:12.245Z","confidence":"openstreetmap_mapped_unverified","field_verified":false,"layer":"osm_waterway","waterway_type":"drain","navigability":"unknown"}},{"type":"Feature","geometry":{"type":"LineString","coordinates":[[3.3514623,6.6081466],[3.35173,6.6082629]]},"properties":{"osm_id":"way/604386567","name":"Unnamed (OSM way/604386567)","named":false,"source":"OpenStreetMap contributors","source_tags":{"waterway":"drain"},"retrieved_at":"2026-09-06T12:43:12.245Z","confidence":"openstreetmap_mapped_unverified","field_verified":false,"layer":"osm_waterway","waterway_type":"drain","navigability":"unknown"}},{"type":"Feature","geometry":{"type":"LineString","coordinates":[[3.3528941,6.6093792],[3.3525906,6.609189],[3.3519648,6.6086138],[3.351771,6.6083795],[3.35173,6.6082629]]},"properties":{"osm_id":"way/604386568","name":"Unnamed (OSM way/604386568)","named":false,"source":"OpenStreetMap contributors","source_tags":{"waterway":"drain"},"retrieved_at":"2026-09-06T12:43:12.245Z","confidence":"openstreetmap_mapped_unverified","field_verified":false,"layer":"osm_waterway","waterway_type":"drain","navigability":"unknown"}},{"type":"Feature","geometry":{"type":"LineString","coordinates":[[3.4390027,6.4466975],[3.4393256,6.445755]]},"properties":{"osm_id":"way/604715822","name":"Unnamed (OSM way/604715822)","named":false,"source":"OpenStreetMap contributors","source_tags":{"waterway":"drain"},"retrieved_at":"2026-09-06T12:43:12.245Z","confidence":"openstreetmap_mapped_unverified","field_verified":false,"layer":"osm_waterway","waterway_type":"drain","navigability":"unknown"}},{"type":"Feature","geometry":{"type":"LineString","coordinates":[[3.4407596,6.4462458],[3.4407056,6.4461579],[3.4406472,6.4461667],[3.4405826,6.4461667],[3.4405065,6.4461632],[3.4404393,6.4461535],[3.4403694,6.4461403],[3.4402969,6.4461192],[3.4401907,6.4460805]]},"properties":{"osm_id":"way/604715823","name":"Unnamed (OSM way/604715823)","named":false,"source":"OpenStreetMap contributors","source_tags":{"waterway":"drain"},"retrieved_at":"2026-09-06T12:43:12.245Z","confidence":"openstreetmap_mapped_unverified","field_verified":false,"layer":"osm_waterway","waterway_type":"drain","navigability":"unknown"}},{"type":"Feature","geometry":{"type":"LineString","coordinates":[[3.4401907,6.4460805],[3.4400845,6.4460339]]},"properties":{"osm_id":"way/604715824","name":"Unnamed (OSM way/604715824)","named":false,"source":"OpenStreetMap contributors","source_tags":{"layer":"-1","tunnel":"culvert","waterway":"drain"},"retrieved_at":"2026-09-06T12:43:12.245Z","confidence":"openstreetmap_mapped_unverified","field_verified":false,"layer":"osm_waterway","waterway_type":"drain","navigability":"unknown"}},{"type":"Feature","geometry":{"type":"LineString","coordinates":[[3.4400845,6.4460339],[3.4399757,6.4459812],[3.4395793,6.4458423]]},"properties":{"osm_id":"way/604715825","name":"Unnamed (OSM way/604715825)","named":false,"source":"OpenStreetMap contributors","source_tags":{"waterway":"drain"},"retrieved_at":"2026-09-06T12:43:12.245Z","confidence":"openstreetmap_mapped_unverified","field_verified":false,"layer":"osm_waterway","waterway_type":"drain","navigability":"unknown"}},{"type":"Feature","geometry":{"type":"LineString","coordinates":[[3.4395793,6.4458423],[3.439489,6.4458097]]},"properties":{"osm_id":"way/604715826","name":"Unnamed (OSM way/604715826)","named":false,"source":"OpenStreetMap contributors","source_tags":{"layer":"-1","tunnel":"culvert","waterway":"drain"},"retrieved_at":"2026-09-06T12:43:12.245Z","confidence":"openstreetmap_mapped_unverified","field_verified":false,"layer":"osm_waterway","waterway_type":"drain","navigability":"unknown"}},{"type":"Feature","geometry":{"type":"LineString","coordinates":[[3.439489,6.4458097],[3.4393256,6.445755],[3.439121,6.4456814]]},"properties":{"osm_id":"way/604715827","name":"Unnamed (OSM way/604715827)","named":false,"source":"OpenStreetMap contributors","source_tags":{"waterway":"drain"},"retrieved_at":"2026-09-06T12:43:12.245Z","confidence":"openstreetmap_mapped_unverified","field_verified":false,"layer":"osm_waterway","waterway_type":"drain","navigability":"unknown"}},{"type":"Feature","geometry":{"type":"LineString","coordinates":[[3.439121,6.4456814],[3.4390351,6.445648]]},"properties":{"osm_id":"way/604715828","name":"Unnamed (OSM way/604715828)","named":false,"source":"OpenStreetMap contributors","source_tags":{"layer":"-1","tunnel":"culvert","waterway":"drain"},"retrieved_at":"2026-09-06T12:43:12.245Z","confidence":"openstreetmap_mapped_unverified","field_verified":false,"layer":"osm_waterway","waterway_type":"drain","navigability":"unknown"}},{"type":"Feature","geometry":{"type":"LineString","coordinates":[[3.4390351,6.445648],[3.4387221,6.4455213]]},"properties":{"osm_id":"way/604715829","name":"Unnamed (OSM way/604715829)","named":false,"source":"OpenStreetMap contributors","source_tags":{"waterway":"drain"},"retrieved_at":"2026-09-06T12:43:12.245Z","confidence":"openstreetmap_mapped_unverified","field_verified":false,"layer":"osm_waterway","waterway_type":"drain","navigability":"unknown"}},{"type":"Feature","geometry":{"type":"LineString","coordinates":[[3.4389385,6.4469226],[3.4390027,6.4466975]]},"properties":{"osm_id":"way/604715830","name":"Unnamed (OSM way/604715830)","named":false,"source":"OpenStreetMap contributors","source_tags":{"layer":"-1","tunnel":"culvert","waterway":"drain"},"retrieved_at":"2026-09-06T12:43:12.245Z","confidence":"openstreetmap_mapped_unverified","field_verified":false,"layer":"osm_waterway","waterway_type":"drain","navigability":"unknown"}},{"type":"Feature","geometry":{"type":"LineString","coordinates":[[3.3182398,6.5464684],[3.3192065,6.5434023],[3.3192923,6.5427415],[3.319287,6.5421744],[3.3191207,6.5411213],[3.3189828,6.5403084],[3.3186798,6.539501],[3.3185142,6.5385302],[3.3180655,6.5369882],[3.3176954,6.535733],[3.3174781,6.5351601],[3.3174245,6.5349389],[3.3173279,6.5347551],[3.3170973,6.5342248],[3.3169631,6.5335479],[3.3169899,6.5330929],[3.316788,6.5328799],[3.3166021,6.5321681],[3.3164511,6.5313448],[3.3163192,6.5306891],[3.3162977,6.530314],[3.3161269,6.5296312],[3.3160277,6.5293524],[3.3159414,6.5291117],[3.3158221,6.5288538],[3.3156817,6.5281244],[3.3155158,6.5277085],[3.3153416,6.5273781],[3.3151333,6.5270732],[3.3147807,6.5265558],[3.3135041,6.5250132],[3.3128969,6.5246688],[3.3111974,6.5230732],[3.3087781,6.5209967],[3.3067834,6.5193739]]},"properties":{"osm_id":"way/610011093","name":"Unnamed (OSM way/610011093)","named":false,"source":"OpenStreetMap contributors","source_tags":{"waterway":"ditch"},"retrieved_at":"2026-09-06T12:43:12.245Z","confidence":"openstreetmap_mapped_unverified","field_verified":false,"layer":"osm_waterway","waterway_type":"ditch","navigability":"unknown"}},{"type":"Feature","geometry":{"type":"LineString","coordinates":[[3.3474213,6.5414801],[3.3462131,6.5420549],[3.3454218,6.5424812],[3.3448961,6.5427984],[3.3440458,6.5433953],[3.3435121,6.543779],[3.3429542,6.5442187]]},"properties":{"osm_id":"way/610011102","name":"Unnamed (OSM way/610011102)","named":false,"source":"OpenStreetMap contributors","source_tags":{"waterway":"drain"},"retrieved_at":"2026-09-06T12:43:12.245Z","confidence":"openstreetmap_mapped_unverified","field_verified":false,"layer":"osm_waterway","waterway_type":"drain","navigability":"unknown"}},{"type":"Feature","geometry":{"type":"LineString","coordinates":[[3.3429542,6.5442187],[3.3428441,6.5443173]]},"properties":{"osm_id":"way/610011104","name":"Unnamed (OSM way/610011104)","named":false,"source":"OpenStreetMap contributors","source_tags":{"layer":"-1","tunnel":"culvert","waterway":"drain"},"retrieved_at":"2026-09-06T12:43:12.245Z","confidence":"openstreetmap_mapped_unverified","field_verified":false,"layer":"osm_waterway","waterway_type":"drain","navigability":"unknown"}},{"type":"Feature","geometry":{"type":"LineString","coordinates":[[3.3428441,6.5443173],[3.342627,6.5445438],[3.3425679,6.544605],[3.342466,6.5446503],[3.3422622,6.5445864]]},"properties":{"osm_id":"way/610011107","name":"Unnamed (OSM way/610011107)","named":false,"source":"OpenStreetMap contributors","source_tags":{"waterway":"drain"},"retrieved_at":"2026-09-06T12:43:12.245Z","confidence":"openstreetmap_mapped_unverified","field_verified":false,"layer":"osm_waterway","waterway_type":"drain","navigability":"unknown"}},{"type":"Feature","geometry":{"type":"LineString","coordinates":[[3.3422622,6.5445864],[3.3417467,6.5444369]]},"properties":{"osm_id":"way/610011109","name":"Unnamed (OSM way/610011109)","named":false,"source":"OpenStreetMap contributors","source_tags":{"layer":"-1","tunnel":"culvert","waterway":"drain"},"retrieved_at":"2026-09-06T12:43:12.245Z","confidence":"openstreetmap_mapped_unverified","field_verified":false,"layer":"osm_waterway","waterway_type":"drain","navigability":"unknown"}},{"type":"Feature","geometry":{"type":"LineString","coordinates":[[3.3265014,6.5727028],[3.3265075,6.5721898],[3.3264729,6.5717092],[3.3264506,6.5715618],[3.3264404,6.5710933],[3.326412,6.5708288],[3.3263754,6.570639],[3.3263652,6.5705117],[3.3263896,6.5703764]]},"properties":{"osm_id":"way/610011113","name":"Unnamed (OSM way/610011113)","named":false,"source":"OpenStreetMap contributors","source_tags":{"waterway":"ditch"},"retrieved_at":"2026-09-06T12:43:12.245Z","confidence":"openstreetmap_mapped_unverified","field_verified":false,"layer":"osm_waterway","waterway_type":"ditch","navigability":"unknown"}},{"type":"Feature","geometry":{"type":"LineString","coordinates":[[3.3316998,6.5944466],[3.3319914,6.5936229]]},"properties":{"osm_id":"way/610011114","name":"Unnamed (OSM way/610011114)","named":false,"source":"OpenStreetMap contributors","source_tags":{"waterway":"ditch"},"retrieved_at":"2026-09-06T12:43:12.245Z","confidence":"openstreetmap_mapped_unverified","field_verified":false,"layer":"osm_waterway","waterway_type":"ditch","navigability":"unknown"}},{"type":"Feature","geometry":{"type":"LineString","coordinates":[[3.3319914,6.5936229],[3.3321208,6.5932342],[3.330417,6.5928822],[3.330226,6.592873]]},"properties":{"osm_id":"way/610011116","name":"Unnamed (OSM way/610011116)","named":false,"source":"OpenStreetMap contributors","source_tags":{"layer":"-1","tunnel":"culvert","waterway":"drain"},"retrieved_at":"2026-09-06T12:43:12.245Z","confidence":"openstreetmap_mapped_unverified","field_verified":false,"layer":"osm_waterway","waterway_type":"drain","navigability":"unknown"}},{"type":"Feature","geometry":{"type":"LineString","coordinates":[[3.330226,6.592873],[3.3299966,6.5928671]]},"properties":{"osm_id":"way/610011119","name":"Unnamed (OSM way/610011119)","named":false,"source":"OpenStreetMap contributors","source_tags":{"waterway":"ditch"},"retrieved_at":"2026-09-06T12:43:12.245Z","confidence":"openstreetmap_mapped_unverified","field_verified":false,"layer":"osm_waterway","waterway_type":"ditch","navigability":"unknown"}},{"type":"Feature","geometry":{"type":"LineString","coordinates":[[3.3509957,6.6083866],[3.3511013,6.6082332]]},"properties":{"osm_id":"way/622382662","name":"Unnamed (OSM way/622382662)","named":false,"source":"OpenStreetMap contributors","source_tags":{"covered":"yes","waterway":"drain"},"retrieved_at":"2026-09-06T12:43:12.245Z","confidence":"openstreetmap_mapped_unverified","field_verified":false,"layer":"osm_waterway","waterway_type":"drain","navigability":"unknown"}},{"type":"Feature","geometry":{"type":"LineString","coordinates":[[3.3508891,6.6085413],[3.3509957,6.6083866]]},"properties":{"osm_id":"way/622382664","name":"Unnamed (OSM way/622382664)","named":false,"source":"OpenStreetMap contributors","source_tags":{"waterway":"drain"},"retrieved_at":"2026-09-06T12:43:12.245Z","confidence":"openstreetmap_mapped_unverified","field_verified":false,"layer":"osm_waterway","waterway_type":"drain","navigability":"unknown"}},{"type":"Feature","geometry":{"type":"LineString","coordinates":[[3.4314808,6.4399879],[3.4314866,6.4401306],[3.4314296,6.4404314]]},"properties":{"osm_id":"way/625645032","name":"Unnamed (OSM way/625645032)","named":false,"source":"OpenStreetMap contributors","source_tags":{"waterway":"drain"},"retrieved_at":"2026-09-06T12:43:12.245Z","confidence":"openstreetmap_mapped_unverified","field_verified":false,"layer":"osm_waterway","waterway_type":"drain","navigability":"unknown"}},{"type":"Feature","geometry":{"type":"LineString","coordinates":[[3.3408003,6.566829],[3.3407676,6.566721]]},"properties":{"osm_id":"way/637910687","name":"Unnamed (OSM way/637910687)","named":false,"source":"OpenStreetMap contributors","source_tags":{"layer":"-1","tunnel":"culvert","waterway":"ditch"},"retrieved_at":"2026-09-06T12:43:12.245Z","confidence":"openstreetmap_mapped_unverified","field_verified":false,"layer":"osm_waterway","waterway_type":"ditch","navigability":"unknown"}},{"type":"Feature","geometry":{"type":"LineString","coordinates":[[3.3408124,6.5684023],[3.340765,6.5683525],[3.340733,6.5683167],[3.3407002,6.568255],[3.340686,6.5681796],[3.3406978,6.5680926],[3.341055,6.5674849],[3.3408003,6.566829]]},"properties":{"osm_id":"way/637910689","name":"Unnamed (OSM way/637910689)","named":false,"source":"OpenStreetMap contributors","source_tags":{"waterway":"ditch"},"retrieved_at":"2026-09-06T12:43:12.245Z","confidence":"openstreetmap_mapped_unverified","field_verified":false,"layer":"osm_waterway","waterway_type":"ditch","navigability":"unknown"}},{"type":"Feature","geometry":{"type":"LineString","coordinates":[[3.4136556,6.4603047],[3.4130425,6.4598746],[3.4120798,6.4591782],[3.4106368,6.4582607],[3.4104163,6.4581702]]},"properties":{"osm_id":"way/640507498","name":"Unnamed (OSM way/640507498)","named":false,"source":"OpenStreetMap contributors","source_tags":{"waterway":"ditch"},"retrieved_at":"2026-09-06T12:43:12.245Z","confidence":"openstreetmap_mapped_unverified","field_verified":false,"layer":"osm_waterway","waterway_type":"ditch","navigability":"unknown"}},{"type":"Feature","geometry":{"type":"LineString","coordinates":[[3.4994063,6.4352879],[3.5017296,6.4356187],[3.5019654,6.4356228],[3.5023475,6.4356733]]},"properties":{"osm_id":"way/643481467","name":"Unnamed (OSM way/643481467)","named":false,"source":"OpenStreetMap contributors","source_tags":{"waterway":"ditch"},"retrieved_at":"2026-09-06T12:43:12.245Z","confidence":"openstreetmap_mapped_unverified","field_verified":false,"layer":"osm_waterway","waterway_type":"ditch","navigability":"unknown"}},{"type":"Feature","geometry":{"type":"LineString","coordinates":[[3.5023475,6.4356733],[3.5022712,6.4361298]]},"properties":{"osm_id":"way/643481468","name":"Unnamed (OSM way/643481468)","named":false,"source":"OpenStreetMap contributors","source_tags":{"layer":"-1","tunnel":"culvert","waterway":"drain"},"retrieved_at":"2026-09-06T12:43:12.245Z","confidence":"openstreetmap_mapped_unverified","field_verified":false,"layer":"osm_waterway","waterway_type":"drain","navigability":"unknown"}},{"type":"Feature","geometry":{"type":"LineString","coordinates":[[3.5078949,6.436324],[3.5077509,6.4364354],[3.507643,6.4364704],[3.5028476,6.4357339]]},"properties":{"osm_id":"way/643481469","name":"Unnamed (OSM way/643481469)","named":false,"source":"OpenStreetMap contributors","source_tags":{"waterway":"ditch"},"retrieved_at":"2026-09-06T12:43:12.245Z","confidence":"openstreetmap_mapped_unverified","field_verified":false,"layer":"osm_waterway","waterway_type":"ditch","navigability":"unknown"}},{"type":"Feature","geometry":{"type":"LineString","coordinates":[[3.5028476,6.4357339],[3.5024675,6.4356894]]},"properties":{"osm_id":"way/643481470","name":"Unnamed (OSM way/643481470)","named":false,"source":"OpenStreetMap contributors","source_tags":{"layer":"-1","tunnel":"culvert","waterway":"drain"},"retrieved_at":"2026-09-06T12:43:12.245Z","confidence":"openstreetmap_mapped_unverified","field_verified":false,"layer":"osm_waterway","waterway_type":"drain","navigability":"unknown"}},{"type":"Feature","geometry":{"type":"LineString","coordinates":[[3.5024675,6.4356894],[3.5023475,6.4356733]]},"properties":{"osm_id":"way/643481471","name":"Unnamed (OSM way/643481471)","named":false,"source":"OpenStreetMap contributors","source_tags":{"waterway":"ditch"},"retrieved_at":"2026-09-06T12:43:12.245Z","confidence":"openstreetmap_mapped_unverified","field_verified":false,"layer":"osm_waterway","waterway_type":"ditch","navigability":"unknown"}},{"type":"Feature","geometry":{"type":"LineString","coordinates":[[3.4991432,6.4352509],[3.4977626,6.4350565]]},"properties":{"osm_id":"way/643481472","name":"Unnamed (OSM way/643481472)","named":false,"source":"OpenStreetMap contributors","source_tags":{"waterway":"ditch"},"retrieved_at":"2026-09-06T12:43:12.245Z","confidence":"openstreetmap_mapped_unverified","field_verified":false,"layer":"osm_waterway","waterway_type":"ditch","navigability":"unknown"}},{"type":"Feature","geometry":{"type":"LineString","coordinates":[[3.4977626,6.4350565],[3.4976812,6.4354315]]},"properties":{"osm_id":"way/643481473","name":"Unnamed (OSM way/643481473)","named":false,"source":"OpenStreetMap contributors","source_tags":{"layer":"-1","tunnel":"culvert","waterway":"drain"},"retrieved_at":"2026-09-06T12:43:12.245Z","confidence":"openstreetmap_mapped_unverified","field_verified":false,"layer":"osm_waterway","waterway_type":"drain","navigability":"unknown"}},{"type":"Feature","geometry":{"type":"LineString","coordinates":[[3.4958859,6.4347771],[3.4974901,6.4349859]]},"properties":{"osm_id":"way/643481474","name":"Unnamed (OSM way/643481474)","named":false,"source":"OpenStreetMap contributors","source_tags":{"waterway":"ditch"},"retrieved_at":"2026-09-06T12:43:12.245Z","confidence":"openstreetmap_mapped_unverified","field_verified":false,"layer":"osm_waterway","waterway_type":"ditch","navigability":"unknown"}},{"type":"Feature","geometry":{"type":"LineString","coordinates":[[3.4974901,6.4349859],[3.4976302,6.4350044]]},"properties":{"osm_id":"way/643481475","name":"Unnamed (OSM way/643481475)","named":false,"source":"OpenStreetMap contributors","source_tags":{"layer":"-1","tunnel":"culvert","waterway":"drain"},"retrieved_at":"2026-09-06T12:43:12.245Z","confidence":"openstreetmap_mapped_unverified","field_verified":false,"layer":"osm_waterway","waterway_type":"drain","navigability":"unknown"}},{"type":"Feature","geometry":{"type":"LineString","coordinates":[[3.4976302,6.4350044],[3.4977626,6.4350565]]},"properties":{"osm_id":"way/643481476","name":"Unnamed (OSM way/643481476)","named":false,"source":"OpenStreetMap contributors","source_tags":{"waterway":"ditch"},"retrieved_at":"2026-09-06T12:43:12.245Z","confidence":"openstreetmap_mapped_unverified","field_verified":false,"layer":"osm_waterway","waterway_type":"ditch","navigability":"unknown"}},{"type":"Feature","geometry":{"type":"LineString","coordinates":[[3.3997504,6.541426],[3.3999154,6.5405867],[3.4000047,6.5401336],[3.4000879,6.5394786],[3.4002512,6.5383338],[3.4003529,6.5375869],[3.4004515,6.5370267],[3.4005563,6.536488],[3.4007812,6.5355237],[3.4009475,6.5348932],[3.4011078,6.534281],[3.4014695,6.5332165]]},"properties":{"osm_id":"way/656066126","name":"Unnamed (OSM way/656066126)","named":false,"source":"OpenStreetMap contributors","source_tags":{"waterway":"drain"},"retrieved_at":"2026-09-06T12:43:12.245Z","confidence":"openstreetmap_mapped_unverified","field_verified":false,"layer":"osm_waterway","waterway_type":"drain","navigability":"unknown"}},{"type":"Feature","geometry":{"type":"LineString","coordinates":[[3.4016603,6.4311223],[3.4019851,6.4300701],[3.4023768,6.4273568],[3.4024197,6.4264399],[3.402366,6.4254697],[3.4011805,6.4178521],[3.4002149,6.4105062],[3.3999145,6.4069132],[3.399908,6.4054612],[3.3999693,6.400498]]},"properties":{"osm_id":"way/659370451","name":"Commodore Channel","named":true,"source":"OpenStreetMap contributors","source_tags":{"name":"Commodore Channel","waterway":"river"},"retrieved_at":"2026-09-06T12:43:12.245Z","confidence":"openstreetmap_mapped_unverified","field_verified":false,"layer":"osm_waterway","waterway_type":"river","navigability":"unknown"}},{"type":"Feature","geometry":{"type":"LineString","coordinates":[[3.3273717,6.5816488],[3.3273717,6.5831149]]},"properties":{"osm_id":"way/659370467","name":"Unnamed (OSM way/659370467)","named":false,"source":"OpenStreetMap contributors","source_tags":{"waterway":"ditch"},"retrieved_at":"2026-09-06T12:43:12.245Z","confidence":"openstreetmap_mapped_unverified","field_verified":false,"layer":"osm_waterway","waterway_type":"ditch","navigability":"unknown"}},{"type":"Feature","geometry":{"type":"LineString","coordinates":[[3.3273717,6.5831149],[3.3266319,6.5831214]]},"properties":{"osm_id":"way/659370468","name":"Unnamed (OSM way/659370468)","named":false,"source":"OpenStreetMap contributors","source_tags":{"layer":"-1","tunnel":"culvert","waterway":"drain"},"retrieved_at":"2026-09-06T12:43:12.245Z","confidence":"openstreetmap_mapped_unverified","field_verified":false,"layer":"osm_waterway","waterway_type":"drain","navigability":"unknown"}},{"type":"Feature","geometry":{"type":"LineString","coordinates":[[3.3266319,6.5831214],[3.3265481,6.5831134],[3.3264383,6.5828428],[3.3262919,6.5826287],[3.3262757,6.5823703],[3.3253406,6.5816675],[3.3253244,6.5815948]]},"properties":{"osm_id":"way/659370469","name":"Unnamed (OSM way/659370469)","named":false,"source":"OpenStreetMap contributors","source_tags":{"waterway":"ditch"},"retrieved_at":"2026-09-06T12:43:12.245Z","confidence":"openstreetmap_mapped_unverified","field_verified":false,"layer":"osm_waterway","waterway_type":"ditch","navigability":"unknown"}},{"type":"Feature","geometry":{"type":"LineString","coordinates":[[3.3253244,6.5815948],[3.3253174,6.5806909]]},"properties":{"osm_id":"way/659370470","name":"Unnamed (OSM way/659370470)","named":false,"source":"OpenStreetMap contributors","source_tags":{"layer":"-1","tunnel":"culvert","waterway":"drain"},"retrieved_at":"2026-09-06T12:43:12.245Z","confidence":"openstreetmap_mapped_unverified","field_verified":false,"layer":"osm_waterway","waterway_type":"drain","navigability":"unknown"}},{"type":"Feature","geometry":{"type":"LineString","coordinates":[[3.3274045,6.5808652],[3.3275708,6.5807844],[3.3279991,6.5807949],[3.3283777,6.5808477],[3.3284945,6.5807773]]},"properties":{"osm_id":"way/659370471","name":"Unnamed (OSM way/659370471)","named":false,"source":"OpenStreetMap contributors","source_tags":{"waterway":"ditch"},"retrieved_at":"2026-09-06T12:43:12.245Z","confidence":"openstreetmap_mapped_unverified","field_verified":false,"layer":"osm_waterway","waterway_type":"ditch","navigability":"unknown"}},{"type":"Feature","geometry":{"type":"LineString","coordinates":[[3.3284945,6.5807773],[3.3285158,6.5802429]]},"properties":{"osm_id":"way/659370472","name":"Unnamed (OSM way/659370472)","named":false,"source":"OpenStreetMap contributors","source_tags":{"layer":"-1","tunnel":"culvert","waterway":"drain"},"retrieved_at":"2026-09-06T12:43:12.245Z","confidence":"openstreetmap_mapped_unverified","field_verified":false,"layer":"osm_waterway","waterway_type":"drain","navigability":"unknown"}},{"type":"Feature","geometry":{"type":"LineString","coordinates":[[3.3285158,6.5802429],[3.3284308,6.5801796],[3.3274646,6.5801656],[3.3273762,6.5801058],[3.3273802,6.579277]]},"properties":{"osm_id":"way/659370473","name":"Unnamed (OSM way/659370473)","named":false,"source":"OpenStreetMap contributors","source_tags":{"waterway":"ditch"},"retrieved_at":"2026-09-06T12:43:12.245Z","confidence":"openstreetmap_mapped_unverified","field_verified":false,"layer":"osm_waterway","waterway_type":"ditch","navigability":"unknown"}},{"type":"Feature","geometry":{"type":"LineString","coordinates":[[3.3273802,6.579277],[3.3273817,6.5791229]]},"properties":{"osm_id":"way/659370474","name":"Unnamed (OSM way/659370474)","named":false,"source":"OpenStreetMap contributors","source_tags":{"layer":"-1","tunnel":"culvert","waterway":"drain"},"retrieved_at":"2026-09-06T12:43:12.245Z","confidence":"openstreetmap_mapped_unverified","field_verified":false,"layer":"osm_waterway","waterway_type":"drain","navigability":"unknown"}},{"type":"Feature","geometry":{"type":"LineString","coordinates":[[3.3273817,6.5791229],[3.3273879,6.577804],[3.3274692,6.5771941],[3.3275383,6.5771053],[3.3276197,6.577077]]},"properties":{"osm_id":"way/659370475","name":"Unnamed (OSM way/659370475)","named":false,"source":"OpenStreetMap contributors","source_tags":{"waterway":"ditch"},"retrieved_at":"2026-09-06T12:43:12.245Z","confidence":"openstreetmap_mapped_unverified","field_verified":false,"layer":"osm_waterway","waterway_type":"ditch","navigability":"unknown"}},{"type":"Feature","geometry":{"type":"LineString","coordinates":[[3.3283976,6.5783462],[3.3282739,6.5780192],[3.3277415,6.5772189],[3.3276197,6.577077]]},"properties":{"osm_id":"way/659370476","name":"Unnamed (OSM way/659370476)","named":false,"source":"OpenStreetMap contributors","source_tags":{"waterway":"ditch"},"retrieved_at":"2026-09-06T12:43:12.245Z","confidence":"openstreetmap_mapped_unverified","field_verified":false,"layer":"osm_waterway","waterway_type":"ditch","navigability":"unknown"}},{"type":"Feature","geometry":{"type":"LineString","coordinates":[[3.3276197,6.577077],[3.32764,6.5770286]]},"properties":{"osm_id":"way/659370477","name":"Unnamed (OSM way/659370477)","named":false,"source":"OpenStreetMap contributors","source_tags":{"waterway":"ditch"},"retrieved_at":"2026-09-06T12:43:12.245Z","confidence":"openstreetmap_mapped_unverified","field_verified":false,"layer":"osm_waterway","waterway_type":"ditch","navigability":"unknown"}},{"type":"Feature","geometry":{"type":"LineString","coordinates":[[3.32764,6.5770286],[3.3276691,6.5764325]]},"properties":{"osm_id":"way/659370478","name":"Unnamed (OSM way/659370478)","named":false,"source":"OpenStreetMap contributors","source_tags":{"layer":"-1","tunnel":"culvert","waterway":"drain"},"retrieved_at":"2026-09-06T12:43:12.245Z","confidence":"openstreetmap_mapped_unverified","field_verified":false,"layer":"osm_waterway","waterway_type":"drain","navigability":"unknown"}},{"type":"Feature","geometry":{"type":"LineString","coordinates":[[3.3276691,6.5764325],[3.3274589,6.5762864],[3.3274449,6.5734332],[3.327529,6.5724033],[3.3277018,6.5722409]]},"properties":{"osm_id":"way/659370479","name":"Unnamed (OSM way/659370479)","named":false,"source":"OpenStreetMap contributors","source_tags":{"waterway":"ditch"},"retrieved_at":"2026-09-06T12:43:12.245Z","confidence":"openstreetmap_mapped_unverified","field_verified":false,"layer":"osm_waterway","waterway_type":"ditch","navigability":"unknown"}},{"type":"Feature","geometry":{"type":"LineString","coordinates":[[3.3277018,6.5722409],[3.3277489,6.5714603]]},"properties":{"osm_id":"way/659370480","name":"Unnamed (OSM way/659370480)","named":false,"source":"OpenStreetMap contributors","source_tags":{"layer":"-1","tunnel":"culvert","waterway":"drain"},"retrieved_at":"2026-09-06T12:43:12.245Z","confidence":"openstreetmap_mapped_unverified","field_verified":false,"layer":"osm_waterway","waterway_type":"drain","navigability":"unknown"}},{"type":"Feature","geometry":{"type":"LineString","coordinates":[[3.6060034,6.5123117],[3.605888,6.5123104],[3.6056788,6.512437],[3.6050901,6.5128194],[3.6046019,6.5132164],[3.6043498,6.5136135],[3.6041379,6.513952],[3.6039153,6.514389],[3.6037543,6.5146555],[3.6034861,6.514946],[3.6033708,6.5150046],[3.6031321,6.5150339],[3.6029685,6.5150872],[3.6028907,6.5151458],[3.602829,6.5152258]]},"properties":{"osm_id":"way/669951123","name":"Unnamed (OSM way/669951123)","named":false,"source":"OpenStreetMap contributors","source_tags":{"waterway":"stream"},"retrieved_at":"2026-09-06T12:43:12.245Z","confidence":"openstreetmap_mapped_unverified","field_verified":false,"layer":"osm_waterway","waterway_type":"stream","navigability":"unknown"}},{"type":"Feature","geometry":{"type":"LineString","coordinates":[[3.3613174,6.4646091],[3.3601211,6.4646229],[3.3598918,6.4646212],[3.3593704,6.4646329],[3.3585227,6.4646024],[3.3584799,6.4646009],[3.358394,6.4644517],[3.3584262,6.4642917],[3.3583089,6.4639743],[3.358158,6.4636948],[3.3574499,6.4626074],[3.3572628,6.4624289],[3.3566989,6.4621916],[3.3562987,6.4620734],[3.3561316,6.4620129]]},"properties":{"osm_id":"way/671135895","name":"Unnamed (OSM way/671135895)","named":false,"source":"OpenStreetMap contributors","source_tags":{"waterway":"canal"},"retrieved_at":"2026-09-06T12:43:12.245Z","confidence":"openstreetmap_mapped_unverified","field_verified":false,"layer":"osm_waterway","waterway_type":"canal","navigability":"unknown"}},{"type":"Feature","geometry":{"type":"LineString","coordinates":[[3.436473,6.6080938],[3.4363443,6.6070387],[3.4360492,6.6061967],[3.4359634,6.6059356],[3.4357864,6.6059036]]},"properties":{"osm_id":"way/671812124","name":"Unnamed (OSM way/671812124)","named":false,"source":"OpenStreetMap contributors","source_tags":{"waterway":"stream"},"retrieved_at":"2026-09-06T12:43:12.245Z","confidence":"openstreetmap_mapped_unverified","field_verified":false,"layer":"osm_waterway","waterway_type":"stream","navigability":"unknown"}},{"type":"Feature","geometry":{"type":"LineString","coordinates":[[3.4357864,6.6059036],[3.4359205,6.6056798],[3.4359688,6.6053761],[3.4357649,6.6049871],[3.435781,6.6047153],[3.4356201,6.6043689],[3.4354913,6.6041238],[3.4352821,6.6039853],[3.4352285,6.603852],[3.4351587,6.6034097],[3.4351158,6.6029994],[3.4349817,6.6026158],[3.4349115,6.6024133],[3.4350037,6.6022757],[3.4349834,6.6020937],[3.4348307,6.6016993],[3.4349019,6.6014161],[3.4353092,6.6012139],[3.4357062,6.600961],[3.4361847,6.600425],[3.4375998,6.5988171],[3.4385059,6.5977956],[3.4387095,6.5976035],[3.4391981,6.5974518],[3.4394018,6.5972293],[3.439361,6.597027],[3.4391981,6.5967843],[3.4392592,6.5965719],[3.4391778,6.5962786],[3.4389742,6.595955],[3.4388191,6.5957363]]},"properties":{"osm_id":"way/671812125","name":"Unnamed (OSM way/671812125)","named":false,"source":"OpenStreetMap contributors","source_tags":{"waterway":"stream"},"retrieved_at":"2026-09-06T12:43:12.245Z","confidence":"openstreetmap_mapped_unverified","field_verified":false,"layer":"osm_waterway","waterway_type":"stream","navigability":"unknown"}},{"type":"Feature","geometry":{"type":"LineString","coordinates":[[3.4335038,6.6113816],[3.4334046,6.6113656],[3.433308,6.611291],[3.4331793,6.610966],[3.4331524,6.6107795],[3.433308,6.6104811],[3.4335923,6.6099482],[3.4336245,6.609719],[3.4336406,6.6094313],[3.4336299,6.6090956],[3.4337157,6.609005],[3.4338927,6.6088718],[3.4342468,6.6085307],[3.4345418,6.6080298],[3.4348047,6.6075982],[3.43503,6.6072412],[3.4350192,6.6069108],[3.4351158,6.606703],[3.4354162,6.606202],[3.4357864,6.6059036]]},"properties":{"osm_id":"way/671812129","name":"Unnamed (OSM way/671812129)","named":false,"source":"OpenStreetMap contributors","source_tags":{"waterway":"stream"},"retrieved_at":"2026-09-06T12:43:12.245Z","confidence":"openstreetmap_mapped_unverified","field_verified":false,"layer":"osm_waterway","waterway_type":"stream","navigability":"unknown"}},{"type":"Feature","geometry":{"type":"LineString","coordinates":[[3.4292257,6.6095565],[3.4291854,6.6097857],[3.4291184,6.6102493],[3.4290835,6.6103612],[3.4290031,6.6104091],[3.4289038,6.6104597],[3.4288529,6.6105823],[3.4287965,6.6110219],[3.4287804,6.6113337],[3.4287965,6.6115868],[3.4288462,6.6117769]]},"properties":{"osm_id":"way/671812169","name":"Unnamed (OSM way/671812169)","named":false,"source":"OpenStreetMap contributors","source_tags":{"waterway":"stream"},"retrieved_at":"2026-09-06T12:43:12.245Z","confidence":"openstreetmap_mapped_unverified","field_verified":false,"layer":"osm_waterway","waterway_type":"stream","navigability":"unknown"}},{"type":"Feature","geometry":{"type":"LineString","coordinates":[[3.4292632,6.6091995],[3.4292257,6.6095565]]},"properties":{"osm_id":"way/671812170","name":"Unnamed (OSM way/671812170)","named":false,"source":"OpenStreetMap contributors","source_tags":{"layer":"-1","tunnel":"culvert","waterway":"stream"},"retrieved_at":"2026-09-06T12:43:12.245Z","confidence":"openstreetmap_mapped_unverified","field_verified":false,"layer":"osm_waterway","waterway_type":"stream","navigability":"unknown"}},{"type":"Feature","geometry":{"type":"LineString","coordinates":[[3.4285444,6.6035963],[3.4285498,6.6037295],[3.4287375,6.604241],[3.4288341,6.6045288],[3.4290916,6.6050137],[3.4292954,6.6052269],[3.4293222,6.605472],[3.429274,6.606282],[3.4291828,6.6072358],[3.4291667,6.60787],[3.4292364,6.6083229],[3.4292579,6.6090263],[3.4292632,6.6091995]]},"properties":{"osm_id":"way/671812171","name":"Unnamed (OSM way/671812171)","named":false,"source":"OpenStreetMap contributors","source_tags":{"waterway":"stream"},"retrieved_at":"2026-09-06T12:43:12.245Z","confidence":"openstreetmap_mapped_unverified","field_verified":false,"layer":"osm_waterway","waterway_type":"stream","navigability":"unknown"}},{"type":"Feature","geometry":{"type":"LineString","coordinates":[[3.309567,6.6713423],[3.3100015,6.6710706],[3.3103502,6.6710013],[3.3106077,6.6709321],[3.3107579,6.6708362],[3.3112065,6.6706397],[3.3116484,6.6702927],[3.3117235,6.6702021],[3.3118468,6.6700263],[3.3124047,6.6698784],[3.3125899,6.6696773],[3.3128902,6.6692883],[3.3131718,6.6689979],[3.3136708,6.6685291],[3.314179,6.6680775],[3.3145558,6.6677512],[3.3149207,6.667277],[3.3153069,6.6663765],[3.315441,6.6662753],[3.3157763,6.6661341],[3.3158863,6.6659183],[3.3158755,6.6657158],[3.3158648,6.6652949],[3.315838,6.6648367],[3.3157468,6.6646555],[3.3156234,6.6642399],[3.3156073,6.6638776],[3.3155805,6.6631263],[3.3155698,6.6624923],[3.3155322,6.66213],[3.3154571,6.6615652],[3.3154839,6.6611922],[3.3154142,6.6610217],[3.3152801,6.6608991],[3.3151728,6.6607553],[3.3150762,6.6605581],[3.3151245,6.6604676],[3.3152533,6.660361],[3.3153284,6.6601639],[3.3152479,6.6598442],[3.3151889,6.659663],[3.315264,6.6592208],[3.3152291,6.658957]]},"properties":{"osm_id":"way/671844413","name":"Unnamed (OSM way/671844413)","named":false,"source":"OpenStreetMap contributors","source_tags":{"waterway":"stream"},"retrieved_at":"2026-09-06T12:43:12.245Z","confidence":"openstreetmap_mapped_unverified","field_verified":false,"layer":"osm_waterway","waterway_type":"stream","navigability":"unknown"}},{"type":"Feature","geometry":{"type":"LineString","coordinates":[[3.404009,6.4585534],[3.4039291,6.4590722],[3.4038605,6.4592888]]},"properties":{"osm_id":"way/679723478","name":"Unnamed (OSM way/679723478)","named":false,"source":"OpenStreetMap contributors","source_tags":{"waterway":"drain"},"retrieved_at":"2026-09-06T12:43:12.245Z","confidence":"openstreetmap_mapped_unverified","field_verified":false,"layer":"osm_waterway","waterway_type":"drain","navigability":"unknown"}},{"type":"Feature","geometry":{"type":"LineString","coordinates":[[3.403974,6.4582132],[3.404009,6.4585534]]},"properties":{"osm_id":"way/679723479","name":"Unnamed (OSM way/679723479)","named":false,"source":"OpenStreetMap contributors","source_tags":{"layer":"-1","tunnel":"yes","waterway":"drain"},"retrieved_at":"2026-09-06T12:43:12.245Z","confidence":"openstreetmap_mapped_unverified","field_verified":false,"layer":"osm_waterway","waterway_type":"drain","navigability":"unknown"}},{"type":"Feature","geometry":{"type":"LineString","coordinates":[[3.409998,6.5814837],[3.4101278,6.5811762],[3.4101128,6.5808489],[3.4103974,6.5803975],[3.4105902,6.5800643],[3.4105422,6.5799164]]},"properties":{"osm_id":"way/707733139","name":"Unnamed (OSM way/707733139)","named":false,"source":"OpenStreetMap contributors","source_tags":{"waterway":"stream"},"retrieved_at":"2026-09-06T12:43:12.245Z","confidence":"openstreetmap_mapped_unverified","field_verified":false,"layer":"osm_waterway","waterway_type":"stream","navigability":"unknown"}},{"type":"Feature","geometry":{"type":"LineString","coordinates":[[3.4160213,6.5836818],[3.4158362,6.5835767],[3.4157555,6.5834923],[3.4156663,6.5834023],[3.415665,6.5833862],[3.4156732,6.5833083],[3.4157127,6.5831869],[3.4155672,6.5831387],[3.4152012,6.5830817],[3.4148761,6.5829951],[3.4145222,6.5829065],[3.4141606,6.5826569],[3.4139799,6.5826393],[3.4136095,6.5825561],[3.4133714,6.582324],[3.4132391,6.5820831],[3.4130407,6.5818246],[3.412829,6.581737],[3.4124807,6.5814742],[3.4124146,6.5813165],[3.4124763,6.5811194],[3.4124454,6.5809836],[3.4122048,6.5808836],[3.41203,6.5807596],[3.4117554,6.5806902],[3.4116106,6.5805017],[3.4115438,6.5804462],[3.4112238,6.580317],[3.4110108,6.580029],[3.4108118,6.5799363],[3.4105422,6.5799164],[3.4101528,6.5798619],[3.4098083,6.5797577],[3.4095337,6.5795097],[3.409314,6.5791774],[3.4091942,6.5789146],[3.4091624,6.5787187]]},"properties":{"osm_id":"way/707733140","name":"Unnamed (OSM way/707733140)","named":false,"source":"OpenStreetMap contributors","source_tags":{"waterway":"stream"},"retrieved_at":"2026-09-06T12:43:12.245Z","confidence":"openstreetmap_mapped_unverified","field_verified":false,"layer":"osm_waterway","waterway_type":"stream","navigability":"unknown"}},{"type":"Feature","geometry":{"type":"LineString","coordinates":[[3.411271,6.595198],[3.4111369,6.5947876],[3.4114265,6.5926827],[3.4114373,6.5920113],[3.4112978,6.5915903],[3.4110188,6.5910147],[3.410756,6.5908655],[3.4103858,6.5908975],[3.4101498,6.5907856],[3.4099352,6.5902474],[3.4100407,6.5898002],[3.4097881,6.5889848],[3.4094093,6.5884203],[3.4093041,6.5878977],[3.4090936,6.5871868],[3.4090936,6.5864864],[3.4088831,6.5859428],[3.408578,6.585347],[3.408357,6.5848348],[3.4081465,6.5846257],[3.4077572,6.5843016],[3.4076625,6.5839148],[3.4077572,6.5834235],[3.4076499,6.5829086]]},"properties":{"osm_id":"way/707733141","name":"Unnamed (OSM way/707733141)","named":false,"source":"OpenStreetMap contributors","source_tags":{"waterway":"stream"},"retrieved_at":"2026-09-06T12:43:12.245Z","confidence":"openstreetmap_mapped_unverified","field_verified":false,"layer":"osm_waterway","waterway_type":"stream","navigability":"unknown"}},{"type":"Feature","geometry":{"type":"LineString","coordinates":[[3.1955829,6.5619859],[3.1966545,6.5622152],[3.197324,6.5624734],[3.1981037,6.5627707],[3.1984502,6.5629507],[3.1986865,6.5631932],[3.1994819,6.5636236],[3.1999151,6.5639365],[3.2003089,6.56396],[3.2008444,6.5637879],[3.201323,6.563785],[3.2014423,6.5637329]]},"properties":{"osm_id":"way/707818816","name":"Unnamed (OSM way/707818816)","named":false,"source":"OpenStreetMap contributors","source_tags":{"waterway":"stream"},"retrieved_at":"2026-09-06T12:43:12.245Z","confidence":"openstreetmap_mapped_unverified","field_verified":false,"layer":"osm_waterway","waterway_type":"stream","navigability":"unknown"}},{"type":"Feature","geometry":{"type":"LineString","coordinates":[[3.2918342,6.4261844],[3.2917656,6.4257981],[3.2915483,6.4254345],[3.2907823,6.4250822],[3.2902677,6.4248436],[3.2895245,6.4246391],[3.2882896,6.4244914],[3.2869176,6.4244346],[3.2859457,6.4242755]]},"properties":{"osm_id":"way/713095486","name":"Unnamed (OSM way/713095486)","named":false,"source":"OpenStreetMap contributors","source_tags":{"waterway":"stream"},"retrieved_at":"2026-09-06T12:43:12.245Z","confidence":"openstreetmap_mapped_unverified","field_verified":false,"layer":"osm_waterway","waterway_type":"stream","navigability":"unknown"}},{"type":"Feature","geometry":{"type":"LineString","coordinates":[[3.2737476,6.5910913],[3.2737471,6.591176],[3.2737651,6.5912631],[3.2738195,6.5914127],[3.2739367,6.5915333],[3.2741166,6.591579],[3.2743113,6.5916746],[3.2744866,6.5917734],[3.2746667,6.5918063],[3.2749178,6.5918063],[3.2751357,6.591844],[3.2754578,6.5921923],[3.2757563,6.5924511],[3.2758511,6.5924417],[3.2760263,6.5923287],[3.2761353,6.5923193],[3.2764731,6.592447],[3.276692,6.5925254],[3.2768328,6.5924864],[3.2769373,6.5924889],[3.2770536,6.5926957],[3.2771965,6.5929586],[3.2773901,6.5929581],[3.2775457,6.5930841],[3.2776252,6.5932659],[3.2778168,6.5932738],[3.2779498,6.5933406],[3.2783625,6.593582],[3.2785049,6.5937817],[3.2786349,6.5939619],[3.2789935,6.5942721],[3.2794133,6.5946337],[3.2796174,6.5947854],[3.2798594,6.5949599],[3.2798884,6.5950767],[3.2798485,6.5952342],[3.2798414,6.5954567],[3.2798194,6.5955755],[3.279923,6.5956155],[3.2801124,6.5957375],[3.2801621,6.5958296]]},"properties":{"osm_id":"way/732679098","name":"Unnamed (OSM way/732679098)","named":false,"source":"OpenStreetMap contributors","source_tags":{"waterway":"drain"},"retrieved_at":"2026-09-06T12:43:12.245Z","confidence":"openstreetmap_mapped_unverified","field_verified":false,"layer":"osm_waterway","waterway_type":"drain","navigability":"unknown"}},{"type":"Feature","geometry":{"type":"LineString","coordinates":[[3.2177263,6.5193089],[3.2173194,6.5191143],[3.2161916,6.5186007],[3.2147255,6.5178911],[3.2139079,6.517639],[3.213579,6.517695],[3.2116429,6.5188622],[3.2096036,6.520104],[3.2084382,6.5208697],[3.2081374,6.5210938],[3.2078273,6.5210284],[3.2076769,6.5209537],[3.2073574,6.5213739],[3.2071694,6.5218968],[3.2062484,6.5229052],[3.2059007,6.5231573],[3.2055174,6.5235911],[3.2052369,6.5243714],[3.2050966,6.5249845],[3.2050113,6.5257572],[3.2050982,6.5261123],[3.204934,6.5263331],[3.2046925,6.5268513],[3.2042868,6.5278975],[3.2041805,6.5282046],[3.2044027,6.5287325],[3.2045186,6.5295963],[3.2044124,6.5306136],[3.2044027,6.5311511],[3.204451,6.5318613],[3.2043641,6.5321301],[3.2041322,6.5323316]]},"properties":{"osm_id":"way/732679110","name":"Unnamed (OSM way/732679110)","named":false,"source":"OpenStreetMap contributors","source_tags":{"waterway":"stream"},"retrieved_at":"2026-09-06T12:43:12.245Z","confidence":"openstreetmap_mapped_unverified","field_verified":false,"layer":"osm_waterway","waterway_type":"stream","navigability":"unknown"}},{"type":"Feature","geometry":{"type":"LineString","coordinates":[[3.2518547,6.5528903],[3.2518538,6.5527374]]},"properties":{"osm_id":"way/732679111","name":"Unnamed (OSM way/732679111)","named":false,"source":"OpenStreetMap contributors","source_tags":{"layer":"-1","tunnel":"culvert","waterway":"drain"},"retrieved_at":"2026-09-06T12:43:12.245Z","confidence":"openstreetmap_mapped_unverified","field_verified":false,"layer":"osm_waterway","waterway_type":"drain","navigability":"unknown"}},{"type":"Feature","geometry":{"type":"LineString","coordinates":[[3.253186,6.5543682],[3.2530865,6.5542458],[3.2526364,6.5537328],[3.2520442,6.5531115],[3.2518547,6.5528903]]},"properties":{"osm_id":"way/732679112","name":"Unnamed (OSM way/732679112)","named":false,"source":"OpenStreetMap contributors","source_tags":{"waterway":"drain"},"retrieved_at":"2026-09-06T12:43:12.245Z","confidence":"openstreetmap_mapped_unverified","field_verified":false,"layer":"osm_waterway","waterway_type":"drain","navigability":"unknown"}},{"type":"Feature","geometry":{"type":"LineString","coordinates":[[3.2419074,6.5431131],[3.2418042,6.5430479]]},"properties":{"osm_id":"way/732679114","name":"Unnamed (OSM way/732679114)","named":false,"source":"OpenStreetMap contributors","source_tags":{"layer":"-1","tunnel":"culvert","waterway":"drain"},"retrieved_at":"2026-09-06T12:43:12.245Z","confidence":"openstreetmap_mapped_unverified","field_verified":false,"layer":"osm_waterway","waterway_type":"drain","navigability":"unknown"}},{"type":"Feature","geometry":{"type":"LineString","coordinates":[[3.2518315,6.5526957],[3.2518111,6.5526574],[3.2516974,6.5526104],[3.2514416,6.5525633],[3.2513459,6.5524383],[3.2506978,6.5516173],[3.2505699,6.5513866],[3.250532,6.5512831],[3.2504183,6.550756],[3.2503662,6.5505018],[3.2503992,6.5501189],[3.2504081,6.5498353],[3.2503585,6.5495777],[3.2501086,6.5488985],[3.2499208,6.5486756],[3.2497124,6.5481061],[3.2496224,6.5479131],[3.2494376,6.5474001],[3.2491534,6.5466612],[3.2489828,6.546054],[3.2488833,6.5458234],[3.2487033,6.5456163],[3.2485375,6.5454986],[3.2483906,6.5453057],[3.2482295,6.5450327],[3.2481632,6.5449197],[3.2479263,6.5447832],[3.2474431,6.5446514],[3.2470973,6.5446091],[3.2465903,6.544449],[3.2461397,6.5442447],[3.2460937,6.5442114],[3.2459724,6.5441823],[3.2456418,6.5440618],[3.2447674,6.5436752],[3.2445205,6.5436004],[3.2438093,6.5435755],[3.2433224,6.5435773],[3.2429624,6.5435161],[3.2426165,6.5434125],[3.2422801,6.5433843],[3.2420812,6.5432619],[3.2419074,6.5431131]]},"properties":{"osm_id":"way/732679115","name":"Unnamed (OSM way/732679115)","named":false,"source":"OpenStreetMap contributors","source_tags":{"waterway":"drain"},"retrieved_at":"2026-09-06T12:43:12.245Z","confidence":"openstreetmap_mapped_unverified","field_verified":false,"layer":"osm_waterway","waterway_type":"drain","navigability":"unknown"}},{"type":"Feature","geometry":{"type":"LineString","coordinates":[[3.234711,6.5371986],[3.2342525,6.5370589],[3.2334961,6.536883],[3.2330831,6.5366432],[3.2325681,6.5360303],[3.2320317,6.5352202],[3.2317587,6.5349276]]},"properties":{"osm_id":"way/732679116","name":"Unnamed (OSM way/732679116)","named":false,"source":"OpenStreetMap contributors","source_tags":{"waterway":"drain"},"retrieved_at":"2026-09-06T12:43:12.245Z","confidence":"openstreetmap_mapped_unverified","field_verified":false,"layer":"osm_waterway","waterway_type":"drain","navigability":"unknown"}},{"type":"Feature","geometry":{"type":"LineString","coordinates":[[3.2317587,6.5349276],[3.2316149,6.5347839]]},"properties":{"osm_id":"way/732679117","name":"Unnamed (OSM way/732679117)","named":false,"source":"OpenStreetMap contributors","source_tags":{"layer":"-1","tunnel":"culvert","waterway":"drain"},"retrieved_at":"2026-09-06T12:43:12.245Z","confidence":"openstreetmap_mapped_unverified","field_verified":false,"layer":"osm_waterway","waterway_type":"drain","navigability":"unknown"}},{"type":"Feature","geometry":{"type":"LineString","coordinates":[[3.2316149,6.5347839],[3.2315059,6.5346232],[3.2313418,6.5344369],[3.2313075,6.5342822],[3.2308032,6.5338025],[3.2303633,6.5332642],[3.2298679,6.5326579],[3.2295953,6.5321457],[3.2293984,6.531915],[3.2291359,6.5317545],[3.2288733,6.5313682],[3.2284694,6.5307011],[3.2278888,6.5299537],[3.2274886,6.5294324],[3.2272656,6.5290633],[3.2271284,6.5288701],[3.226854,6.5285577],[3.2264024,6.527967],[3.2260308,6.5275524],[3.225602,6.5271605],[3.2253139,6.5265437],[3.2251366,6.5262881],[3.2247787,6.5253372],[3.22443,6.5245818],[3.2242413,6.5240024],[3.2239955,6.5232924],[3.2237668,6.5223041],[3.2236468,6.5219008],[3.2236411,6.5215771],[3.2236068,6.5212363],[3.2234581,6.5208614],[3.2233838,6.5207364],[3.2230522,6.5208273],[3.2225034,6.5209409],[3.2217033,6.5208893],[3.2206021,6.520931],[3.2198519,6.5207483],[3.21934,6.5203935],[3.2183626,6.5196839],[3.2177263,6.5193089]]},"properties":{"osm_id":"way/732679122","name":"Unnamed (OSM way/732679122)","named":false,"source":"OpenStreetMap contributors","source_tags":{"waterway":"drain"},"retrieved_at":"2026-09-06T12:43:12.245Z","confidence":"openstreetmap_mapped_unverified","field_verified":false,"layer":"osm_waterway","waterway_type":"drain","navigability":"unknown"}},{"type":"Feature","geometry":{"type":"LineString","coordinates":[[3.2064306,6.5522446],[3.2060765,6.5521398],[3.2058505,6.5520575],[3.205534,6.5520051],[3.2051573,6.5516757],[3.2047579,6.5514736],[3.2041928,6.5513688],[3.203688,6.5513239],[3.2033544,6.551364]]},"properties":{"osm_id":"way/732685020","name":"Unnamed (OSM way/732685020)","named":false,"source":"OpenStreetMap contributors","source_tags":{"surface":"unpaved","waterway":"canal"},"retrieved_at":"2026-09-06T12:43:12.245Z","confidence":"openstreetmap_mapped_unverified","field_verified":false,"layer":"osm_waterway","waterway_type":"canal","navigability":"unknown"}},{"type":"Feature","geometry":{"type":"LineString","coordinates":[[3.1984712,6.5523094],[3.1989413,6.552574],[3.1992426,6.5528584],[3.199755,6.5533524],[3.2007194,6.5537866],[3.2009831,6.553809],[3.2013599,6.5536668],[3.2015558,6.5536219],[3.202151,6.5536893],[3.2025654,6.5537192],[3.2029647,6.553562],[3.2032284,6.5532776],[3.2033817,6.5530602]]},"properties":{"osm_id":"way/732685021","name":"Unnamed (OSM way/732685021)","named":false,"source":"OpenStreetMap contributors","source_tags":{"waterway":"canal"},"retrieved_at":"2026-09-06T12:43:12.245Z","confidence":"openstreetmap_mapped_unverified","field_verified":false,"layer":"osm_waterway","waterway_type":"canal","navigability":"unknown"}},{"type":"Feature","geometry":{"type":"LineString","coordinates":[[3.1874045,6.5169033],[3.1873575,6.5169553],[3.1872234,6.5170486],[3.1871563,6.5171365],[3.1871644,6.5172644],[3.1871939,6.5173763],[3.1872126,6.5176295],[3.1872234,6.517944],[3.1871966,6.5181332],[3.1871697,6.5183943],[3.187218,6.5186688],[3.1873763,6.5188393],[3.1874673,6.5189649],[3.1873559,6.5191002],[3.1870214,6.5192356],[3.1865384,6.5195432],[3.1864393,6.5199124],[3.1865136,6.5204416],[3.1867366,6.5210323],[3.1870462,6.5217091],[3.187232,6.5222259],[3.1872568,6.5225582],[3.1871949,6.5228781],[3.186994,6.5231926]]},"properties":{"osm_id":"way/732685022","name":"Unnamed (OSM way/732685022)","named":false,"source":"OpenStreetMap contributors","source_tags":{"waterway":"stream"},"retrieved_at":"2026-09-06T12:43:12.245Z","confidence":"openstreetmap_mapped_unverified","field_verified":false,"layer":"osm_waterway","waterway_type":"stream","navigability":"unknown"}},{"type":"Feature","geometry":{"type":"LineString","coordinates":[[3.19951,6.5428702],[3.1997466,6.5426707],[3.1999717,6.5424019],[3.2002842,6.5419543],[3.2011376,6.5416686],[3.2020913,6.5411391],[3.2027645,6.5409858],[3.2032273,6.5404842],[3.2037743,6.5401359],[3.204167,6.5397597],[3.2044891,6.5395978],[3.2048121,6.5395646],[3.2055975,6.5395507],[3.2061305,6.5397039],[3.2068878,6.5395646],[3.208122,6.539481],[3.2089495,6.539481],[3.2094123,6.5393974],[3.2098751,6.5393138],[3.2100456,6.5392308]]},"properties":{"osm_id":"way/732685024","name":"Unnamed (OSM way/732685024)","named":false,"source":"OpenStreetMap contributors","source_tags":{"waterway":"stream"},"retrieved_at":"2026-09-06T12:43:12.245Z","confidence":"openstreetmap_mapped_unverified","field_verified":false,"layer":"osm_waterway","waterway_type":"stream","navigability":"unknown"}},{"type":"Feature","geometry":{"type":"LineString","coordinates":[[3.16697,6.4553849],[3.1658274,6.4555021],[3.1650925,6.4555128],[3.1633812,6.455806],[3.1624103,6.4558859],[3.1610477,6.4561098],[3.1605166,6.4561311],[3.1599534,6.4560032],[3.1593096,6.455742],[3.1589717,6.4555768],[3.1584138,6.4553316],[3.1580865,6.4552356],[3.1579846,6.4550544],[3.1579417,6.4549371],[3.1578129,6.4548038],[3.156704,6.4544888],[3.1565684,6.4543614],[3.1565899,6.4541589],[3.1570671,6.4525723]]},"properties":{"osm_id":"way/732942169","name":"Unnamed (OSM way/732942169)","named":false,"source":"OpenStreetMap contributors","source_tags":{"waterway":"stream"},"retrieved_at":"2026-09-06T12:43:12.245Z","confidence":"openstreetmap_mapped_unverified","field_verified":false,"layer":"osm_waterway","waterway_type":"stream","navigability":"unknown"}},{"type":"Feature","geometry":{"type":"LineString","coordinates":[[3.455573,6.6193904],[3.4557992,6.6188484],[3.4560967,6.6181861],[3.4562118,6.6179297],[3.4564779,6.6175727],[3.4565844,6.6173943],[3.4567108,6.6170241],[3.4573363,6.6158872],[3.4576956,6.6152395],[3.4578221,6.6151205],[3.458035,6.6150147],[3.4583411,6.6149883],[3.4586405,6.6148693],[3.4588401,6.6147107],[3.4588867,6.6143009],[3.45894,6.613706],[3.4589067,6.6127938],[3.4588335,6.6123906],[3.4587803,6.6116173],[3.4587536,6.6108175],[3.4587204,6.6105729],[3.4586139,6.610249],[3.4584143,6.6096608],[3.458361,6.6093369],[3.4583344,6.6088874],[3.4583145,6.6083917],[3.4583544,6.6081669],[3.458554,6.607691],[3.4589799,6.6068582]]},"properties":{"osm_id":"way/733583101","name":"Unnamed (OSM way/733583101)","named":false,"source":"OpenStreetMap contributors","source_tags":{"waterway":"canal"},"retrieved_at":"2026-09-06T12:43:12.245Z","confidence":"openstreetmap_mapped_unverified","field_verified":false,"layer":"osm_waterway","waterway_type":"canal","navigability":"unknown"}},{"type":"Feature","geometry":{"type":"LineString","coordinates":[[3.4242797,6.6293445],[3.4243119,6.6290301],[3.4246552,6.6286678],[3.4249985,6.6281296],[3.4250495,6.6276207],[3.4249717,6.6271678],[3.425138,6.6265283],[3.4254733,6.6256171],[3.4256396,6.6254093],[3.4260017,6.6250683],[3.426168,6.6248525],[3.4261948,6.6246953],[3.4260339,6.6245115],[3.4259024,6.624293],[3.4259077,6.6240985],[3.4261787,6.6237069],[3.4264791,6.6229608],[3.4266722,6.6227584],[3.4271014,6.6226624],[3.4277344,6.6227903],[3.4281957,6.6225772],[3.4285605,6.6221189],[3.4289467,6.6217779],[3.4293222,6.6216393],[3.430084,6.6215861],[3.4305775,6.6212663],[3.4310925,6.6208827],[3.4319937,6.6206589],[3.4329378,6.6202432],[3.4334225,6.6201305],[3.4341073,6.6199875],[3.4354162,6.6196145],[3.4359097,6.6195399],[3.4365642,6.6195718],[3.4372187,6.61938],[3.4380019,6.6191562],[3.4385061,6.6187832],[3.438828,6.6185807],[3.4392089,6.6183462],[3.4396005,6.6184635],[3.4399116,6.6185168],[3.44033,6.6181864],[3.4409952,6.6180159],[3.4416282,6.6180265],[3.4421325,6.6181864],[3.4425187,6.6178773],[3.4431088,6.6178347],[3.4435594,6.6175896],[3.4441066,6.6176855],[3.4446537,6.6173871],[3.4449756,6.6171686],[3.4453243,6.6172325],[3.4456515,6.6171047],[3.4459466,6.6168862],[3.4462255,6.6168329],[3.4465152,6.6168968],[3.4467727,6.6169874],[3.4471428,6.6166677],[3.4479046,6.6161934],[3.4486127,6.6158258],[3.4488219,6.6155806],[3.4489506,6.615506],[3.449589,6.6150531],[3.4501737,6.6145309],[3.4506458,6.6137103],[3.4511554,6.612442],[3.4515792,6.6123728],[3.4520888,6.612053],[3.4525341,6.6115681],[3.4527487,6.6110672],[3.45299,6.6106942],[3.4533817,6.6105343],[3.4540951,6.6104704],[3.4550446,6.6104224],[3.455565,6.6098469],[3.4557205,6.6095272],[3.4557259,6.6092821],[3.4555221,6.6088238],[3.4554952,6.6084348],[3.4555489,6.6079819],[3.455683,6.6079366],[3.4558922,6.6077847],[3.4562731,6.607473],[3.4564877,6.6071692],[3.4566361,6.6069899],[3.4572163,6.6068288],[3.4575063,6.606778],[3.4579414,6.6068119],[3.4586325,6.6068966],[3.4589799,6.6068582]]},"properties":{"osm_id":"way/733583102","name":"Unnamed (OSM way/733583102)","named":false,"source":"OpenStreetMap contributors","source_tags":{"waterway":"stream"},"retrieved_at":"2026-09-06T12:43:12.245Z","confidence":"openstreetmap_mapped_unverified","field_verified":false,"layer":"osm_waterway","waterway_type":"stream","navigability":"unknown"}},{"type":"Feature","geometry":{"type":"LineString","coordinates":[[3.3755764,6.6372593],[3.3757131,6.6369921],[3.3758895,6.6368038],[3.3760394,6.6365629],[3.3762686,6.6361906],[3.3765773,6.6356694],[3.3767537,6.6354592],[3.3769124,6.6353541],[3.3772078,6.6353541],[3.3777369,6.6352052],[3.377975,6.6350738],[3.3782705,6.6347497],[3.3785086,6.6344519],[3.3787114,6.6342942],[3.3790465,6.6341015],[3.379257,6.6338057],[3.3793992,6.63347],[3.3797157,6.6329744],[3.3798155,6.6327213],[3.3799249,6.632299],[3.3801041,6.6318796],[3.3803045,6.6314573],[3.3803308,6.6311972]]},"properties":{"osm_id":"way/733601647","name":"Unnamed (OSM way/733601647)","named":false,"source":"OpenStreetMap contributors","source_tags":{"waterway":"drain"},"retrieved_at":"2026-09-06T12:43:12.245Z","confidence":"openstreetmap_mapped_unverified","field_verified":false,"layer":"osm_waterway","waterway_type":"drain","navigability":"unknown"}},{"type":"Feature","geometry":{"type":"LineString","coordinates":[[3.404914,6.6093111],[3.4052762,6.6091569],[3.4056309,6.6089146],[3.4059191,6.608621],[3.4060964,6.6081512],[3.4061925,6.6076814],[3.4064586,6.6073437],[3.4066211,6.6071161],[3.4066655,6.6069473],[3.4066433,6.6068004],[3.4065103,6.6064774],[3.406429,6.6062939],[3.406429,6.6059856],[3.4065177,6.6057654],[3.406663,6.6055937],[3.4069463,6.6052588],[3.4076484,6.6044073],[3.4078479,6.6042605],[3.4081435,6.6042017],[3.4083874,6.6040916],[3.4085869,6.6038273],[3.4089121,6.6036071],[3.4092151,6.603475],[3.4092742,6.6032768],[3.409422,6.6029464],[3.4095624,6.6026381],[3.4094368,6.6021169],[3.4093555,6.6017498],[3.4095033,6.601302],[3.4094663,6.6011552],[3.4093924,6.6008395],[3.4093776,6.6006266],[3.4095033,6.6003624],[3.4097471,6.6000614],[3.4104344,6.5999146],[3.410767,6.5998485],[3.4109221,6.5997554],[3.4111217,6.5996356],[3.4113803,6.5992979],[3.4115799,6.5987987],[3.4119124,6.5977489],[3.4119937,6.5973231],[3.4119642,6.5969047],[3.411772,6.596545],[3.4114764,6.5961339],[3.4113783,6.5957841],[3.411271,6.595198]]},"properties":{"osm_id":"way/733621327","name":"Unnamed (OSM way/733621327)","named":false,"source":"OpenStreetMap contributors","source_tags":{"waterway":"drain"},"retrieved_at":"2026-09-06T12:43:12.245Z","confidence":"openstreetmap_mapped_unverified","field_verified":false,"layer":"osm_waterway","waterway_type":"drain","navigability":"unknown"}},{"type":"Feature","geometry":{"type":"LineString","coordinates":[[3.3979471,6.5980797],[3.3986909,6.5980118],[3.3997218,6.5978977],[3.3999215,6.597895],[3.4012104,6.5979269],[3.402418,6.5979461],[3.4024615,6.5979461],[3.4025725,6.5979317],[3.4027923,6.5978142],[3.4032246,6.5974975],[3.4035241,6.5973392],[3.4038646,6.5971688],[3.4045167,6.596821],[3.4047663,6.5967089]]},"properties":{"osm_id":"way/733621338","name":"Unnamed (OSM way/733621338)","named":false,"source":"OpenStreetMap contributors","source_tags":{"waterway":"drain"},"retrieved_at":"2026-09-06T12:43:12.245Z","confidence":"openstreetmap_mapped_unverified","field_verified":false,"layer":"osm_waterway","waterway_type":"drain","navigability":"unknown"}},{"type":"Feature","geometry":{"type":"LineString","coordinates":[[3.4013835,6.5834475],[3.4014909,6.5833867]]},"properties":{"osm_id":"way/733621389","name":"Unnamed (OSM way/733621389)","named":false,"source":"OpenStreetMap contributors","source_tags":{"layer":"-1","tunnel":"culvert","waterway":"drain"},"retrieved_at":"2026-09-06T12:43:12.245Z","confidence":"openstreetmap_mapped_unverified","field_verified":false,"layer":"osm_waterway","waterway_type":"drain","navigability":"unknown"}},{"type":"Feature","geometry":{"type":"LineString","coordinates":[[3.4014909,6.5833867],[3.4016247,6.583311],[3.4019878,6.5831907],[3.4023797,6.5831736],[3.4025527,6.5832194],[3.4026795,6.5833511],[3.4027006,6.5833807]]},"properties":{"osm_id":"way/733621390","name":"Unnamed (OSM way/733621390)","named":false,"source":"OpenStreetMap contributors","source_tags":{"waterway":"drain"},"retrieved_at":"2026-09-06T12:43:12.245Z","confidence":"openstreetmap_mapped_unverified","field_verified":false,"layer":"osm_waterway","waterway_type":"drain","navigability":"unknown"}},{"type":"Feature","geometry":{"type":"LineString","coordinates":[[3.4027006,6.5833807],[3.4027551,6.5834572]]},"properties":{"osm_id":"way/733621391","name":"Unnamed (OSM way/733621391)","named":false,"source":"OpenStreetMap contributors","source_tags":{"layer":"-1","tunnel":"culvert","waterway":"drain"},"retrieved_at":"2026-09-06T12:43:12.245Z","confidence":"openstreetmap_mapped_unverified","field_verified":false,"layer":"osm_waterway","waterway_type":"drain","navigability":"unknown"}},{"type":"Feature","geometry":{"type":"LineString","coordinates":[[3.4027551,6.5834572],[3.4028754,6.5836259],[3.4034668,6.5843509],[3.4037167,6.5849046],[3.4038534,6.5851165]]},"properties":{"osm_id":"way/733621392","name":"Unnamed (OSM way/733621392)","named":false,"source":"OpenStreetMap contributors","source_tags":{"waterway":"drain"},"retrieved_at":"2026-09-06T12:43:12.245Z","confidence":"openstreetmap_mapped_unverified","field_verified":false,"layer":"osm_waterway","waterway_type":"drain","navigability":"unknown"}},{"type":"Feature","geometry":{"type":"LineString","coordinates":[[3.4038534,6.5851165],[3.4039245,6.5852062]]},"properties":{"osm_id":"way/733621393","name":"Unnamed (OSM way/733621393)","named":false,"source":"OpenStreetMap contributors","source_tags":{"layer":"-1","tunnel":"culvert","waterway":"drain"},"retrieved_at":"2026-09-06T12:43:12.245Z","confidence":"openstreetmap_mapped_unverified","field_verified":false,"layer":"osm_waterway","waterway_type":"drain","navigability":"unknown"}},{"type":"Feature","geometry":{"type":"LineString","coordinates":[[3.4039245,6.5852062],[3.4042116,6.5855213],[3.4043648,6.5856272],[3.4045179,6.5856354],[3.4048379,6.585562],[3.4049719,6.5855349],[3.4050512,6.585524],[3.4052344,6.5854941],[3.4054286,6.585418],[3.405525,6.5853577]]},"properties":{"osm_id":"way/733621394","name":"Unnamed (OSM way/733621394)","named":false,"source":"OpenStreetMap contributors","source_tags":{"waterway":"drain"},"retrieved_at":"2026-09-06T12:43:12.245Z","confidence":"openstreetmap_mapped_unverified","field_verified":false,"layer":"osm_waterway","waterway_type":"drain","navigability":"unknown"}},{"type":"Feature","geometry":{"type":"LineString","coordinates":[[3.2095338,6.4953023],[3.2093235,6.4956226],[3.2093095,6.4959012],[3.2091903,6.4960892],[3.2088399,6.4961519],[3.2084543,6.4960892],[3.2078445,6.4961519],[3.2073749,6.4960962],[3.2066179,6.4958803],[3.2060501,6.4956992],[3.2056646,6.4956365],[3.2053211,6.4954973],[3.2048866,6.4954415],[3.2043749,6.4954485],[3.2042347,6.4953998],[3.2041366,6.4949889],[3.2039333,6.4938885],[3.2038778,6.4928695]]},"properties":{"osm_id":"way/733888714","name":"Unnamed (OSM way/733888714)","named":false,"source":"OpenStreetMap contributors","source_tags":{"waterway":"drain"},"retrieved_at":"2026-09-06T12:43:12.245Z","confidence":"openstreetmap_mapped_unverified","field_verified":false,"layer":"osm_waterway","waterway_type":"drain","navigability":"unknown"}},{"type":"Feature","geometry":{"type":"LineString","coordinates":[[3.3726379,6.4845208],[3.3728207,6.4852989],[3.3728403,6.4856686],[3.3728468,6.4858436],[3.3729904,6.4860836],[3.3732123,6.4864013],[3.373271,6.4865959],[3.3732253,6.486745],[3.3730883,6.4870693],[3.3730948,6.4874129],[3.3731078,6.4877242]]},"properties":{"osm_id":"way/734446299","name":"Unnamed (OSM way/734446299)","named":false,"source":"OpenStreetMap contributors","source_tags":{"waterway":"drain"},"retrieved_at":"2026-09-06T12:43:12.245Z","confidence":"openstreetmap_mapped_unverified","field_verified":false,"layer":"osm_waterway","waterway_type":"drain","navigability":"unknown"}},{"type":"Feature","geometry":{"type":"LineString","coordinates":[[3.3750919,6.4858436],[3.3749767,6.4859918],[3.3749331,6.4860451],[3.3748788,6.4860697],[3.3747984,6.4860969],[3.3747232,6.4861187],[3.3747309,6.4861535],[3.3746736,6.4862043],[3.3746085,6.4862603],[3.3745437,6.4862198],[3.3744841,6.4863383],[3.3744436,6.4865169],[3.3744325,6.4866084],[3.3743451,6.4866148],[3.3742548,6.486709],[3.3742278,6.4869323],[3.3741289,6.4871155],[3.3740714,6.487257],[3.3739716,6.4873254],[3.3736254,6.4874281],[3.3733512,6.4875443],[3.3731849,6.4876336],[3.3731078,6.4877242]]},"properties":{"osm_id":"way/734446300","name":"Unnamed (OSM way/734446300)","named":false,"source":"OpenStreetMap contributors","source_tags":{"waterway":"drain"},"retrieved_at":"2026-09-06T12:43:12.245Z","confidence":"openstreetmap_mapped_unverified","field_verified":false,"layer":"osm_waterway","waterway_type":"drain","navigability":"unknown"}},{"type":"Feature","geometry":{"type":"LineString","coordinates":[[3.3749728,6.4912331],[3.3745232,6.4912502],[3.3737854,6.4912789],[3.3734281,6.4912674],[3.3732955,6.4912101],[3.3730188,6.4908551],[3.3726096,6.4903182],[3.3722136,6.48983],[3.3719352,6.4894863],[3.3718287,6.4893389]]},"properties":{"osm_id":"way/734446303","name":"Unnamed (OSM way/734446303)","named":false,"source":"OpenStreetMap contributors","source_tags":{"waterway":"drain"},"retrieved_at":"2026-09-06T12:43:12.245Z","confidence":"openstreetmap_mapped_unverified","field_verified":false,"layer":"osm_waterway","waterway_type":"drain","navigability":"unknown"}},{"type":"Feature","geometry":{"type":"LineString","coordinates":[[3.3731078,6.4877242],[3.3729904,6.4884051],[3.3729186,6.4886256],[3.3726184,6.4887553],[3.3723573,6.4889693],[3.3718287,6.4893389],[3.3714501,6.4894556],[3.3703015,6.4894945],[3.3693486,6.489514],[3.3684675,6.4894751],[3.367854,6.4895594],[3.3673841,6.489715],[3.3667445,6.4900328],[3.3662485,6.4902921],[3.3658895,6.4904413],[3.3655371,6.4905126],[3.3651373,6.4905249]]},"properties":{"osm_id":"way/734446304","name":"Unnamed (OSM way/734446304)","named":false,"source":"OpenStreetMap contributors","source_tags":{"waterway":"stream"},"retrieved_at":"2026-09-06T12:43:12.245Z","confidence":"openstreetmap_mapped_unverified","field_verified":false,"layer":"osm_waterway","waterway_type":"stream","navigability":"unknown"}},{"type":"Feature","geometry":{"type":"LineString","coordinates":[[3.3915312,6.4952452],[3.3913835,6.4953152],[3.3913297,6.4954084],[3.391342,6.4954474],[3.3912976,6.4954852],[3.3912657,6.4955229],[3.3911956,6.4955849],[3.3911068,6.4956561],[3.3910207,6.4957237],[3.3909073,6.4958334],[3.3908356,6.4958423],[3.3907589,6.4958942],[3.3906878,6.4959772],[3.3903121,6.496201],[3.3903937,6.4963767],[3.3904602,6.4965609]]},"properties":{"osm_id":"way/734935249","name":"Unnamed (OSM way/734935249)","named":false,"source":"OpenStreetMap contributors","source_tags":{"waterway":"canal"},"retrieved_at":"2026-09-06T12:43:12.245Z","confidence":"openstreetmap_mapped_unverified","field_verified":false,"layer":"osm_waterway","waterway_type":"canal","navigability":"unknown"}},{"type":"Feature","geometry":{"type":"LineString","coordinates":[[3.3757163,6.5255495],[3.3759171,6.5257075],[3.3762347,6.5260672],[3.3764496,6.5262233],[3.3766702,6.5263019],[3.3771765,6.5264848],[3.3773229,6.5261606],[3.3773564,6.5261231],[3.3774233,6.5261481],[3.3779296,6.5264349],[3.3781304,6.5265139],[3.3784358,6.5264058],[3.3788166,6.526306],[3.3789756,6.5263559],[3.379065,6.5264135],[3.3791662,6.5264558],[3.3792602,6.5264495],[3.3793493,6.5264728],[3.379532,6.5264557],[3.3796241,6.5263642],[3.3797203,6.5258446],[3.3798045,6.5255832],[3.379861,6.5254853],[3.3801452,6.5253031],[3.3803856,6.5249468],[3.3808081,6.524344],[3.380988,6.524132],[3.3812307,6.5239741],[3.3819462,6.5235792],[3.3820717,6.5235624]]},"properties":{"osm_id":"way/735024471","name":"Unnamed (OSM way/735024471)","named":false,"source":"OpenStreetMap contributors","source_tags":{"waterway":"drain"},"retrieved_at":"2026-09-06T12:43:12.245Z","confidence":"openstreetmap_mapped_unverified","field_verified":false,"layer":"osm_waterway","waterway_type":"drain","navigability":"unknown"}},{"type":"Feature","geometry":{"type":"LineString","coordinates":[[3.3876592,6.5491114],[3.387501,6.549207],[3.3869233,6.5495487],[3.386545,6.5496102],[3.385871,6.5497195],[3.384691,6.5500402],[3.3841087,6.5501802],[3.383804,6.5502359],[3.3834224,6.5502593],[3.3823151,6.5503618],[3.3816342,6.5505053],[3.3808913,6.550683],[3.3805474,6.5507855],[3.3803824,6.5508948],[3.380305,6.5510085]]},"properties":{"osm_id":"way/735024477","name":"Unnamed (OSM way/735024477)","named":false,"source":"OpenStreetMap contributors","source_tags":{"waterway":"drain"},"retrieved_at":"2026-09-06T12:43:12.245Z","confidence":"openstreetmap_mapped_unverified","field_verified":false,"layer":"osm_waterway","waterway_type":"drain","navigability":"unknown"}},{"type":"Feature","geometry":{"type":"LineString","coordinates":[[3.352775,6.4784025],[3.3531397,6.4778055],[3.3536333,6.4770912],[3.3542234,6.4761425],[3.3546064,6.4753046],[3.3554432,6.4745157],[3.3554432,6.4740466],[3.3545837,6.4727119]]},"properties":{"osm_id":"way/735135642","name":"Unnamed (OSM way/735135642)","named":false,"source":"OpenStreetMap contributors","source_tags":{"waterway":"stream"},"retrieved_at":"2026-09-06T12:43:12.245Z","confidence":"openstreetmap_mapped_unverified","field_verified":false,"layer":"osm_waterway","waterway_type":"stream","navigability":"unknown"}},{"type":"Feature","geometry":{"type":"LineString","coordinates":[[3.3680001,6.4803371],[3.36831,6.4802719],[3.3686426,6.4801067],[3.3694084,6.4797309],[3.3698697,6.4794857],[3.3701594,6.4793498],[3.3703418,6.4793365],[3.3704598,6.4793338],[3.3706288,6.4793978],[3.3707414,6.4794617],[3.3708487,6.4794404],[3.3709587,6.4793684],[3.3710947,6.479266],[3.3715516,6.4788737],[3.3724811,6.478105],[3.3734535,6.4773398],[3.3743999,6.4765908],[3.3748535,6.4762114],[3.3752353,6.4758126],[3.3754767,6.4756051],[3.3762795,6.4750377],[3.3763839,6.4749501],[3.3765601,6.4748982],[3.376658,6.4748918],[3.3767657,6.4748755],[3.376787,6.4747101]]},"properties":{"osm_id":"way/735339473","name":"Unnamed (OSM way/735339473)","named":false,"source":"OpenStreetMap contributors","source_tags":{"waterway":"stream"},"retrieved_at":"2026-09-06T12:43:12.245Z","confidence":"openstreetmap_mapped_unverified","field_verified":false,"layer":"osm_waterway","waterway_type":"stream","navigability":"unknown"}},{"type":"Feature","geometry":{"type":"LineString","coordinates":[[3.2859974,6.5233658],[3.2856119,6.5231566],[3.2852144,6.5229023],[3.2841766,6.5220859],[3.283452,6.5214716],[3.282998,6.5210109],[3.2826406,6.5205406],[3.2823024,6.5198304],[3.2822928,6.5194465],[3.282515,6.5192737],[3.28294,6.5189474],[3.282998,6.5187746],[3.2828338,6.5184675],[3.2828241,6.5179588],[3.2831719,6.5174213],[3.2837708,6.5168358],[3.2841476,6.5165671],[3.2849301,6.5161544]]},"properties":{"osm_id":"way/736717958","name":"Unnamed (OSM way/736717958)","named":false,"source":"OpenStreetMap contributors","source_tags":{"waterway":"stream"},"retrieved_at":"2026-09-06T12:43:12.245Z","confidence":"openstreetmap_mapped_unverified","field_verified":false,"layer":"osm_waterway","waterway_type":"stream","navigability":"unknown"}},{"type":"Feature","geometry":{"type":"LineString","coordinates":[[3.2849301,6.5161544],[3.2853569,6.5160321]]},"properties":{"osm_id":"way/736717959","name":"Unnamed (OSM way/736717959)","named":false,"source":"OpenStreetMap contributors","source_tags":{"layer":"-1","tunnel":"culvert","waterway":"stream"},"retrieved_at":"2026-09-06T12:43:12.245Z","confidence":"openstreetmap_mapped_unverified","field_verified":false,"layer":"osm_waterway","waterway_type":"stream","navigability":"unknown"}},{"type":"Feature","geometry":{"type":"LineString","coordinates":[[3.2853569,6.5160321],[3.2857529,6.5157826],[3.286632,6.5148803],[3.2870184,6.5143813],[3.2872404,6.5141654],[3.287457,6.5140263],[3.2878829,6.5138676],[3.2880626,6.5136957],[3.2881291,6.5134511],[3.2881757,6.5123008],[3.2882473,6.5118755],[3.2883905,6.5115761],[3.2891816,6.5105356],[3.2897564,6.509565],[3.290146,6.5090982],[3.2906702,6.5081528],[3.290838,6.5078279],[3.2911449,6.5074081],[3.2915453,6.5069932],[3.2919166,6.5067402],[3.2922902,6.5064726]]},"properties":{"osm_id":"way/736717960","name":"Unnamed (OSM way/736717960)","named":false,"source":"OpenStreetMap contributors","source_tags":{"waterway":"stream"},"retrieved_at":"2026-09-06T12:43:12.245Z","confidence":"openstreetmap_mapped_unverified","field_verified":false,"layer":"osm_waterway","waterway_type":"stream","navigability":"unknown"}},{"type":"Feature","geometry":{"type":"LineString","coordinates":[[3.3067834,6.5193739],[3.3051579,6.5177831],[3.2999834,6.5133446],[3.2960926,6.509971],[3.2941368,6.5082978],[3.2932326,6.507407],[3.2922902,6.5064726],[3.2913565,6.5054082],[3.2909496,6.504727],[3.2907688,6.5043752],[3.2905126,6.5036865],[3.2903243,6.5030951],[3.2902263,6.5018074],[3.2901359,6.499876],[3.2901964,6.4963779],[3.2902135,6.4947504],[3.2902266,6.4926518],[3.290254,6.4882534],[3.2902416,6.4849183],[3.2902102,6.4846176],[3.2902168,6.4836507],[3.2902657,6.4827495],[3.2903283,6.4824569],[3.2909352,6.4806847],[3.291209,6.4800261],[3.2915131,6.4795898],[3.2939078,6.4757004],[3.2961497,6.4719099],[3.2991966,6.467184],[3.3001999,6.4653379],[3.3015252,6.4637133],[3.3028257,6.462741],[3.3049313,6.4613626],[3.3059718,6.4604519],[3.3074581,6.4589504],[3.308879,6.4571199],[3.310728,6.4556151],[3.3115702,6.4547536],[3.312301,6.4536582],[3.3133167,6.4514921],[3.3138616,6.4501505],[3.3155461,6.445966],[3.3173669,6.4410921],[3.3192991,6.4363536],[3.3203264,6.4334127],[3.3208313,6.431913]]},"properties":{"osm_id":"way/736717961","name":"Unnamed (OSM way/736717961)","named":false,"source":"OpenStreetMap contributors","source_tags":{"boat":"yes","waterway":"canal"},"retrieved_at":"2026-09-06T12:43:12.245Z","confidence":"openstreetmap_mapped_unverified","field_verified":false,"layer":"osm_waterway","waterway_type":"canal","navigability":"unknown"}},{"type":"Feature","geometry":{"type":"LineString","coordinates":[[3.2679362,6.4707983],[3.267923,6.4709294],[3.2676548,6.4711346],[3.2673275,6.4713278],[3.2674617,6.4720341],[3.2676608,6.4722227],[3.2686022,6.4726126],[3.2687567,6.4727758],[3.2686419,6.4731186],[3.2686601,6.4734957],[3.2688244,6.4740332],[3.2691721,6.4746859],[3.2699256,6.4756458],[3.2700319,6.4761066],[3.2700995,6.4770856],[3.2700609,6.4778151],[3.2701768,6.4780935],[3.2705439,6.4783335],[3.2716452,6.478487],[3.2752292,6.4785062],[3.2766783,6.4785446],[3.277625,6.478439],[3.2781563,6.4781223],[3.2787263,6.4780263],[3.2800111,6.4780455],[3.2802043,6.4780263],[3.2804265,6.4778631],[3.2810544,6.477268],[3.2813925,6.4771144],[3.2820591,6.4771432],[3.2825421,6.4771816],[3.2830058,6.4774696],[3.284194,6.4785254],[3.2855755,6.4797541],[3.2857976,6.4798788],[3.286271,6.4799268],[3.291209,6.4800261]]},"properties":{"osm_id":"way/736717962","name":"Unnamed (OSM way/736717962)","named":false,"source":"OpenStreetMap contributors","source_tags":{"waterway":"stream"},"retrieved_at":"2026-09-06T12:43:12.245Z","confidence":"openstreetmap_mapped_unverified","field_verified":false,"layer":"osm_waterway","waterway_type":"stream","navigability":"unknown"}},{"type":"Feature","geometry":{"type":"LineString","coordinates":[[3.286341,6.5682282],[3.2863115,6.568127],[3.2864778,6.5677806],[3.2866548,6.5673942],[3.2868211,6.5670718],[3.2868694,6.5667947],[3.2868506,6.5665948],[3.2866789,6.5663657],[3.286467,6.5661232],[3.2864403,6.5658821],[3.286472,6.5656395],[3.286443,6.5649437],[3.2864044,6.5647086],[3.2863126,6.5641519],[3.2863214,6.563448],[3.2864421,6.5627235],[3.2864952,6.5623156],[3.2865339,6.5621476],[3.286645,6.5620037],[3.2868285,6.561543],[3.2868962,6.5612887],[3.2868962,6.5610056],[3.2867271,6.5605833],[3.2865049,6.560233],[3.2862779,6.5599931],[3.2861523,6.5596428],[3.2859881,6.5592157],[3.2859253,6.5587407],[3.2858094,6.558376],[3.2856983,6.5579393],[3.2857417,6.5577042],[3.2859349,6.5573491],[3.2861282,6.5569124],[3.2864759,6.5565189],[3.2865629,6.5563558],[3.286645,6.5561974],[3.2865387,6.5559047],[3.2866015,6.5555448],[3.2865041,6.5552621],[3.286302,6.554705],[3.2862054,6.5543595],[3.2861765,6.554062],[3.2862248,6.5539948],[3.2862054,6.5537693],[3.286046,6.5532175],[3.2859398,6.5529871],[3.2858818,6.5526608],[3.2858383,6.5520514],[3.2857031,6.5514516],[3.2856113,6.5509861],[3.2856306,6.550679],[3.2856645,6.5502999],[3.2857949,6.5498104],[3.2858335,6.5495657],[3.2860074,6.5482653],[3.2861958,6.5476126],[3.2860654,6.5470992],[3.2859832,6.5468832],[3.28579,6.5465089],[3.2855727,6.5463554],[3.2853505,6.5462402],[3.2853118,6.5460675],[3.2852974,6.545674],[3.2854085,6.5454532],[3.2859446,6.5448726],[3.2862296,6.5444263],[3.2863938,6.5441624],[3.2868189,6.5435529],[3.287099,6.5429243],[3.2875144,6.5420941],[3.2877897,6.5412207],[3.2879202,6.540309],[3.2880892,6.539378],[3.288123,6.5392101],[3.2881305,6.5389744]]},"properties":{"osm_id":"way/737425210","name":"Unnamed (OSM way/737425210)","named":false,"source":"OpenStreetMap contributors","source_tags":{"waterway":"drain"},"retrieved_at":"2026-09-06T12:43:12.245Z","confidence":"openstreetmap_mapped_unverified","field_verified":false,"layer":"osm_waterway","waterway_type":"drain","navigability":"unknown"}},{"type":"Feature","geometry":{"type":"LineString","coordinates":[[3.2607669,6.7029919],[3.260803,6.7025572],[3.2606906,6.7022103],[3.260538,6.7020628],[3.2604497,6.7019232],[3.2604096,6.7017398],[3.2604658,6.7012095],[3.2603694,6.7008905],[3.260257,6.7005396],[3.2602731,6.7001249],[3.2602048,6.6997979],[3.2601084,6.6995427],[3.2599438,6.6990403],[3.2598555,6.6985977],[3.2598635,6.6982468],[3.2598756,6.6979118],[3.2596708,6.6972459],[3.2595705,6.6964763],[3.2594299,6.6962809],[3.2593496,6.6959579],[3.2592488,6.6951502],[3.2592506,6.6947185],[3.2594701,6.694339],[3.2595945,6.6939443],[3.259602,6.6936259],[3.2595417,6.6928723],[3.259446,6.692668],[3.2594885,6.692506],[3.2595594,6.6923722],[3.2595453,6.6919778],[3.2595098,6.691682],[3.2593006,6.6913932],[3.2589921,6.6910023],[3.258724,6.6906066],[3.2584006,6.690187],[3.25813,6.689702],[3.2581168,6.6892955],[3.2582092,6.6890137],[3.2580444,6.6886188],[3.2579024,6.6880028],[3.2578426,6.6874535],[3.2578351,6.6872308],[3.2576258,6.6862956],[3.2573296,6.6853735],[3.2572248,6.6850364],[3.2571314,6.6848769],[3.2569607,6.6847146],[3.2568411,6.6845662],[3.2568636,6.6841134],[3.2569347,6.6833506],[3.2569234,6.683141],[3.2568522,6.6829281],[3.2566953,6.6827758],[3.2563548,6.6823105],[3.256296,6.6820861],[3.2561312,6.6819979],[3.2559219,6.6817975],[3.2555046,6.6815649],[3.2552792,6.6814264],[3.2550015,6.680936],[3.2547805,6.6804736],[3.2544947,6.6801079],[3.2542315,6.6796478],[3.2540436,6.6793448],[3.2539297,6.679199],[3.2538892,6.6790141],[3.2538192,6.6788072],[3.2537696,6.6785836],[3.2535094,6.6782685],[3.2530994,6.6779131],[3.2529027,6.6775592],[3.2528504,6.6771064],[3.252671,6.6768912],[3.2523123,6.6766685],[3.251976,6.67629],[3.2518041,6.6760227],[3.2514529,6.6758669],[3.2509895,6.6756516],[3.2507898,6.675494],[3.250444,6.6752211],[3.250145,6.6747089],[3.2499871,6.674398],[3.2498476,6.6739744],[3.2497952,6.6734328],[3.2496452,6.6731709],[3.2495361,6.6730851],[3.2492724,6.6729677],[3.2488224,6.6727464],[3.2487042,6.67262],[3.2484905,6.6724258],[3.2482132,6.6721956],[3.2480768,6.672024],[3.2478949,6.6716221],[3.2477168,6.6709997],[3.2476236,6.6707855],[3.2474079,6.6705887],[3.2471106,6.6703571],[3.2469941,6.6702413],[3.2468892,6.669865],[3.2464054,6.6690256],[3.2463121,6.6689271],[3.2460201,6.668617],[3.2458699,6.6683985],[3.2455963,6.6677565],[3.245438,6.6674235],[3.2452862,6.6671672],[3.245202,6.6667775],[3.2451873,6.6665057],[3.2451363,6.6660289],[3.2449365,6.6656561],[3.2446392,6.6653261],[3.2444702,6.6651698],[3.2442545,6.6650946],[3.2440972,6.6651814],[3.2440156,6.6651988],[3.2437474,6.6650598],[3.2434152,6.6647762],[3.2432636,6.6645677],[3.243083,6.6640814],[3.243013,6.663873],[3.2430247,6.6636241],[3.2429999,6.6633284],[3.2428918,6.6630728],[3.2427528,6.6629603],[3.2424233,6.6630063],[3.2420939,6.6630216],[3.2419858,6.6629705],[3.2418931,6.662858],[3.2416203,6.6626842],[3.2415174,6.6624694],[3.2414453,6.662224],[3.2414865,6.6620297],[3.2416255,6.6618354],[3.2418365,6.6616207],[3.2418281,6.6612579],[3.2418398,6.6610825],[3.241852,6.6609151],[3.241749,6.6604601],[3.2417233,6.6601226],[3.241574,6.6596778],[3.2413475,6.6593148],[3.2412754,6.6590182],[3.2411313,6.658737],[3.2410283,6.658512],[3.2409871,6.6582359],[3.2409871,6.6579189],[3.2408842,6.6575815],[3.2406474,6.6570957],[3.2405342,6.6569066],[3.2404502,6.656688],[3.2403167,6.6561184]]},"properties":{"osm_id":"way/737431093","name":"Unnamed (OSM way/737431093)","named":false,"source":"OpenStreetMap contributors","source_tags":{"surface":"unpaved","waterway":"stream"},"retrieved_at":"2026-09-06T12:43:12.245Z","confidence":"openstreetmap_mapped_unverified","field_verified":false,"layer":"osm_waterway","waterway_type":"stream","navigability":"unknown"}},{"type":"Feature","geometry":{"type":"LineString","coordinates":[[3.451786,6.4553943],[3.4517973,6.4552049]]},"properties":{"osm_id":"way/738495552","name":"Unnamed (OSM way/738495552)","named":false,"source":"OpenStreetMap contributors","source_tags":{"layer":"-1","tunnel":"culvert","waterway":"drain"},"retrieved_at":"2026-09-06T12:43:12.245Z","confidence":"openstreetmap_mapped_unverified","field_verified":false,"layer":"osm_waterway","waterway_type":"drain","navigability":"unknown"}},{"type":"Feature","geometry":{"type":"LineString","coordinates":[[3.5426618,6.4513695],[3.5426584,6.4515827]]},"properties":{"osm_id":"way/739554783","name":"Unnamed (OSM way/739554783)","named":false,"source":"OpenStreetMap contributors","source_tags":{"waterway":"drain"},"retrieved_at":"2026-09-06T12:43:12.245Z","confidence":"openstreetmap_mapped_unverified","field_verified":false,"layer":"osm_waterway","waterway_type":"drain","navigability":"unknown"}},{"type":"Feature","geometry":{"type":"LineString","coordinates":[[3.5426635,6.4512575],[3.5426618,6.4513695]]},"properties":{"osm_id":"way/739554784","name":"Unnamed (OSM way/739554784)","named":false,"source":"OpenStreetMap contributors","source_tags":{"layer":"-1","tunnel":"culvert","waterway":"drain"},"retrieved_at":"2026-09-06T12:43:12.245Z","confidence":"openstreetmap_mapped_unverified","field_verified":false,"layer":"osm_waterway","waterway_type":"drain","navigability":"unknown"}},{"type":"Feature","geometry":{"type":"LineString","coordinates":[[3.5426564,6.4517107],[3.5426144,6.4543629]]},"properties":{"osm_id":"way/739554785","name":"Unnamed (OSM way/739554785)","named":false,"source":"OpenStreetMap contributors","source_tags":{"waterway":"drain"},"retrieved_at":"2026-09-06T12:43:12.245Z","confidence":"openstreetmap_mapped_unverified","field_verified":false,"layer":"osm_waterway","waterway_type":"drain","navigability":"unknown"}},{"type":"Feature","geometry":{"type":"LineString","coordinates":[[3.5426584,6.4515827],[3.5426564,6.4517107]]},"properties":{"osm_id":"way/739554786","name":"Unnamed (OSM way/739554786)","named":false,"source":"OpenStreetMap contributors","source_tags":{"layer":"-1","tunnel":"culvert","waterway":"drain"},"retrieved_at":"2026-09-06T12:43:12.245Z","confidence":"openstreetmap_mapped_unverified","field_verified":false,"layer":"osm_waterway","waterway_type":"drain","navigability":"unknown"}},{"type":"Feature","geometry":{"type":"LineString","coordinates":[[3.377416,6.614435],[3.3775027,6.6142905],[3.3776142,6.6141582],[3.3777319,6.6139091],[3.3778279,6.6135953],[3.3778898,6.6133093],[3.3780539,6.6129648],[3.3782112,6.6126847],[3.3784188,6.6123147],[3.3785308,6.6121427],[3.3785868,6.6120922],[3.3787802,6.6119759],[3.378892,6.611959],[3.3790144,6.6119405],[3.3794521,6.611895],[3.3798695,6.6119304],[3.3802869,6.6120821],[3.3806549,6.6121619],[3.3809777,6.612202],[3.3819259,6.6124596],[3.3823956,6.6125198],[3.3830873,6.6125684],[3.3833351,6.6125999],[3.3836262,6.6127459],[3.3838827,6.6128261],[3.3840642,6.6128404],[3.3843697,6.612806],[3.384704,6.6128261],[3.3851363,6.612786],[3.386243,6.6127516],[3.3865773,6.6127402],[3.3866464,6.6126972],[3.3871254,6.6126162],[3.3872517,6.6125949],[3.3874573,6.6126078],[3.387697,6.6126774]]},"properties":{"osm_id":"way/741208570","name":"Unnamed (OSM way/741208570)","named":false,"source":"OpenStreetMap contributors","source_tags":{"waterway":"drain"},"retrieved_at":"2026-09-06T12:43:12.245Z","confidence":"openstreetmap_mapped_unverified","field_verified":false,"layer":"osm_waterway","waterway_type":"drain","navigability":"unknown"}},{"type":"Feature","geometry":{"type":"LineString","coordinates":[[3.3736321,6.6120851],[3.3738241,6.6120605],[3.3741523,6.6119313],[3.3743691,6.6118205],[3.3745239,6.6117067],[3.3747592,6.6116021],[3.3749481,6.6115837],[3.3751711,6.6116391],[3.3754652,6.6116606],[3.3756324,6.6116821],[3.3758182,6.6117406],[3.3759359,6.6118052],[3.3761867,6.611839],[3.3765707,6.6118328],[3.3766853,6.6117806],[3.3767874,6.6115868],[3.3768865,6.6114053],[3.376967,6.6113776],[3.3770495,6.6114096],[3.3775738,6.6117686],[3.377808,6.6119],[3.3782814,6.6120416],[3.3785308,6.6121427]]},"properties":{"osm_id":"way/741208571","name":"Unnamed (OSM way/741208571)","named":false,"source":"OpenStreetMap contributors","source_tags":{"waterway":"drain"},"retrieved_at":"2026-09-06T12:43:12.245Z","confidence":"openstreetmap_mapped_unverified","field_verified":false,"layer":"osm_waterway","waterway_type":"drain","navigability":"unknown"}},{"type":"Feature","geometry":{"type":"LineString","coordinates":[[3.3749343,6.6092247],[3.3753436,6.6093679],[3.3754732,6.609428],[3.3755655,6.6095024],[3.3757759,6.609637],[3.3759344,6.6097372],[3.3759962,6.609833],[3.3762066,6.6100943],[3.3763819,6.6102893],[3.3764075,6.610304]]},"properties":{"osm_id":"way/741208579","name":"Unnamed (OSM way/741208579)","named":false,"source":"OpenStreetMap contributors","source_tags":{"waterway":"drain"},"retrieved_at":"2026-09-06T12:43:12.245Z","confidence":"openstreetmap_mapped_unverified","field_verified":false,"layer":"osm_waterway","waterway_type":"drain","navigability":"unknown"}},{"type":"Feature","geometry":{"type":"LineString","coordinates":[[3.3779562,6.6114874],[3.3780894,6.6116163],[3.3781736,6.611679],[3.3784506,6.6117869],[3.3787346,6.6118775],[3.378892,6.611959]]},"properties":{"osm_id":"way/741208580","name":"Unnamed (OSM way/741208580)","named":false,"source":"OpenStreetMap contributors","source_tags":{"waterway":"drain"},"retrieved_at":"2026-09-06T12:43:12.245Z","confidence":"openstreetmap_mapped_unverified","field_verified":false,"layer":"osm_waterway","waterway_type":"drain","navigability":"unknown"}},{"type":"Feature","geometry":{"type":"LineString","coordinates":[[3.3778931,6.611423],[3.3779562,6.6114874]]},"properties":{"osm_id":"way/741208581","name":"Unnamed (OSM way/741208581)","named":false,"source":"OpenStreetMap contributors","source_tags":{"layer":"-1","tunnel":"culvert","waterway":"drain"},"retrieved_at":"2026-09-06T12:43:12.245Z","confidence":"openstreetmap_mapped_unverified","field_verified":false,"layer":"osm_waterway","waterway_type":"drain","navigability":"unknown"}},{"type":"Feature","geometry":{"type":"LineString","coordinates":[[3.3764075,6.610304],[3.3765397,6.6103798]]},"properties":{"osm_id":"way/741208582","name":"Unnamed (OSM way/741208582)","named":false,"source":"OpenStreetMap contributors","source_tags":{"waterway":"drain"},"retrieved_at":"2026-09-06T12:43:12.245Z","confidence":"openstreetmap_mapped_unverified","field_verified":false,"layer":"osm_waterway","waterway_type":"drain","navigability":"unknown"}},{"type":"Feature","geometry":{"type":"LineString","coordinates":[[3.3765397,6.6103798],[3.3766519,6.6104251],[3.3771427,6.6107386],[3.3773812,6.6109301],[3.3774268,6.6110904],[3.3775179,6.6111635],[3.37783,6.6113585],[3.3778931,6.611423]]},"properties":{"osm_id":"way/741208583","name":"Unnamed (OSM way/741208583)","named":false,"source":"OpenStreetMap contributors","source_tags":{"waterway":"drain"},"retrieved_at":"2026-09-06T12:43:12.245Z","confidence":"openstreetmap_mapped_unverified","field_verified":false,"layer":"osm_waterway","waterway_type":"drain","navigability":"unknown"}},{"type":"Feature","geometry":{"type":"LineString","coordinates":[[3.386818,6.5616267],[3.3869332,6.5619955],[3.386914,6.5623771],[3.3868308,6.5631657],[3.3867603,6.5638143],[3.3867859,6.5641132],[3.3869268,6.5646283],[3.387106,6.5650226],[3.3871188,6.5653533],[3.3872789,6.5656585],[3.3876245,6.566021],[3.388111,6.566517],[3.3882198,6.5666442],[3.3885079,6.5671275],[3.3887511,6.5674688],[3.3888024,6.5675409],[3.38902,6.5676744],[3.3892761,6.5677889],[3.3894297,6.5679479],[3.3895577,6.5682213],[3.3896352,6.5683306]]},"properties":{"osm_id":"way/741212634","name":"Unnamed (OSM way/741212634)","named":false,"source":"OpenStreetMap contributors","source_tags":{"waterway":"drain"},"retrieved_at":"2026-09-06T12:43:12.245Z","confidence":"openstreetmap_mapped_unverified","field_verified":false,"layer":"osm_waterway","waterway_type":"drain","navigability":"unknown"}},{"type":"Feature","geometry":{"type":"LineString","coordinates":[[3.2473808,6.4519679],[3.2470438,6.451975],[3.2465415,6.4520046],[3.2461062,6.4520009],[3.2457974,6.4520564],[3.2447966,6.4520859],[3.2434015,6.4521155],[3.242955,6.4521229],[3.2423077,6.4521599]]},"properties":{"osm_id":"way/741331498","name":"Unnamed (OSM way/741331498)","named":false,"source":"OpenStreetMap contributors","source_tags":{"waterway":"drain"},"retrieved_at":"2026-09-06T12:43:12.245Z","confidence":"openstreetmap_mapped_unverified","field_verified":false,"layer":"osm_waterway","waterway_type":"drain","navigability":"unknown"}},{"type":"Feature","geometry":{"type":"LineString","coordinates":[[3.2306337,6.4509272],[3.2304795,6.4509188]]},"properties":{"osm_id":"way/741331499","name":"Unnamed (OSM way/741331499)","named":false,"source":"OpenStreetMap contributors","source_tags":{"layer":"-1","tunnel":"culvert","waterway":"drain"},"retrieved_at":"2026-09-06T12:43:12.245Z","confidence":"openstreetmap_mapped_unverified","field_verified":false,"layer":"osm_waterway","waterway_type":"drain","navigability":"unknown"}},{"type":"Feature","geometry":{"type":"LineString","coordinates":[[3.2304795,6.4509188],[3.2300363,6.450978]]},"properties":{"osm_id":"way/741331500","name":"Unnamed (OSM way/741331500)","named":false,"source":"OpenStreetMap contributors","source_tags":{"waterway":"drain"},"retrieved_at":"2026-09-06T12:43:12.245Z","confidence":"openstreetmap_mapped_unverified","field_verified":false,"layer":"osm_waterway","waterway_type":"drain","navigability":"unknown"}},{"type":"Feature","geometry":{"type":"LineString","coordinates":[[3.2423077,6.4521599],[3.2420286,6.4521673]]},"properties":{"osm_id":"way/741331501","name":"Unnamed (OSM way/741331501)","named":false,"source":"OpenStreetMap contributors","source_tags":{"layer":"-1","tunnel":"culvert","waterway":"drain"},"retrieved_at":"2026-09-06T12:43:12.245Z","confidence":"openstreetmap_mapped_unverified","field_verified":false,"layer":"osm_waterway","waterway_type":"drain","navigability":"unknown"}},{"type":"Feature","geometry":{"type":"LineString","coordinates":[[3.2420286,6.4521673],[3.2413329,6.4521673],[3.2407339,6.4520712],[3.2401349,6.4517939],[3.2393796,6.451487],[3.2386132,6.4512135],[3.237951,6.4509695],[3.2374992,6.4508429],[3.2370622,6.4508103],[3.2360666,6.450918],[3.2347858,6.4510253],[3.2332792,6.4511195],[3.2327112,6.4511375],[3.2320201,6.4510851],[3.2312042,6.4510065],[3.2307589,6.4509406],[3.2306337,6.4509272]]},"properties":{"osm_id":"way/741331502","name":"Unnamed (OSM way/741331502)","named":false,"source":"OpenStreetMap contributors","source_tags":{"waterway":"drain"},"retrieved_at":"2026-09-06T12:43:12.245Z","confidence":"openstreetmap_mapped_unverified","field_verified":false,"layer":"osm_waterway","waterway_type":"drain","navigability":"unknown"}},{"type":"Feature","geometry":{"type":"LineString","coordinates":[[3.3210351,6.62506],[3.3208175,6.6247846],[3.3205658,6.6244117],[3.3204123,6.6241998],[3.3202928,6.6240939],[3.3199508,6.623893],[3.319868,6.6238594]]},"properties":{"osm_id":"way/741343413","name":"Unnamed (OSM way/741343413)","named":false,"source":"OpenStreetMap contributors","source_tags":{"waterway":"drain"},"retrieved_at":"2026-09-06T12:43:12.245Z","confidence":"openstreetmap_mapped_unverified","field_verified":false,"layer":"osm_waterway","waterway_type":"drain","navigability":"unknown"}},{"type":"Feature","geometry":{"type":"LineString","coordinates":[[3.3194141,6.6233833],[3.3193443,6.6232681],[3.3192125,6.6229388]]},"properties":{"osm_id":"way/741343414","name":"Unnamed (OSM way/741343414)","named":false,"source":"OpenStreetMap contributors","source_tags":{"waterway":"drain"},"retrieved_at":"2026-09-06T12:43:12.245Z","confidence":"openstreetmap_mapped_unverified","field_verified":false,"layer":"osm_waterway","waterway_type":"drain","navigability":"unknown"}},{"type":"Feature","geometry":{"type":"LineString","coordinates":[[3.319868,6.6238594],[3.3194141,6.6233833]]},"properties":{"osm_id":"way/741343415","name":"Unnamed (OSM way/741343415)","named":false,"source":"OpenStreetMap contributors","source_tags":{"layer":"-1","tunnel":"culvert","waterway":"drain"},"retrieved_at":"2026-09-06T12:43:12.245Z","confidence":"openstreetmap_mapped_unverified","field_verified":false,"layer":"osm_waterway","waterway_type":"drain","navigability":"unknown"}},{"type":"Feature","geometry":{"type":"LineString","coordinates":[[3.3188922,6.6221043],[3.3187641,6.6219284],[3.3185645,6.6217189],[3.318523,6.6216702],[3.3184251,6.6215841],[3.3182292,6.6213746],[3.3181991,6.6212511],[3.3182782,6.6210939],[3.3183444,6.6208783],[3.3183765,6.6206142],[3.3183742,6.6204093],[3.3183719,6.6201521],[3.318404,6.6199108],[3.3184097,6.6198528]]},"properties":{"osm_id":"way/741343416","name":"Unnamed (OSM way/741343416)","named":false,"source":"OpenStreetMap contributors","source_tags":{"waterway":"drain"},"retrieved_at":"2026-09-06T12:43:12.245Z","confidence":"openstreetmap_mapped_unverified","field_verified":false,"layer":"osm_waterway","waterway_type":"drain","navigability":"unknown"}},{"type":"Feature","geometry":{"type":"LineString","coordinates":[[3.31896,6.6222128],[3.3188922,6.6221043]]},"properties":{"osm_id":"way/741343417","name":"Unnamed (OSM way/741343417)","named":false,"source":"OpenStreetMap contributors","source_tags":{"layer":"-1","tunnel":"culvert","waterway":"drain"},"retrieved_at":"2026-09-06T12:43:12.245Z","confidence":"openstreetmap_mapped_unverified","field_verified":false,"layer":"osm_waterway","waterway_type":"drain","navigability":"unknown"}},{"type":"Feature","geometry":{"type":"LineString","coordinates":[[3.3192125,6.6229388],[3.3191936,6.6228378]]},"properties":{"osm_id":"way/741343418","name":"Unnamed (OSM way/741343418)","named":false,"source":"OpenStreetMap contributors","source_tags":{"layer":"-1","tunnel":"culvert","waterway":"drain"},"retrieved_at":"2026-09-06T12:43:12.245Z","confidence":"openstreetmap_mapped_unverified","field_verified":false,"layer":"osm_waterway","waterway_type":"drain","navigability":"unknown"}},{"type":"Feature","geometry":{"type":"LineString","coordinates":[[3.3191936,6.6228378],[3.3190429,6.6224224],[3.31896,6.6222128]]},"properties":{"osm_id":"way/741343419","name":"Unnamed (OSM way/741343419)","named":false,"source":"OpenStreetMap contributors","source_tags":{"waterway":"drain"},"retrieved_at":"2026-09-06T12:43:12.245Z","confidence":"openstreetmap_mapped_unverified","field_verified":false,"layer":"osm_waterway","waterway_type":"drain","navigability":"unknown"}},{"type":"Feature","geometry":{"type":"LineString","coordinates":[[3.3281318,6.6572558],[3.3282613,6.6567495],[3.3283796,6.6566431],[3.3285785,6.6565224],[3.3289143,6.656214],[3.3293615,6.6558707],[3.3296739,6.655678],[3.3297907,6.6553876],[3.3301106,6.6551884],[3.3304235,6.6549481],[3.3305175,6.6548401],[3.3305998,6.6546621],[3.3306556,6.6544373],[3.3308372,6.654408],[3.3309886,6.6541606],[3.3310699,6.6539266],[3.3312903,6.6535997],[3.3313755,6.6534801],[3.3313872,6.6533779],[3.3313784,6.652981],[3.3313755,6.6527942],[3.3313657,6.6524956],[3.3313755,6.652301],[3.331399,6.6522251],[3.33159,6.6520267],[3.3317869,6.6516619],[3.3319602,6.6513],[3.3321483,6.6509906],[3.3323745,6.6507221],[3.332589,6.6505704],[3.3329592,6.6503865],[3.3334382,6.6501647],[3.3337261,6.6499137],[3.3339847,6.6496861],[3.3342021,6.649581],[3.3346781,6.6493913],[3.3350366,6.6492454]]},"properties":{"osm_id":"way/741343449","name":"Unnamed (OSM way/741343449)","named":false,"source":"OpenStreetMap contributors","source_tags":{"waterway":"drain"},"retrieved_at":"2026-09-06T12:43:12.245Z","confidence":"openstreetmap_mapped_unverified","field_verified":false,"layer":"osm_waterway","waterway_type":"drain","navigability":"unknown"}},{"type":"Feature","geometry":{"type":"LineString","coordinates":[[3.3326748,6.6444202],[3.3326788,6.6448061],[3.3325626,6.6451332],[3.3324832,6.6454104],[3.332495,6.6455067],[3.3325772,6.6455972],[3.3326566,6.6456964],[3.332777,6.6459825],[3.3329357,6.6464115],[3.3329886,6.6466596],[3.3330297,6.6468113],[3.3331928,6.6470879],[3.3331847,6.6472537],[3.3331649,6.6474271],[3.3333294,6.6477686],[3.3334117,6.6479349],[3.3334117,6.6480955],[3.3333706,6.6482151],[3.3333676,6.6482881],[3.3334822,6.648469],[3.3337408,6.6488922],[3.3338143,6.6490002],[3.3339641,6.6490527],[3.3346047,6.649152],[3.3350366,6.6492454],[3.3355772,6.6493154],[3.3358064,6.6493242],[3.3362001,6.6492395],[3.3365086,6.6492016],[3.337349,6.6492016],[3.3377075,6.6492162],[3.3379278,6.6493125],[3.3381717,6.6493971],[3.3385625,6.649473],[3.3389739,6.649724],[3.3394675,6.6501209],[3.3400463,6.6504624],[3.3404988,6.6507104],[3.3412775,6.6513058],[3.3415889,6.6514693],[3.3417859,6.6515762],[3.3421187,6.6518601],[3.3424651,6.6523073],[3.3425434,6.6524006],[3.3426522,6.6525101],[3.3428108,6.6526626],[3.3433771,6.652877],[3.3438761,6.6530253],[3.3447933,6.6532711],[3.3462223,6.6537371],[3.3467385,6.6539363],[3.3470029,6.654182],[3.3473655,6.6547074],[3.3479286,6.6560124],[3.3481803,6.6562666],[3.3485258,6.6564573],[3.3487775,6.6566268],[3.3489695,6.6568302],[3.3494003,6.6571013],[3.3498866,6.657453],[3.3500828,6.6575589],[3.3503772,6.6576013],[3.3507739,6.6577792],[3.3512602,6.6579445],[3.3515633,6.6580727]]},"properties":{"osm_id":"way/741343455","name":"Unnamed (OSM way/741343455)","named":false,"source":"OpenStreetMap contributors","source_tags":{"waterway":"drain"},"retrieved_at":"2026-09-06T12:43:12.245Z","confidence":"openstreetmap_mapped_unverified","field_verified":false,"layer":"osm_waterway","waterway_type":"drain","navigability":"unknown"}},{"type":"Feature","geometry":{"type":"LineString","coordinates":[[3.3389553,6.6715106],[3.338913,6.6714409],[3.3389371,6.6711984],[3.3392328,6.6709424],[3.3395371,6.670597],[3.3401361,6.6695751],[3.3408509,6.6683469],[3.3410779,6.6679967],[3.3414982,6.6676561],[3.3418314,6.6672339],[3.3424159,6.6663799],[3.3425367,6.6660873],[3.3426767,6.6656987],[3.3427878,6.6655308],[3.3429424,6.6654012],[3.3433626,6.6649215],[3.3435751,6.6646432],[3.3439857,6.6643266],[3.3441548,6.6641059],[3.3443721,6.6637029],[3.3445943,6.6633767],[3.3447489,6.6631944],[3.3448551,6.6629017],[3.3448503,6.6626331],[3.3448551,6.6624028],[3.3448986,6.6622684],[3.3450484,6.6621389],[3.3451836,6.6621245],[3.3456376,6.6621293],[3.3457681,6.6619422],[3.3459226,6.6617695],[3.3461641,6.6615056],[3.3464588,6.6613425],[3.3473041,6.6606469],[3.347589,6.6603398],[3.3484692,6.6593441],[3.34877,6.6591485],[3.3490326,6.6590725],[3.349399,6.6590942],[3.3496943,6.659192],[3.3498529,6.6591866],[3.35011,6.6590073],[3.3503452,6.6587031],[3.3507773,6.6583771],[3.3512804,6.6582196],[3.3515101,6.6581435],[3.3515633,6.6580727],[3.3517727,6.658062],[3.3521336,6.6580892],[3.352429,6.6580077],[3.3527134,6.6577144],[3.3528829,6.6575297],[3.3532166,6.6574536],[3.3535994,6.6574536],[3.3538893,6.6573287],[3.3541354,6.6572798],[3.3545948,6.6574047],[3.3549503,6.6576166],[3.3555356,6.6576872],[3.3561317,6.6578013],[3.3563177,6.6579751],[3.356531,6.6580023],[3.3570177,6.6581381],[3.3573186,6.6580783],[3.3575373,6.6577198],[3.357778,6.6574482],[3.3581827,6.6573341],[3.3585109,6.6573178],[3.3590961,6.6573069],[3.359293,6.6575949],[3.3593149,6.6579099],[3.3594571,6.6580512],[3.3600477,6.6582359],[3.3604798,6.6582576],[3.3609228,6.6585564],[3.3611416,6.6586596],[3.3613932,6.6585727],[3.3616229,6.6584423],[3.3618143,6.6585781],[3.3621097,6.6586053],[3.3626566,6.6586868],[3.3632965,6.6587302],[3.3634934,6.658991],[3.363838,6.6593224],[3.3640349,6.6594636],[3.3642318,6.6595342],[3.364456,6.6596918],[3.3646091,6.6597895],[3.3648443,6.6597244],[3.3648662,6.6595831],[3.3648498,6.6593821],[3.3647842,6.6591866],[3.3648881,6.6590942],[3.3651506,6.6590073],[3.3656975,6.6589421],[3.3663538,6.6594364],[3.3670211,6.6598873],[3.3675297,6.6601046],[3.3678415,6.6600938],[3.3681861,6.6600503],[3.3684377,6.6602296],[3.3689624,6.660428],[3.3696498,6.6604526],[3.3702072,6.6604957],[3.3706593,6.6604465],[3.3711114,6.6602189],[3.3714458,6.6598744],[3.3716254,6.659573],[3.371836,6.6590009],[3.3720837,6.6588656],[3.3723871,6.6587795],[3.3726968,6.6586073],[3.3731798,6.6582874],[3.3735266,6.6579122],[3.3738239,6.6575308],[3.3739347,6.65711],[3.3737639,6.6563866],[3.3732064,6.6557079],[3.3730536,6.6551899],[3.3730805,6.6545112],[3.3730716,6.6536896],[3.3732211,6.6532078],[3.3731794,6.6526894],[3.3730431,6.6521893],[3.373024,6.6519088],[3.3731424,6.6516146],[3.3734402,6.6513677],[3.3740156,6.6511623],[3.3740965,6.6510462],[3.3742494,6.6502068],[3.3746,6.6494655],[3.3748787,6.6489922],[3.3753103,6.6487779],[3.375643,6.6489029],[3.3759936,6.6492691],[3.376596,6.6496531],[3.3771355,6.6496263],[3.3780615,6.6494298],[3.378592,6.6493584],[3.3791045,6.6491708],[3.3794192,6.6490012],[3.3795091,6.6487154],[3.3795181,6.648385],[3.3794032,6.6478907]]},"properties":{"osm_id":"way/741343458","name":"Unnamed (OSM way/741343458)","named":false,"source":"OpenStreetMap contributors","source_tags":{"waterway":"stream"},"retrieved_at":"2026-09-06T12:43:12.245Z","confidence":"openstreetmap_mapped_unverified","field_verified":false,"layer":"osm_waterway","waterway_type":"stream","navigability":"unknown"}},{"type":"Feature","geometry":{"type":"LineString","coordinates":[[3.3358149,6.6380691],[3.3360971,6.6382463],[3.3364665,6.6385101],[3.3366615,6.6386503],[3.3367735,6.6387575],[3.3368316,6.6389058],[3.3369146,6.6391078],[3.3368814,6.6393057],[3.3368565,6.6394541],[3.3369229,6.6395736],[3.3370391,6.6396437],[3.3371844,6.639652],[3.3374126,6.6396478],[3.3376782,6.639722],[3.3379438,6.6399116],[3.3381306,6.6400642],[3.3384501,6.6403898],[3.3385497,6.6404887],[3.3386742,6.6405794],[3.3387323,6.6406371],[3.3388859,6.6408515],[3.3390619,6.6411475],[3.3391941,6.6413203],[3.3392601,6.6415033],[3.339354,6.6418004],[3.339514,6.6420768],[3.3395871,6.6422771],[3.3396548,6.6424525],[3.3396949,6.6426122],[3.339827,6.643044],[3.3398479,6.6430971],[3.339914,6.6434102],[3.3399522,6.6437487],[3.3399279,6.6439076],[3.3398861,6.6440699],[3.3398479,6.644329],[3.3398374,6.6446952],[3.3398618,6.645203],[3.3398806,6.6458156],[3.3398958,6.6460664],[3.3400018,6.6463271],[3.3400876,6.6467985],[3.3400775,6.6469891],[3.3401068,6.6471864],[3.3401489,6.6473255],[3.340234,6.647611],[3.3403451,6.6478868],[3.3407036,6.648609],[3.3409661,6.6491054],[3.3410974,6.6495819],[3.341264,6.6499379],[3.3415013,6.6502639],[3.3415316,6.6505347],[3.3416174,6.6509309],[3.3418143,6.6513722],[3.3421187,6.6518601]]},"properties":{"osm_id":"way/742021470","name":"Unnamed (OSM way/742021470)","named":false,"source":"OpenStreetMap contributors","source_tags":{"waterway":"drain"},"retrieved_at":"2026-09-06T12:43:12.245Z","confidence":"openstreetmap_mapped_unverified","field_verified":false,"layer":"osm_waterway","waterway_type":"drain","navigability":"unknown"}},{"type":"Feature","geometry":{"type":"LineString","coordinates":[[3.3417875,6.6418255],[3.3416248,6.641847],[3.3413969,6.6418605],[3.3412938,6.6418848],[3.3411718,6.6419683],[3.3410714,6.6420329],[3.3409385,6.6421434],[3.3408436,6.6423051],[3.3406239,6.6427038],[3.3404477,6.6429358],[3.3404144,6.6429721],[3.340396,6.6430163],[3.3403336,6.6430163],[3.3402821,6.642984],[3.340179,6.6429813],[3.340038,6.6430083],[3.3399403,6.6430352],[3.3398861,6.6430568],[3.3398479,6.6430971]]},"properties":{"osm_id":"way/742021473","name":"Unnamed (OSM way/742021473)","named":false,"source":"OpenStreetMap contributors","source_tags":{"waterway":"drain"},"retrieved_at":"2026-09-06T12:43:12.245Z","confidence":"openstreetmap_mapped_unverified","field_verified":false,"layer":"osm_waterway","waterway_type":"drain","navigability":"unknown"}},{"type":"Feature","geometry":{"type":"LineString","coordinates":[[3.3402344,6.6416303],[3.3401585,6.6417434],[3.339993,6.6420398],[3.3398275,6.6423119],[3.3397624,6.6423712],[3.3396974,6.6424116],[3.3396548,6.6424525]]},"properties":{"osm_id":"way/742021475","name":"Unnamed (OSM way/742021475)","named":false,"source":"OpenStreetMap contributors","source_tags":{"waterway":"drain"},"retrieved_at":"2026-09-06T12:43:12.245Z","confidence":"openstreetmap_mapped_unverified","field_verified":false,"layer":"osm_waterway","waterway_type":"drain","navigability":"unknown"}},{"type":"Feature","geometry":{"type":"LineString","coordinates":[[3.4440914,6.7063984],[3.4441939,6.7062594],[3.4444491,6.7059724],[3.4445721,6.7058676],[3.44467,6.7058858],[3.4448113,6.7059519],[3.4449776,6.7060908],[3.4453056,6.7060567],[3.4455676,6.7060407],[3.4459708,6.7060772],[3.4462168,6.7060316],[3.4465744,6.7060293],[3.4469207,6.7059747],[3.4470619,6.7059223],[3.4473444,6.7058767],[3.447909,6.7059334],[3.4482164,6.7060804],[3.4484441,6.7062613],[3.4485358,6.7064485],[3.4487454,6.706551],[3.448898,6.7063574],[3.4490028,6.7061911],[3.4491281,6.7060817],[3.4492751,6.7055603],[3.4493536,6.7051068],[3.4494561,6.7048812],[3.4492989,6.7044347],[3.4493194,6.7043505],[3.4492944,6.7041295],[3.4491805,6.7039518],[3.449103,6.7038561],[3.4490962,6.7035759],[3.4490825,6.70338],[3.4489905,6.7030729],[3.4490256,6.7028994],[3.4489162,6.7025713],[3.4489504,6.7024734],[3.4491509,6.702298],[3.4491727,6.7020666],[3.4493662,6.7012186],[3.44948,6.7006985],[3.449389,6.7005967],[3.4492637,6.7002123],[3.4492637,6.6994434],[3.4489222,6.6992173],[3.4489336,6.6987198],[3.4486717,6.6984145],[3.4487742,6.6982336],[3.449332,6.6979057],[3.4495142,6.6978266],[3.4494573,6.6976683],[3.4491613,6.6975439],[3.4489222,6.6973404],[3.4489791,6.6969899],[3.4488653,6.6968655],[3.4488539,6.6966846],[3.4490474,6.696368],[3.4491727,6.6959609],[3.4492296,6.6953617],[3.4490702,6.6950225],[3.4488994,6.694785],[3.4490247,6.6946494],[3.4491002,6.6942334],[3.4493415,6.6933147],[3.4493616,6.6928753],[3.4489996,6.6925957],[3.4487282,6.692396],[3.4485673,6.6915672],[3.4482556,6.6906985],[3.4485573,6.6898996],[3.4484567,6.6894902],[3.4483662,6.688931],[3.4483863,6.6883718],[3.4486779,6.6881721],[3.4487081,6.6879724],[3.448879,6.6877427],[3.448879,6.6874731],[3.4485271,6.6872335],[3.4478434,6.6870138],[3.447401,6.6863347],[3.4466369,6.6860951],[3.4457321,6.6862249],[3.4452595,6.6856357],[3.4451375,6.685366],[3.4449478,6.6849467],[3.4448574,6.6842278],[3.4450584,6.6837484],[3.4447267,6.683329],[3.444415,6.683349],[3.4440128,6.683359],[3.4425248,6.6837884],[3.4419417,6.6839282],[3.4415194,6.6837484],[3.4410971,6.6833091],[3.4409765,6.68263],[3.4409564,6.6819909],[3.4405643,6.6815516],[3.4398605,6.6810123],[3.4396996,6.6808625],[3.4395991,6.6803233],[3.4396996,6.6797741],[3.4396996,6.6790851],[3.4395991,6.6785259],[3.4394181,6.6782462],[3.4393477,6.6778768],[3.4394181,6.6773076],[3.4399208,6.6767683],[3.440514,6.6763389],[3.4409262,6.6761492],[3.4412278,6.6762091],[3.441449,6.6757398],[3.4420724,6.6754702],[3.4424444,6.6752605],[3.4426052,6.674911],[3.4427661,6.6746813],[3.4431281,6.6742519],[3.4433694,6.6741221],[3.443671,6.6737526],[3.4438519,6.6734031],[3.4440128,6.6731634],[3.4439525,6.6729337],[3.4438187,6.6726821],[3.4438755,6.672428],[3.4437713,6.6719198],[3.4437997,6.6715057],[3.4436955,6.6708375],[3.4434397,6.6699247],[3.4432028,6.6695765],[3.4432217,6.6692847],[3.4433733,6.6690683],[3.4432312,6.6685224],[3.4430038,6.6683436],[3.4430796,6.6681366],[3.4430417,6.6676848],[3.4428427,6.6673931],[3.4425016,6.6671296],[3.442549,6.6666779],[3.4426437,6.6664802],[3.4424921,6.6656991],[3.4422268,6.6654356],[3.4421037,6.6651909],[3.4422268,6.6648427],[3.4425774,6.6644004],[3.4427006,6.6640145],[3.4428901,6.6635628],[3.4428711,6.6629228],[3.442729,6.662697],[3.4425111,6.6621605],[3.4423974,6.6618688],[3.4422174,6.6617653],[3.4421984,6.6613135],[3.442251,6.6607529],[3.4419414,6.6601545],[3.4415648,6.6597804],[3.4410711,6.6587997],[3.4406778,6.6582179],[3.4405523,6.6576693],[3.4405858,6.6572953],[3.4406276,6.6560154],[3.4407113,6.6555],[3.4409707,6.6547686],[3.4411715,6.6544611],[3.4413807,6.6542782],[3.4417824,6.6537629],[3.4421338,6.653364],[3.4426526,6.6528819],[3.4435731,6.6523583],[3.4440417,6.6519593],[3.4443429,6.6516019],[3.4453973,6.6508705],[3.4456818,6.6503968],[3.4459747,6.6501973],[3.446209,6.6500892],[3.4463763,6.6496736],[3.4465812,6.6495391],[3.4471503,6.6490546],[3.4477341,6.6487977],[3.4478597,6.6485481],[3.4478671,6.6482031],[3.447638,6.6479536],[3.4476602,6.6476159],[3.4480445,6.6473957],[3.4481405,6.6471461],[3.4482144,6.6468965],[3.448377,6.6467057],[3.4490643,6.6461919],[3.4497959,6.6456267],[3.4499437,6.6451642],[3.450195,6.6448853],[3.4505867,6.644621],[3.450631,6.6443641],[3.4508084,6.6440118],[3.4506014,6.6438503],[3.4502984,6.6433658],[3.4501506,6.6430722],[3.4503723,6.6427492],[3.4505054,6.6423088],[3.4507788,6.6421473],[3.4514069,6.6422501],[3.452279,6.6420519],[3.452545,6.6419344],[3.4529219,6.641795],[3.4532397,6.6417362],[3.4532175,6.6415601],[3.4531732,6.6412444],[3.4532766,6.640848],[3.453321,6.6405764],[3.4541634,6.6404149],[3.4547251,6.6402681],[3.4548507,6.6399158],[3.4548655,6.6395855],[3.455102,6.6393212],[3.4554271,6.6390276],[3.4557375,6.6388074],[3.4559888,6.6386385]]},"properties":{"osm_id":"way/742035977","name":"Unnamed (OSM way/742035977)","named":false,"source":"OpenStreetMap contributors","source_tags":{"waterway":"stream"},"retrieved_at":"2026-09-06T12:43:12.245Z","confidence":"openstreetmap_mapped_unverified","field_verified":false,"layer":"osm_waterway","waterway_type":"stream","navigability":"unknown"}},{"type":"Feature","geometry":{"type":"LineString","coordinates":[[3.4349115,6.6024133],[3.4352511,6.6024581],[3.4354227,6.6025327],[3.4356051,6.6026712],[3.4357698,6.6028823],[3.4359629,6.6029888],[3.4364457,6.6030421],[3.4367247,6.603138],[3.4370144,6.6032233],[3.437186,6.6032126],[3.4373684,6.6030208],[3.4375186,6.6029888],[3.4376045,6.6031061],[3.4379049,6.6031807],[3.4381731,6.6032553],[3.4384949,6.6031807],[3.4387203,6.6031594],[3.4388383,6.6032126],[3.4391135,6.6033107],[3.4393103,6.6034258],[3.4394568,6.6034919],[3.4395893,6.6034365],[3.4397357,6.6034492],[3.4398468,6.603543],[3.4399541,6.6037775],[3.4400361,6.6040248],[3.4400361,6.6042379],[3.4398468,6.6046301],[3.4396714,6.6048561],[3.4395464,6.6049392],[3.4395035,6.6050564],[3.4395408,6.6052145],[3.4395748,6.6053037],[3.4396606,6.6055062],[3.439843,6.6057833],[3.439961,6.606071],[3.4399503,6.6063055],[3.4399718,6.6066785],[3.4399932,6.6070728],[3.4401327,6.6073499],[3.4402615,6.6075844],[3.4404224,6.6077016],[3.4407764,6.607691],[3.4411519,6.6077762],[3.4415811,6.6079254],[3.4424555,6.6081493]]},"properties":{"osm_id":"way/742035987","name":"Unnamed (OSM way/742035987)","named":false,"source":"OpenStreetMap contributors","source_tags":{"waterway":"river"},"retrieved_at":"2026-09-06T12:43:12.245Z","confidence":"openstreetmap_mapped_unverified","field_verified":false,"layer":"osm_waterway","waterway_type":"river","navigability":"unknown"}},{"type":"Feature","geometry":{"type":"LineString","coordinates":[[3.4224895,6.5937166],[3.4251684,6.5938122],[3.4259515,6.5937849],[3.4270642,6.5943035],[3.4275039,6.5944399],[3.4279435,6.5944399],[3.4281496,6.5945491],[3.4285205,6.5951359],[3.4289464,6.5952042],[3.4294135,6.5953952],[3.4296882,6.5959548],[3.4300591,6.5961458],[3.4306361,6.5963642],[3.4311032,6.5965143],[3.4312131,6.5963642],[3.4312544,6.5961458],[3.4318176,6.5962141],[3.4331777,6.5965143],[3.4344691,6.5971148],[3.4350735,6.5971148],[3.4371617,6.5965962],[3.4384394,6.5959821],[3.4388191,6.5957363],[3.439662,6.5951905],[3.4408847,6.5948084],[3.4433436,6.5946049],[3.4436873,6.5945764],[3.4443288,6.5945282],[3.4452158,6.5947443],[3.4462701,6.5951267]]},"properties":{"osm_id":"way/742035988","name":"Unnamed (OSM way/742035988)","named":false,"source":"OpenStreetMap contributors","source_tags":{"waterway":"stream"},"retrieved_at":"2026-09-06T12:43:12.245Z","confidence":"openstreetmap_mapped_unverified","field_verified":false,"layer":"osm_waterway","waterway_type":"stream","navigability":"unknown"}},{"type":"Feature","geometry":{"type":"LineString","coordinates":[[3.4388191,6.5957363],[3.4385047,6.5953428],[3.4383708,6.5949438],[3.4386051,6.5941125],[3.4391239,6.5935972],[3.4394754,6.5926163],[3.4397432,6.5923503],[3.4406301,6.5920178],[3.4411657,6.5914525],[3.4419523,6.5914193],[3.4426886,6.5906046],[3.4426739,6.5903668]]},"properties":{"osm_id":"way/742035989","name":"Unnamed (OSM way/742035989)","named":false,"source":"OpenStreetMap contributors","source_tags":{"waterway":"stream"},"retrieved_at":"2026-09-06T12:43:12.245Z","confidence":"openstreetmap_mapped_unverified","field_verified":false,"layer":"osm_waterway","waterway_type":"stream","navigability":"unknown"}},{"type":"Feature","geometry":{"type":"LineString","coordinates":[[3.4433436,6.5946049],[3.4432409,6.5940627],[3.4429564,6.5935972],[3.4430234,6.5931317],[3.4428895,6.5928324],[3.4424711,6.5924334],[3.4423037,6.5918349],[3.4419523,6.5914193]]},"properties":{"osm_id":"way/742035990","name":"Unnamed (OSM way/742035990)","named":false,"source":"OpenStreetMap contributors","source_tags":{"waterway":"stream"},"retrieved_at":"2026-09-06T12:43:12.245Z","confidence":"openstreetmap_mapped_unverified","field_verified":false,"layer":"osm_waterway","waterway_type":"stream","navigability":"unknown"}},{"type":"Feature","geometry":{"type":"LineString","coordinates":[[3.4334225,6.6201305],[3.4340219,6.6194206],[3.4341256,6.619077],[3.4340104,6.6187793],[3.4336069,6.6187221],[3.4333533,6.618516],[3.4332611,6.6181152],[3.43363,6.6174052],[3.4339758,6.6171075],[3.4341487,6.6168327],[3.4340219,6.6164891],[3.4336184,6.6160769],[3.4335031,6.6157563],[3.4336876,6.6155616],[3.434068,6.6153784],[3.4343908,6.6153097],[3.4345752,6.6152295],[3.4348288,6.6148402],[3.4348519,6.6143822],[3.4348865,6.6129279],[3.4349556,6.6125157],[3.435313,6.6122294],[3.4358087,6.6117943],[3.4363717,6.6113533],[3.4364081,6.6113248],[3.4374301,6.6110163]]},"properties":{"osm_id":"way/742035991","name":"Unnamed (OSM way/742035991)","named":false,"source":"OpenStreetMap contributors","source_tags":{"waterway":"stream"},"retrieved_at":"2026-09-06T12:43:12.245Z","confidence":"openstreetmap_mapped_unverified","field_verified":false,"layer":"osm_waterway","waterway_type":"stream","navigability":"unknown"}},{"type":"Feature","geometry":{"type":"LineString","coordinates":[[3.4815985,6.6123115],[3.4814778,6.6120437]]},"properties":{"osm_id":"way/743159987","name":"Unnamed (OSM way/743159987)","named":false,"source":"OpenStreetMap contributors","source_tags":{"layer":"-1","tunnel":"culvert","waterway":"drain"},"retrieved_at":"2026-09-06T12:43:12.245Z","confidence":"openstreetmap_mapped_unverified","field_verified":false,"layer":"osm_waterway","waterway_type":"drain","navigability":"unknown"}},{"type":"Feature","geometry":{"type":"LineString","coordinates":[[3.4860402,6.623499],[3.4856003,6.6231314],[3.485477,6.6228649],[3.4853268,6.6225932],[3.4851336,6.6223161],[3.4850156,6.6213143],[3.4849191,6.6209733],[3.4845972,6.6205523],[3.4842914,6.6200141],[3.4837925,6.6195292],[3.4832722,6.6191349],[3.4829503,6.6185594],[3.4827894,6.6176908],[3.4825641,6.6170194],[3.4825641,6.616657],[3.4826714,6.6163693],[3.4830254,6.6160176],[3.4835029,6.6158098],[3.4838355,6.6156339],[3.4838945,6.6155327],[3.4838247,6.615165],[3.4837443,6.6145789],[3.4835726,6.6143657],[3.4833097,6.6141952],[3.4832454,6.6139767],[3.4832507,6.6137689],[3.4832507,6.6136357],[3.4831542,6.6134598],[3.4827143,6.6133479],[3.4822476,6.6131827],[3.4819364,6.6129376],[3.481819,6.6127201],[3.4816862,6.612474],[3.4815985,6.6123115]]},"properties":{"osm_id":"way/743159988","name":"Unnamed (OSM way/743159988)","named":false,"source":"OpenStreetMap contributors","source_tags":{"waterway":"drain"},"retrieved_at":"2026-09-06T12:43:12.245Z","confidence":"openstreetmap_mapped_unverified","field_verified":false,"layer":"osm_waterway","waterway_type":"drain","navigability":"unknown"}},{"type":"Feature","geometry":{"type":"LineString","coordinates":[[3.4814778,6.6120437],[3.4813142,6.6117759],[3.4810513,6.6116267],[3.4807187,6.6113816],[3.4802359,6.6111631],[3.4795976,6.6108381],[3.4793079,6.610577],[3.4790182,6.6104651],[3.4785783,6.6102146],[3.4783155,6.6098469],[3.4781492,6.6095592],[3.4779292,6.6092022],[3.4777254,6.6087759],[3.4776235,6.6084401],[3.4775135,6.6081559]]},"properties":{"osm_id":"way/743159989","name":"Unnamed (OSM way/743159989)","named":false,"source":"OpenStreetMap contributors","source_tags":{"waterway":"drain"},"retrieved_at":"2026-09-06T12:43:12.245Z","confidence":"openstreetmap_mapped_unverified","field_verified":false,"layer":"osm_waterway","waterway_type":"drain","navigability":"unknown"}},{"type":"Feature","geometry":{"type":"LineString","coordinates":[[3.4589799,6.6068582],[3.4597075,6.6067356],[3.4605435,6.6064983],[3.4611578,6.6062441],[3.461883,6.605744],[3.4623352,6.6053118],[3.4628385,6.6043965],[3.4632822,6.6034558],[3.4634698,6.6028473]]},"properties":{"osm_id":"way/743159994","name":"Unnamed (OSM way/743159994)","named":false,"source":"OpenStreetMap contributors","source_tags":{"waterway":"canal"},"retrieved_at":"2026-09-06T12:43:12.245Z","confidence":"openstreetmap_mapped_unverified","field_verified":false,"layer":"osm_waterway","waterway_type":"canal","navigability":"unknown"}},{"type":"Feature","geometry":{"type":"LineString","coordinates":[[3.4392089,6.6183462],[3.4398097,6.6179146],[3.4401262,6.6175842],[3.4405178,6.616705],[3.4407082,6.6164412],[3.4407511,6.6160895],[3.4410328,6.615538],[3.4411883,6.615213],[3.4411883,6.6149519],[3.4411186,6.614387],[3.4409147,6.6139181],[3.440904,6.6135344],[3.4413224,6.6131081],[3.4416872,6.612911],[3.4422666,6.6128097],[3.4428996,6.61322],[3.4431678,6.6134012],[3.4433287,6.6134598],[3.4434253,6.6133852],[3.4437042,6.6129749],[3.444466,6.6116267],[3.4448361,6.6110193],[3.4449702,6.6106356],[3.4449273,6.6099535],[3.4448844,6.6097723],[3.4446162,6.6093354],[3.4444982,6.608989],[3.4445357,6.6087226],[3.4448271,6.608087]]},"properties":{"osm_id":"way/743159995","name":"Unnamed (OSM way/743159995)","named":false,"source":"OpenStreetMap contributors","source_tags":{"waterway":"stream"},"retrieved_at":"2026-09-06T12:43:12.245Z","confidence":"openstreetmap_mapped_unverified","field_verified":false,"layer":"osm_waterway","waterway_type":"stream","navigability":"unknown"}},{"type":"Feature","geometry":{"type":"LineString","coordinates":[[3.3451921,6.5555076],[3.3452581,6.5550289],[3.3453189,6.5545854],[3.3453544,6.5538295],[3.3454002,6.553367]]},"properties":{"osm_id":"way/744486423","name":"Unnamed (OSM way/744486423)","named":false,"source":"OpenStreetMap contributors","source_tags":{"waterway":"drain"},"retrieved_at":"2026-09-06T12:43:12.245Z","confidence":"openstreetmap_mapped_unverified","field_verified":false,"layer":"osm_waterway","waterway_type":"drain","navigability":"unknown"}},{"type":"Feature","geometry":{"type":"LineString","coordinates":[[3.1903205,6.4802662],[3.1902974,6.48045],[3.1906153,6.4811221],[3.1909449,6.4816161],[3.1911241,6.4817655],[3.1918526,6.4819091],[3.1921648,6.4819436],[3.1927256,6.4817597],[3.1929626,6.4816965],[3.1934829,6.4816563],[3.1942345,6.4816793],[3.1947086,6.481484],[3.1949977,6.4814438],[3.195252,6.4815185],[3.1956857,6.4816965],[3.1959053,6.481978],[3.1962754,6.4826099],[3.1965876,6.4829431],[3.1968593,6.483328],[3.1969171,6.4838277],[3.1970559,6.4849536],[3.1972177,6.4854247],[3.1977728,6.4859589],[3.1978595,6.4859991],[3.1990504,6.4863381],[3.1993858,6.4863783],[3.2011607,6.4863495]]},"properties":{"osm_id":"way/744502286","name":"Unnamed (OSM way/744502286)","named":false,"source":"OpenStreetMap contributors","source_tags":{"surface":"unpaved","waterway":"drain"},"retrieved_at":"2026-09-06T12:43:12.245Z","confidence":"openstreetmap_mapped_unverified","field_verified":false,"layer":"osm_waterway","waterway_type":"drain","navigability":"unknown"}},{"type":"Feature","geometry":{"type":"LineString","coordinates":[[3.243454,6.526586],[3.2430264,6.5260688]]},"properties":{"osm_id":"way/744653292","name":"Unnamed (OSM way/744653292)","named":false,"source":"OpenStreetMap contributors","source_tags":{"waterway":"drain"},"retrieved_at":"2026-09-06T12:43:12.245Z","confidence":"openstreetmap_mapped_unverified","field_verified":false,"layer":"osm_waterway","waterway_type":"drain","navigability":"unknown"}},{"type":"Feature","geometry":{"type":"LineString","coordinates":[[3.2430264,6.5260688],[3.2429443,6.5259576]]},"properties":{"osm_id":"way/744653294","name":"Unnamed (OSM way/744653294)","named":false,"source":"OpenStreetMap contributors","source_tags":{"layer":"-1","tunnel":"culvert","waterway":"drain"},"retrieved_at":"2026-09-06T12:43:12.245Z","confidence":"openstreetmap_mapped_unverified","field_verified":false,"layer":"osm_waterway","waterway_type":"drain","navigability":"unknown"}},{"type":"Feature","geometry":{"type":"LineString","coordinates":[[3.2429443,6.5259576],[3.2428859,6.5258013],[3.2427371,6.5254482],[3.2424715,6.5250631],[3.2424353,6.5249552],[3.2423334,6.5248233],[3.2422623,6.5247167],[3.2419956,6.5246306],[3.2418728,6.5245271],[3.2416905,6.5242536],[3.2415789,6.5241168],[3.241445,6.5240355],[3.2414412,6.5238913],[3.2413036,6.5237472],[3.2411883,6.5236104],[3.2410022,6.5234256],[3.2409064,6.5232397],[3.2408622,6.5231911],[3.2406946,6.5230325],[3.2405068,6.5229306]]},"properties":{"osm_id":"way/744653295","name":"Unnamed (OSM way/744653295)","named":false,"source":"OpenStreetMap contributors","source_tags":{"waterway":"drain"},"retrieved_at":"2026-09-06T12:43:12.245Z","confidence":"openstreetmap_mapped_unverified","field_verified":false,"layer":"osm_waterway","waterway_type":"drain","navigability":"unknown"}},{"type":"Feature","geometry":{"type":"LineString","coordinates":[[3.269512,6.5490201],[3.2695398,6.5489497],[3.2695313,6.5485241],[3.2695518,6.5480883],[3.2695655,6.5478902],[3.2695572,6.5476917]]},"properties":{"osm_id":"way/744690458","name":"Unnamed (OSM way/744690458)","named":false,"source":"OpenStreetMap contributors","source_tags":{"waterway":"drain"},"retrieved_at":"2026-09-06T12:43:12.245Z","confidence":"openstreetmap_mapped_unverified","field_verified":false,"layer":"osm_waterway","waterway_type":"drain","navigability":"unknown"}},{"type":"Feature","geometry":{"type":"LineString","coordinates":[[3.2694861,6.5474825],[3.269442,6.5472882],[3.2693626,6.5466926],[3.2694244,6.5462324],[3.2694454,6.5459084],[3.2694384,6.5457308],[3.2694769,6.5455496],[3.2695295,6.545271],[3.269498,6.5450968],[3.2694664,6.5449017],[3.2693928,6.5446579],[3.2694208,6.5445395],[3.2694769,6.5443827],[3.2696102,6.5441981],[3.2699012,6.5438741],[3.2700485,6.5436791],[3.2701466,6.543491],[3.2702694,6.543059],[3.2704201,6.5428291],[3.270662,6.5423937],[3.2708935,6.5419652],[3.2711985,6.541488],[3.2712704,6.541365],[3.2713948,6.5411815],[3.2713767,6.5410749],[3.2713947,6.5409835],[3.2714381,6.5408345],[3.2714419,6.5407039],[3.2714772,6.5405117],[3.2715657,6.5402432],[3.271665,6.5401264],[3.2717945,6.5400379],[3.2718681,6.5399312],[3.271894,6.539817],[3.2719014,6.5396963],[3.2718944,6.539484],[3.2718538,6.5392321],[3.2717821,6.5390048],[3.2717056,6.5388391],[3.2717836,6.5387003],[3.2717769,6.5384949],[3.2716737,6.5381207],[3.2716775,6.5380013],[3.2715712,6.537723],[3.2716123,6.5376049],[3.2715026,6.5373217],[3.2713795,6.5371593],[3.2712629,6.5367337],[3.2712161,6.5364039],[3.2713098,6.5361588],[3.2713292,6.5359788],[3.2713687,6.5358555],[3.2714629,6.5356731],[3.2714475,6.5355793],[3.2715391,6.5354745],[3.2717485,6.5353368],[3.2719009,6.5352068],[3.2720409,6.5350405],[3.2721029,6.5349217]]},"properties":{"osm_id":"way/744690459","name":"Unnamed (OSM way/744690459)","named":false,"source":"OpenStreetMap contributors","source_tags":{"waterway":"drain"},"retrieved_at":"2026-09-06T12:43:12.245Z","confidence":"openstreetmap_mapped_unverified","field_verified":false,"layer":"osm_waterway","waterway_type":"drain","navigability":"unknown"}},{"type":"Feature","geometry":{"type":"LineString","coordinates":[[3.2695572,6.5476917],[3.2694861,6.5474825]]},"properties":{"osm_id":"way/744690460","name":"Unnamed (OSM way/744690460)","named":false,"source":"OpenStreetMap contributors","source_tags":{"layer":"-1","tunnel":"culvert","waterway":"drain"},"retrieved_at":"2026-09-06T12:43:12.245Z","confidence":"openstreetmap_mapped_unverified","field_verified":false,"layer":"osm_waterway","waterway_type":"drain","navigability":"unknown"}},{"type":"Feature","geometry":{"type":"LineString","coordinates":[[3.1092139,6.4572424],[3.1090036,6.4563992],[3.1089647,6.4563096],[3.1088015,6.455934]]},"properties":{"osm_id":"way/745385714","name":"Unnamed (OSM way/745385714)","named":false,"source":"OpenStreetMap contributors","source_tags":{"waterway":"stream"},"retrieved_at":"2026-09-06T12:43:12.245Z","confidence":"openstreetmap_mapped_unverified","field_verified":false,"layer":"osm_waterway","waterway_type":"stream","navigability":"unknown"}},{"type":"Feature","geometry":{"type":"LineString","coordinates":[[3.392717,6.4925518],[3.3927735,6.4924519],[3.3928176,6.4924061],[3.3928606,6.4923614],[3.3929555,6.4922419],[3.3932124,6.4919448],[3.3933981,6.4917716],[3.3934893,6.4917326],[3.3935525,6.4916592]]},"properties":{"osm_id":"way/745386099","name":"Unnamed (OSM way/745386099)","named":false,"source":"OpenStreetMap contributors","source_tags":{"waterway":"canal"},"retrieved_at":"2026-09-06T12:43:12.245Z","confidence":"openstreetmap_mapped_unverified","field_verified":false,"layer":"osm_waterway","waterway_type":"canal","navigability":"unknown"}},{"type":"Feature","geometry":{"type":"LineString","coordinates":[[3.392717,6.4925518],[3.3925459,6.4924442]]},"properties":{"osm_id":"way/745386100","name":"Unnamed (OSM way/745386100)","named":false,"source":"OpenStreetMap contributors","source_tags":{"waterway":"canal"},"retrieved_at":"2026-09-06T12:43:12.245Z","confidence":"openstreetmap_mapped_unverified","field_verified":false,"layer":"osm_waterway","waterway_type":"canal","navigability":"unknown"}},{"type":"Feature","geometry":{"type":"LineString","coordinates":[[3.3925459,6.4924442],[3.3926845,6.4922758]]},"properties":{"osm_id":"way/745386101","name":"Unnamed (OSM way/745386101)","named":false,"source":"OpenStreetMap contributors","source_tags":{"waterway":"canal"},"retrieved_at":"2026-09-06T12:43:12.245Z","confidence":"openstreetmap_mapped_unverified","field_verified":false,"layer":"osm_waterway","waterway_type":"canal","navigability":"unknown"}},{"type":"Feature","geometry":{"type":"LineString","coordinates":[[3.3923662,6.4927554],[3.3924234,6.4926947],[3.3924501,6.4926059],[3.3925459,6.4924442]]},"properties":{"osm_id":"way/745386102","name":"Unnamed (OSM way/745386102)","named":false,"source":"OpenStreetMap contributors","source_tags":{"waterway":"canal"},"retrieved_at":"2026-09-06T12:43:12.245Z","confidence":"openstreetmap_mapped_unverified","field_verified":false,"layer":"osm_waterway","waterway_type":"canal","navigability":"unknown"}},{"type":"Feature","geometry":{"type":"LineString","coordinates":[[3.3929577,6.492608],[3.3930541,6.4924951],[3.3931446,6.4923419],[3.3932183,6.492246],[3.3932328,6.4922331],[3.3933324,6.4922419],[3.3934786,6.4920101],[3.3936365,6.4918438],[3.3936131,6.4917957]]},"properties":{"osm_id":"way/745386103","name":"Unnamed (OSM way/745386103)","named":false,"source":"OpenStreetMap contributors","source_tags":{"waterway":"canal"},"retrieved_at":"2026-09-06T12:43:12.245Z","confidence":"openstreetmap_mapped_unverified","field_verified":false,"layer":"osm_waterway","waterway_type":"canal","navigability":"unknown"}},{"type":"Feature","geometry":{"type":"LineString","coordinates":[[3.391034,6.4941533],[3.3910575,6.4941198],[3.3911389,6.4940391],[3.3911907,6.4939972],[3.3912282,6.4939559],[3.3912778,6.4939502],[3.3913665,6.4938816],[3.3914474,6.4938323],[3.3915403,6.4937223],[3.3915537,6.4936817],[3.3916178,6.4936167],[3.3916711,6.4935555],[3.3916744,6.4935495],[3.3917069,6.4935185],[3.3917318,6.4934855],[3.391768,6.4934528],[3.3918011,6.4934119],[3.3918923,6.4932943],[3.3920175,6.4931747],[3.3920813,6.4931252],[3.3921114,6.4930799],[3.3921802,6.4930398],[3.3922376,6.4929876],[3.3922099,6.4929548],[3.3922551,6.4928739],[3.3923205,6.4927923],[3.3923411,6.492797],[3.3923662,6.4927554]]},"properties":{"osm_id":"way/745436762","name":"Unnamed (OSM way/745436762)","named":false,"source":"OpenStreetMap contributors","source_tags":{"waterway":"canal"},"retrieved_at":"2026-09-06T12:43:12.245Z","confidence":"openstreetmap_mapped_unverified","field_verified":false,"layer":"osm_waterway","waterway_type":"canal","navigability":"unknown"}},{"type":"Feature","geometry":{"type":"LineString","coordinates":[[3.3921114,6.4930799],[3.3921646,6.4931333],[3.3922123,6.4931462],[3.392227,6.493134],[3.392284,6.4931815]]},"properties":{"osm_id":"way/745436763","name":"Unnamed (OSM way/745436763)","named":false,"source":"OpenStreetMap contributors","source_tags":{"waterway":"canal"},"retrieved_at":"2026-09-06T12:43:12.245Z","confidence":"openstreetmap_mapped_unverified","field_verified":false,"layer":"osm_waterway","waterway_type":"canal","navigability":"unknown"}},{"type":"Feature","geometry":{"type":"LineString","coordinates":[[3.3916872,6.4939279],[3.3917576,6.4938972],[3.391834,6.4938483],[3.3919446,6.4937776],[3.391968,6.4937431],[3.3920726,6.4936628],[3.3921535,6.4936301],[3.3922258,6.4935056],[3.3922893,6.4933788],[3.3923108,6.4933003],[3.392346,6.4932613],[3.3923172,6.4932014],[3.392284,6.4931815]]},"properties":{"osm_id":"way/745451046","name":"Unnamed (OSM way/745451046)","named":false,"source":"OpenStreetMap contributors","source_tags":{"waterway":"canal"},"retrieved_at":"2026-09-06T12:43:12.245Z","confidence":"openstreetmap_mapped_unverified","field_verified":false,"layer":"osm_waterway","waterway_type":"canal","navigability":"unknown"}},{"type":"Feature","geometry":{"type":"LineString","coordinates":[[3.3921957,6.4941378],[3.3924753,6.4938671],[3.3925371,6.4937663],[3.3926144,6.4937009],[3.392804,6.4935251],[3.3930413,6.4932898],[3.3930903,6.4932223],[3.3930923,6.493187],[3.3931164,6.4931597],[3.3931322,6.493124],[3.3932063,6.4930364],[3.3932915,6.4929056],[3.3933545,6.492671],[3.3935704,6.4923725],[3.3937492,6.4922462]]},"properties":{"osm_id":"way/745451047","name":"Unnamed (OSM way/745451047)","named":false,"source":"OpenStreetMap contributors","source_tags":{"waterway":"canal"},"retrieved_at":"2026-09-06T12:43:12.245Z","confidence":"openstreetmap_mapped_unverified","field_verified":false,"layer":"osm_waterway","waterway_type":"canal","navigability":"unknown"}},{"type":"Feature","geometry":{"type":"LineString","coordinates":[[3.3913086,6.4995797],[3.3913967,6.4995622],[3.3915257,6.4995398]]},"properties":{"osm_id":"way/745458320","name":"Unnamed (OSM way/745458320)","named":false,"source":"OpenStreetMap contributors","source_tags":{"waterway":"canal"},"retrieved_at":"2026-09-06T12:43:12.245Z","confidence":"openstreetmap_mapped_unverified","field_verified":false,"layer":"osm_waterway","waterway_type":"canal","navigability":"unknown"}},{"type":"Feature","geometry":{"type":"LineString","coordinates":[[3.3905978,6.496947],[3.3908723,6.4968671],[3.3909747,6.4968071],[3.3911935,6.4966818],[3.3915341,6.4965449],[3.3915073,6.49646],[3.3916454,6.4964233],[3.3917419,6.4963927],[3.3918596,6.4963335]]},"properties":{"osm_id":"way/745467434","name":"Unnamed (OSM way/745467434)","named":false,"source":"OpenStreetMap contributors","source_tags":{"waterway":"canal"},"retrieved_at":"2026-09-06T12:43:12.245Z","confidence":"openstreetmap_mapped_unverified","field_verified":false,"layer":"osm_waterway","waterway_type":"canal","navigability":"unknown"}},{"type":"Feature","geometry":{"type":"LineString","coordinates":[[3.3908702,6.4974358],[3.3908962,6.497374],[3.3910247,6.497322],[3.3910565,6.4973178],[3.3910687,6.4972759],[3.3911617,6.4972266],[3.3912777,6.4971828],[3.3914237,6.4971224],[3.3915339,6.4970813],[3.3916012,6.4970745],[3.3918769,6.4969835],[3.3919671,6.4969506],[3.3922745,6.4968083],[3.392322,6.4968317]]},"properties":{"osm_id":"way/745472901","name":"Unnamed (OSM way/745472901)","named":false,"source":"OpenStreetMap contributors","source_tags":{"waterway":"canal"},"retrieved_at":"2026-09-06T12:43:12.245Z","confidence":"openstreetmap_mapped_unverified","field_verified":false,"layer":"osm_waterway","waterway_type":"canal","navigability":"unknown"}},{"type":"Feature","geometry":{"type":"LineString","coordinates":[[3.3910565,6.4973178],[3.3911199,6.4973811],[3.391238,6.4973204],[3.3912976,6.4973144],[3.3914116,6.4972678],[3.3914659,6.4972192],[3.3915082,6.4971845],[3.3915765,6.4971426],[3.3916342,6.4971092],[3.3917482,6.4970346],[3.3918769,6.4969835]]},"properties":{"osm_id":"way/745472902","name":"Unnamed (OSM way/745472902)","named":false,"source":"OpenStreetMap contributors","source_tags":{"waterway":"canal"},"retrieved_at":"2026-09-06T12:43:12.245Z","confidence":"openstreetmap_mapped_unverified","field_verified":false,"layer":"osm_waterway","waterway_type":"canal","navigability":"unknown"}},{"type":"Feature","geometry":{"type":"LineString","coordinates":[[3.3899433,6.4947798],[3.3900212,6.4947146],[3.3900886,6.494646],[3.3901591,6.4945868],[3.3902184,6.4945118],[3.3902539,6.4944449],[3.3903071,6.4944229],[3.3903532,6.4944269],[3.3904063,6.4943894],[3.3904271,6.4943663],[3.3904507,6.4943556],[3.3904757,6.4943542],[3.3905004,6.4943138],[3.3905409,6.4942925],[3.3905761,6.4942665],[3.3906069,6.4943344],[3.3906529,6.4943886]]},"properties":{"osm_id":"way/745511377","name":"Unnamed (OSM way/745511377)","named":false,"source":"OpenStreetMap contributors","source_tags":{"waterway":"canal"},"retrieved_at":"2026-09-06T12:43:12.245Z","confidence":"openstreetmap_mapped_unverified","field_verified":false,"layer":"osm_waterway","waterway_type":"canal","navigability":"unknown"}},{"type":"Feature","geometry":{"type":"LineString","coordinates":[[3.3905761,6.4942665],[3.3904307,6.4940649]]},"properties":{"osm_id":"way/745511378","name":"Unnamed (OSM way/745511378)","named":false,"source":"OpenStreetMap contributors","source_tags":{"waterway":"canal"},"retrieved_at":"2026-09-06T12:43:12.245Z","confidence":"openstreetmap_mapped_unverified","field_verified":false,"layer":"osm_waterway","waterway_type":"canal","navigability":"unknown"}},{"type":"Feature","geometry":{"type":"LineString","coordinates":[[3.3906069,6.4943344],[3.3906553,6.4942866],[3.3908045,6.4941528],[3.3908455,6.4941212],[3.3909288,6.4940649],[3.3910227,6.4939642],[3.3911125,6.4938429],[3.3911379,6.4938116],[3.391249,6.493705],[3.3913442,6.4936157],[3.3915534,6.4933952],[3.3916778,6.4932956],[3.3916835,6.4932406],[3.3917351,6.49314],[3.3917968,6.4930904],[3.3918374,6.4930361],[3.3918639,6.4929875],[3.3919493,6.4929398],[3.3919539,6.4929247],[3.3919544,6.4928902],[3.3919681,6.4928153],[3.3920536,6.4927044]]},"properties":{"osm_id":"way/745511379","name":"Unnamed (OSM way/745511379)","named":false,"source":"OpenStreetMap contributors","source_tags":{"waterway":"canal"},"retrieved_at":"2026-09-06T12:43:12.245Z","confidence":"openstreetmap_mapped_unverified","field_verified":false,"layer":"osm_waterway","waterway_type":"canal","navigability":"unknown"}},{"type":"Feature","geometry":{"type":"LineString","coordinates":[[3.3903071,6.4944229],[3.3901881,6.4942803]]},"properties":{"osm_id":"way/745511380","name":"Unnamed (OSM way/745511380)","named":false,"source":"OpenStreetMap contributors","source_tags":{"waterway":"river"},"retrieved_at":"2026-09-06T12:43:12.245Z","confidence":"openstreetmap_mapped_unverified","field_verified":false,"layer":"osm_waterway","waterway_type":"river","navigability":"unknown"}},{"type":"Feature","geometry":{"type":"LineString","coordinates":[[3.3899899,6.494398],[3.3898427,6.4941765],[3.3897771,6.4941824],[3.3897062,6.4941912],[3.3896177,6.49424],[3.3895563,6.4942394]]},"properties":{"osm_id":"way/745511381","name":"Unnamed (OSM way/745511381)","named":false,"source":"OpenStreetMap contributors","source_tags":{"waterway":"canal"},"retrieved_at":"2026-09-06T12:43:12.245Z","confidence":"openstreetmap_mapped_unverified","field_verified":false,"layer":"osm_waterway","waterway_type":"canal","navigability":"unknown"}},{"type":"Feature","geometry":{"type":"LineString","coordinates":[[3.3898427,6.4941765],[3.3897497,6.4940741]]},"properties":{"osm_id":"way/745511382","name":"Unnamed (OSM way/745511382)","named":false,"source":"OpenStreetMap contributors","source_tags":{"waterway":"canal"},"retrieved_at":"2026-09-06T12:43:12.245Z","confidence":"openstreetmap_mapped_unverified","field_verified":false,"layer":"osm_waterway","waterway_type":"canal","navigability":"unknown"}},{"type":"Feature","geometry":{"type":"LineString","coordinates":[[3.3896073,6.4946387],[3.3893835,6.4947527],[3.3893159,6.4948192],[3.3892153,6.4949273],[3.389177,6.4949553]]},"properties":{"osm_id":"way/745511383","name":"Unnamed (OSM way/745511383)","named":false,"source":"OpenStreetMap contributors","source_tags":{"waterway":"canal"},"retrieved_at":"2026-09-06T12:43:12.245Z","confidence":"openstreetmap_mapped_unverified","field_verified":false,"layer":"osm_waterway","waterway_type":"canal","navigability":"unknown"}},{"type":"Feature","geometry":{"type":"LineString","coordinates":[[3.3894338,6.494544],[3.3893741,6.4945089],[3.3893151,6.4945725],[3.3892136,6.4946556]]},"properties":{"osm_id":"way/745511384","name":"Unnamed (OSM way/745511384)","named":false,"source":"OpenStreetMap contributors","source_tags":{"waterway":"canal"},"retrieved_at":"2026-09-06T12:43:12.245Z","confidence":"openstreetmap_mapped_unverified","field_verified":false,"layer":"osm_waterway","waterway_type":"canal","navigability":"unknown"}},{"type":"Feature","geometry":{"type":"LineString","coordinates":[[3.3903725,6.4950041],[3.3904153,6.4949201],[3.3904393,6.494843],[3.3904853,6.4947783],[3.3905347,6.4946823],[3.3906086,6.4945954],[3.3906481,6.4945609]]},"properties":{"osm_id":"way/745511385","name":"Unnamed (OSM way/745511385)","named":false,"source":"OpenStreetMap contributors","source_tags":{"waterway":"canal"},"retrieved_at":"2026-09-06T12:43:12.245Z","confidence":"openstreetmap_mapped_unverified","field_verified":false,"layer":"osm_waterway","waterway_type":"canal","navigability":"unknown"}},{"type":"Feature","geometry":{"type":"LineString","coordinates":[[3.3904853,6.4947783],[3.390406,6.4947196]]},"properties":{"osm_id":"way/745511386","name":"Unnamed (OSM way/745511386)","named":false,"source":"OpenStreetMap contributors","source_tags":{"waterway":"canal"},"retrieved_at":"2026-09-06T12:43:12.245Z","confidence":"openstreetmap_mapped_unverified","field_verified":false,"layer":"osm_waterway","waterway_type":"canal","navigability":"unknown"}},{"type":"Feature","geometry":{"type":"LineString","coordinates":[[3.3906086,6.4945954],[3.3905758,6.4945491]]},"properties":{"osm_id":"way/745511387","name":"Unnamed (OSM way/745511387)","named":false,"source":"OpenStreetMap contributors","source_tags":{"waterway":"canal"},"retrieved_at":"2026-09-06T12:43:12.245Z","confidence":"openstreetmap_mapped_unverified","field_verified":false,"layer":"osm_waterway","waterway_type":"canal","navigability":"unknown"}},{"type":"Feature","geometry":{"type":"LineString","coordinates":[[3.3896451,6.4950079],[3.3896614,6.4949438],[3.3897811,6.4948463],[3.3899384,6.4947775]]},"properties":{"osm_id":"way/745511388","name":"Unnamed (OSM way/745511388)","named":false,"source":"OpenStreetMap contributors","source_tags":{"waterway":"canal"},"retrieved_at":"2026-09-06T12:43:12.245Z","confidence":"openstreetmap_mapped_unverified","field_verified":false,"layer":"osm_waterway","waterway_type":"canal","navigability":"unknown"}},{"type":"Feature","geometry":{"type":"LineString","coordinates":[[3.3896614,6.4949438],[3.3895806,6.4948599]]},"properties":{"osm_id":"way/745511389","name":"Unnamed (OSM way/745511389)","named":false,"source":"OpenStreetMap contributors","source_tags":{"waterway":"canal"},"retrieved_at":"2026-09-06T12:43:12.245Z","confidence":"openstreetmap_mapped_unverified","field_verified":false,"layer":"osm_waterway","waterway_type":"canal","navigability":"unknown"}},{"type":"Feature","geometry":{"type":"LineString","coordinates":[[3.3898121,6.4945238],[3.3897508,6.4944319]]},"properties":{"osm_id":"way/745511390","name":"Unnamed (OSM way/745511390)","named":false,"source":"OpenStreetMap contributors","source_tags":{"waterway":"canal"},"retrieved_at":"2026-09-06T12:43:12.245Z","confidence":"openstreetmap_mapped_unverified","field_verified":false,"layer":"osm_waterway","waterway_type":"canal","navigability":"unknown"}},{"type":"Feature","geometry":{"type":"LineString","coordinates":[[3.3938333,6.4982697],[3.3937675,6.4981576],[3.3936783,6.4980706],[3.3936151,6.4980648],[3.3935899,6.4980738],[3.3935197,6.4980686],[3.3934849,6.4980073],[3.3934634,6.4979687],[3.3934212,6.4979027],[3.3933964,6.4978408]]},"properties":{"osm_id":"way/745647416","name":"Unnamed (OSM way/745647416)","named":false,"source":"OpenStreetMap contributors","source_tags":{"waterway":"canal"},"retrieved_at":"2026-09-06T12:43:12.245Z","confidence":"openstreetmap_mapped_unverified","field_verified":false,"layer":"osm_waterway","waterway_type":"canal","navigability":"unknown"}},{"type":"Feature","geometry":{"type":"LineString","coordinates":[[3.3938872,6.4972987],[3.3938779,6.4972584],[3.3938722,6.4972318],[3.393823,6.4971485],[3.393896,6.4971026],[3.3940228,6.4970225],[3.394069,6.4969946],[3.3942501,6.4969172],[3.3942705,6.4969222],[3.3943354,6.496891],[3.3943881,6.49686],[3.3944726,6.4968307],[3.3947342,6.4967474],[3.3949702,6.4966602],[3.3951432,6.4965935]]},"properties":{"osm_id":"way/745647417","name":"Unnamed (OSM way/745647417)","named":false,"source":"OpenStreetMap contributors","source_tags":{"waterway":"canal"},"retrieved_at":"2026-09-06T12:43:12.245Z","confidence":"openstreetmap_mapped_unverified","field_verified":false,"layer":"osm_waterway","waterway_type":"canal","navigability":"unknown"}},{"type":"Feature","geometry":{"type":"LineString","coordinates":[[3.3936794,6.497531],[3.3936663,6.4975039],[3.3936378,6.497445],[3.3936098,6.4973675],[3.3936186,6.4973579],[3.3935118,6.4971873]]},"properties":{"osm_id":"way/745647418","name":"Unnamed (OSM way/745647418)","named":false,"source":"OpenStreetMap contributors","source_tags":{"waterway":"canal"},"retrieved_at":"2026-09-06T12:43:12.245Z","confidence":"openstreetmap_mapped_unverified","field_verified":false,"layer":"osm_waterway","waterway_type":"canal","navigability":"unknown"}},{"type":"Feature","geometry":{"type":"LineString","coordinates":[[3.3933695,6.4972785],[3.3934702,6.4972139],[3.3935118,6.4971873],[3.3935358,6.4971719],[3.393686,6.4970719],[3.3939674,6.4969104]]},"properties":{"osm_id":"way/745647419","name":"Unnamed (OSM way/745647419)","named":false,"source":"OpenStreetMap contributors","source_tags":{"waterway":"canal"},"retrieved_at":"2026-09-06T12:43:12.245Z","confidence":"openstreetmap_mapped_unverified","field_verified":false,"layer":"osm_waterway","waterway_type":"canal","navigability":"unknown"}},{"type":"Feature","geometry":{"type":"LineString","coordinates":[[3.3946586,6.4977835],[3.3947106,6.4977488],[3.394822,6.4977168],[3.3949393,6.4976975],[3.3951274,6.4976765],[3.39518,6.4976735],[3.3953906,6.4976555],[3.3954871,6.497646],[3.3955824,6.4976635],[3.3959685,6.4976408]]},"properties":{"osm_id":"way/745647420","name":"Unnamed (OSM way/745647420)","named":false,"source":"OpenStreetMap contributors","source_tags":{"waterway":"canal"},"retrieved_at":"2026-09-06T12:43:12.245Z","confidence":"openstreetmap_mapped_unverified","field_verified":false,"layer":"osm_waterway","waterway_type":"canal","navigability":"unknown"}},{"type":"Feature","geometry":{"type":"LineString","coordinates":[[3.3944383,6.4980876],[3.3944451,6.4979234],[3.3944444,6.4978261],[3.3944378,6.4977644]]},"properties":{"osm_id":"way/745647421","name":"Unnamed (OSM way/745647421)","named":false,"source":"OpenStreetMap contributors","source_tags":{"waterway":"canal"},"retrieved_at":"2026-09-06T12:43:12.245Z","confidence":"openstreetmap_mapped_unverified","field_verified":false,"layer":"osm_waterway","waterway_type":"canal","navigability":"unknown"}},{"type":"Feature","geometry":{"type":"LineString","coordinates":[[3.3941402,6.4981318],[3.3941326,6.497978],[3.3941185,6.4978809]]},"properties":{"osm_id":"way/745647422","name":"Unnamed (OSM way/745647422)","named":false,"source":"OpenStreetMap contributors","source_tags":{"waterway":"canal"},"retrieved_at":"2026-09-06T12:43:12.245Z","confidence":"openstreetmap_mapped_unverified","field_verified":false,"layer":"osm_waterway","waterway_type":"canal","navigability":"unknown"}},{"type":"Feature","geometry":{"type":"LineString","coordinates":[[3.3938887,6.497947],[3.3939516,6.4979101],[3.3940441,6.4979101],[3.3941185,6.4978809],[3.3942614,6.4978248],[3.3944378,6.4977644],[3.3944545,6.4977568]]},"properties":{"osm_id":"way/745647423","name":"Unnamed (OSM way/745647423)","named":false,"source":"OpenStreetMap contributors","source_tags":{"waterway":"canal"},"retrieved_at":"2026-09-06T12:43:12.245Z","confidence":"openstreetmap_mapped_unverified","field_verified":false,"layer":"osm_waterway","waterway_type":"canal","navigability":"unknown"}},{"type":"Feature","geometry":{"type":"LineString","coordinates":[[3.3938163,6.4978152],[3.3938351,6.4978526],[3.3938277,6.4978721],[3.3938064,6.4978964],[3.3938399,6.4979519],[3.3938887,6.497947],[3.3939221,6.4979887],[3.3939516,6.4981153],[3.3939904,6.4981964]]},"properties":{"osm_id":"way/745647424","name":"Unnamed (OSM way/745647424)","named":false,"source":"OpenStreetMap contributors","source_tags":{"waterway":"canal"},"retrieved_at":"2026-09-06T12:43:12.245Z","confidence":"openstreetmap_mapped_unverified","field_verified":false,"layer":"osm_waterway","waterway_type":"canal","navigability":"unknown"}},{"type":"Feature","geometry":{"type":"LineString","coordinates":[[3.3945176,6.4974837],[3.3946396,6.4974703],[3.3947998,6.4974097],[3.3948112,6.497367],[3.3950754,6.4972824],[3.3952511,6.4972371],[3.3954885,6.4971079],[3.3958205,6.4969485]]},"properties":{"osm_id":"way/745647425","name":"Unnamed (OSM way/745647425)","named":false,"source":"OpenStreetMap contributors","source_tags":{"waterway":"canal"},"retrieved_at":"2026-09-06T12:43:12.245Z","confidence":"openstreetmap_mapped_unverified","field_verified":false,"layer":"osm_waterway","waterway_type":"canal","navigability":"unknown"}},{"type":"Feature","geometry":{"type":"LineString","coordinates":[[3.3940934,6.4972494],[3.3941343,6.4973757],[3.3941189,6.4974081],[3.3941112,6.4975516],[3.394146,6.4976422],[3.3941662,6.4977155]]},"properties":{"osm_id":"way/745647426","name":"Unnamed (OSM way/745647426)","named":false,"source":"OpenStreetMap contributors","source_tags":{"waterway":"canal"},"retrieved_at":"2026-09-06T12:43:12.245Z","confidence":"openstreetmap_mapped_unverified","field_verified":false,"layer":"osm_waterway","waterway_type":"canal","navigability":"unknown"}},{"type":"Feature","geometry":{"type":"LineString","coordinates":[[3.3945322,6.497594],[3.3946379,6.4975793],[3.3947076,6.4975633],[3.3947612,6.4975779],[3.3949058,6.4975393],[3.3949735,6.4975063],[3.3950386,6.4974657],[3.3950966,6.49745],[3.3953567,6.4974101],[3.3955673,6.4973887],[3.3955955,6.4973274],[3.3956283,6.4972801],[3.3958835,6.4971891]]},"properties":{"osm_id":"way/745647427","name":"Unnamed (OSM way/745647427)","named":false,"source":"OpenStreetMap contributors","source_tags":{"waterway":"canal"},"retrieved_at":"2026-09-06T12:43:12.245Z","confidence":"openstreetmap_mapped_unverified","field_verified":false,"layer":"osm_waterway","waterway_type":"canal","navigability":"unknown"}},{"type":"Feature","geometry":{"type":"LineString","coordinates":[[3.3944157,6.4976542],[3.3941662,6.4977155],[3.39402,6.4977581],[3.3938163,6.4978152],[3.393745,6.4976575],[3.3937043,6.4975855],[3.3936794,6.497531]]},"properties":{"osm_id":"way/745647428","name":"Unnamed (OSM way/745647428)","named":false,"source":"OpenStreetMap contributors","source_tags":{"waterway":"canal"},"retrieved_at":"2026-09-06T12:43:12.245Z","confidence":"openstreetmap_mapped_unverified","field_verified":false,"layer":"osm_waterway","waterway_type":"canal","navigability":"unknown"}},{"type":"Feature","geometry":{"type":"LineString","coordinates":[[3.3903121,6.496201],[3.3901955,6.4961868],[3.3900278,6.4962478],[3.3897978,6.4963221],[3.3897424,6.496272],[3.3896933,6.4962301],[3.3896691,6.4962114],[3.3896356,6.4962042]]},"properties":{"osm_id":"way/745652808","name":"Unnamed (OSM way/745652808)","named":false,"source":"OpenStreetMap contributors","source_tags":{"waterway":"canal"},"retrieved_at":"2026-09-06T12:43:12.245Z","confidence":"openstreetmap_mapped_unverified","field_verified":false,"layer":"osm_waterway","waterway_type":"canal","navigability":"unknown"}},{"type":"Feature","geometry":{"type":"LineString","coordinates":[[3.3901955,6.4961868],[3.3901111,6.4960235],[3.3900815,6.4959869],[3.3899773,6.4958329]]},"properties":{"osm_id":"way/745652809","name":"Unnamed (OSM way/745652809)","named":false,"source":"OpenStreetMap contributors","source_tags":{"waterway":"canal"},"retrieved_at":"2026-09-06T12:43:12.245Z","confidence":"openstreetmap_mapped_unverified","field_verified":false,"layer":"osm_waterway","waterway_type":"canal","navigability":"unknown"}},{"type":"Feature","geometry":{"type":"LineString","coordinates":[[3.3900815,6.4959869],[3.3899734,6.4960613]]},"properties":{"osm_id":"way/745652810","name":"Unnamed (OSM way/745652810)","named":false,"source":"OpenStreetMap contributors","source_tags":{"waterway":"canal"},"retrieved_at":"2026-09-06T12:43:12.245Z","confidence":"openstreetmap_mapped_unverified","field_verified":false,"layer":"osm_waterway","waterway_type":"canal","navigability":"unknown"}},{"type":"Feature","geometry":{"type":"LineString","coordinates":[[3.3898148,6.4964645],[3.3898624,6.4964841],[3.3899998,6.4967221]]},"properties":{"osm_id":"way/745652824","name":"Unnamed (OSM way/745652824)","named":false,"source":"OpenStreetMap contributors","source_tags":{"waterway":"canal"},"retrieved_at":"2026-09-06T12:43:12.245Z","confidence":"openstreetmap_mapped_unverified","field_verified":false,"layer":"osm_waterway","waterway_type":"canal","navigability":"unknown"}},{"type":"Feature","geometry":{"type":"LineString","coordinates":[[3.3898624,6.4964841],[3.3897887,6.4965231]]},"properties":{"osm_id":"way/745652825","name":"Unnamed (OSM way/745652825)","named":false,"source":"OpenStreetMap contributors","source_tags":{"waterway":"canal"},"retrieved_at":"2026-09-06T12:43:12.245Z","confidence":"openstreetmap_mapped_unverified","field_verified":false,"layer":"osm_waterway","waterway_type":"canal","navigability":"unknown"}},{"type":"Feature","geometry":{"type":"LineString","coordinates":[[3.3915257,6.4995398],[3.3916224,6.4993985],[3.3915641,6.499222],[3.3916368,6.499166]]},"properties":{"osm_id":"way/745653346","name":"Unnamed (OSM way/745653346)","named":false,"source":"OpenStreetMap contributors","source_tags":{"waterway":"canal"},"retrieved_at":"2026-09-06T12:43:12.245Z","confidence":"openstreetmap_mapped_unverified","field_verified":false,"layer":"osm_waterway","waterway_type":"canal","navigability":"unknown"}},{"type":"Feature","geometry":{"type":"LineString","coordinates":[[3.3915312,6.4952452],[3.3915098,6.4951688],[3.3915876,6.4950955],[3.3916811,6.4950015],[3.3916663,6.4949495],[3.3916011,6.4948549],[3.3915876,6.4948203],[3.3915828,6.4947978],[3.3915713,6.4947811],[3.391566,6.4947665],[3.391528,6.4947179],[3.3914904,6.4946857],[3.3915442,6.4946346],[3.3915762,6.4946105],[3.3916181,6.4946071],[3.3916566,6.4945812],[3.3917485,6.4945952],[3.3918464,6.4945891],[3.3918954,6.4945052],[3.3919778,6.4944246],[3.3920281,6.494336],[3.3920871,6.4942687],[3.3921957,6.4941378]]},"properties":{"osm_id":"way/745677722","name":"Unnamed (OSM way/745677722)","named":false,"source":"OpenStreetMap contributors","source_tags":{"waterway":"canal"},"retrieved_at":"2026-09-06T12:43:12.245Z","confidence":"openstreetmap_mapped_unverified","field_verified":false,"layer":"osm_waterway","waterway_type":"canal","navigability":"unknown"}},{"type":"Feature","geometry":{"type":"LineString","coordinates":[[3.3913006,6.494872],[3.3912422,6.4949343],[3.3912516,6.4949902],[3.39132,6.4950735],[3.3914038,6.4951894],[3.3915312,6.4952452]]},"properties":{"osm_id":"way/745677724","name":"Unnamed (OSM way/745677724)","named":false,"source":"OpenStreetMap contributors","source_tags":{"waterway":"canal"},"retrieved_at":"2026-09-06T12:43:12.245Z","confidence":"openstreetmap_mapped_unverified","field_verified":false,"layer":"osm_waterway","waterway_type":"canal","navigability":"unknown"}},{"type":"Feature","geometry":{"type":"LineString","coordinates":[[3.3928492,6.497518],[3.3928773,6.4975051],[3.3933695,6.4972785]]},"properties":{"osm_id":"way/745689425","name":"Unnamed (OSM way/745689425)","named":false,"source":"OpenStreetMap contributors","source_tags":{"waterway":"canal"},"retrieved_at":"2026-09-06T12:43:12.245Z","confidence":"openstreetmap_mapped_unverified","field_verified":false,"layer":"osm_waterway","waterway_type":"canal","navigability":"unknown"}},{"type":"Feature","geometry":{"type":"LineString","coordinates":[[3.3921211,6.496288],[3.3921049,6.4963497],[3.3921196,6.4964443],[3.3921685,6.4965931]]},"properties":{"osm_id":"way/745691081","name":"Unnamed (OSM way/745691081)","named":false,"source":"OpenStreetMap contributors","source_tags":{"waterway":"canal"},"retrieved_at":"2026-09-06T12:43:12.245Z","confidence":"openstreetmap_mapped_unverified","field_verified":false,"layer":"osm_waterway","waterway_type":"canal","navigability":"unknown"}},{"type":"Feature","geometry":{"type":"LineString","coordinates":[[3.3912593,6.496916],[3.3913626,6.4968787],[3.3913954,6.4968727],[3.3914752,6.4968321],[3.3915979,6.4967988],[3.3916848,6.4967345],[3.391779,6.4966912],[3.3918149,6.4966928],[3.3918441,6.4966802],[3.3919104,6.4966502],[3.3919634,6.4966262],[3.3921685,6.4965931],[3.3921894,6.4966882]]},"properties":{"osm_id":"way/745691082","name":"Unnamed (OSM way/745691082)","named":false,"source":"OpenStreetMap contributors","source_tags":{"waterway":"canal"},"retrieved_at":"2026-09-06T12:43:12.245Z","confidence":"openstreetmap_mapped_unverified","field_verified":false,"layer":"osm_waterway","waterway_type":"canal","navigability":"unknown"}},{"type":"Feature","geometry":{"type":"LineString","coordinates":[[3.3932641,6.4970556],[3.3932258,6.4970456],[3.3931587,6.4969577],[3.393144,6.4968764],[3.3930608,6.4967791],[3.3929571,6.4966819],[3.3929219,6.4966812],[3.3928469,6.4965799],[3.3927551,6.4964047]]},"properties":{"osm_id":"way/745695136","name":"Unnamed (OSM way/745695136)","named":false,"source":"OpenStreetMap contributors","source_tags":{"waterway":"canal"},"retrieved_at":"2026-09-06T12:43:12.245Z","confidence":"openstreetmap_mapped_unverified","field_verified":false,"layer":"osm_waterway","waterway_type":"canal","navigability":"unknown"}},{"type":"Feature","geometry":{"type":"LineString","coordinates":[[3.3934702,6.4972139],[3.3934111,6.4971399],[3.3933843,6.4971305],[3.3933374,6.4970399]]},"properties":{"osm_id":"way/745695152","name":"Unnamed (OSM way/745695152)","named":false,"source":"OpenStreetMap contributors","source_tags":{"waterway":"canal"},"retrieved_at":"2026-09-06T12:43:12.245Z","confidence":"openstreetmap_mapped_unverified","field_verified":false,"layer":"osm_waterway","waterway_type":"canal","navigability":"unknown"}},{"type":"Feature","geometry":{"type":"LineString","coordinates":[[3.3933695,6.4972785],[3.393338,6.4973371],[3.3933447,6.497409],[3.3933776,6.4974757]]},"properties":{"osm_id":"way/745695154","name":"Unnamed (OSM way/745695154)","named":false,"source":"OpenStreetMap contributors","source_tags":{"waterway":"canal"},"retrieved_at":"2026-09-06T12:43:12.245Z","confidence":"openstreetmap_mapped_unverified","field_verified":false,"layer":"osm_waterway","waterway_type":"canal","navigability":"unknown"}},{"type":"Feature","geometry":{"type":"LineString","coordinates":[[3.3929673,6.4976233],[3.3929719,6.4976169],[3.3930725,6.4975696],[3.3931509,6.4975529],[3.3932321,6.4975243],[3.393298,6.497497],[3.3933776,6.4974757],[3.3934259,6.4975283],[3.3934626,6.4975708],[3.3936663,6.4975039]]},"properties":{"osm_id":"way/745695155","name":"Unnamed (OSM way/745695155)","named":false,"source":"OpenStreetMap contributors","source_tags":{"waterway":"canal"},"retrieved_at":"2026-09-06T12:43:12.245Z","confidence":"openstreetmap_mapped_unverified","field_verified":false,"layer":"osm_waterway","waterway_type":"canal","navigability":"unknown"}},{"type":"Feature","geometry":{"type":"LineString","coordinates":[[3.3932788,6.4976296],[3.393338,6.4977375],[3.3933454,6.4978428]]},"properties":{"osm_id":"way/745695156","name":"Unnamed (OSM way/745695156)","named":false,"source":"OpenStreetMap contributors","source_tags":{"waterway":"canal"},"retrieved_at":"2026-09-06T12:43:12.245Z","confidence":"openstreetmap_mapped_unverified","field_verified":false,"layer":"osm_waterway","waterway_type":"canal","navigability":"unknown"}},{"type":"Feature","geometry":{"type":"LineString","coordinates":[[3.3932887,6.4981534],[3.3932542,6.4980889],[3.3932441,6.4980706],[3.3932058,6.4980107],[3.3931972,6.4979973],[3.3931885,6.497938],[3.393281,6.4978814],[3.3933454,6.4978428],[3.3933964,6.4978408],[3.3934527,6.4978114],[3.3934768,6.4977102],[3.3934626,6.4975708]]},"properties":{"osm_id":"way/745695157","name":"Unnamed (OSM way/745695157)","named":false,"source":"OpenStreetMap contributors","source_tags":{"waterway":"canal"},"retrieved_at":"2026-09-06T12:43:12.245Z","confidence":"openstreetmap_mapped_unverified","field_verified":false,"layer":"osm_waterway","waterway_type":"canal","navigability":"unknown"}},{"type":"Feature","geometry":{"type":"LineString","coordinates":[[3.390714,6.4960685],[3.3907525,6.4961323],[3.3907836,6.4962011],[3.3908788,6.4963317],[3.3908546,6.496383],[3.3909216,6.49639]]},"properties":{"osm_id":"way/745791906","name":"Unnamed (OSM way/745791906)","named":false,"source":"OpenStreetMap contributors","source_tags":{"waterway":"canal"},"retrieved_at":"2026-09-06T12:43:12.245Z","confidence":"openstreetmap_mapped_unverified","field_verified":false,"layer":"osm_waterway","waterway_type":"canal","navigability":"unknown"}},{"type":"Feature","geometry":{"type":"LineString","coordinates":[[3.3907453,6.4960419],[3.390744,6.4960829],[3.3907903,6.4960718],[3.3908118,6.4960899],[3.3908446,6.4960946],[3.3908788,6.4961452],[3.3909358,6.4961185],[3.3909942,6.4961945],[3.3910391,6.4962677],[3.391072,6.4963144],[3.3911009,6.4964058]]},"properties":{"osm_id":"way/745791907","name":"Unnamed (OSM way/745791907)","named":false,"source":"OpenStreetMap contributors","source_tags":{"waterway":"canal"},"retrieved_at":"2026-09-06T12:43:12.245Z","confidence":"openstreetmap_mapped_unverified","field_verified":false,"layer":"osm_waterway","waterway_type":"canal","navigability":"unknown"}},{"type":"Feature","geometry":{"type":"LineString","coordinates":[[3.3907453,6.4960419],[3.390714,6.4960685]]},"properties":{"osm_id":"way/745791908","name":"Unnamed (OSM way/745791908)","named":false,"source":"OpenStreetMap contributors","source_tags":{"waterway":"canal"},"retrieved_at":"2026-09-06T12:43:12.245Z","confidence":"openstreetmap_mapped_unverified","field_verified":false,"layer":"osm_waterway","waterway_type":"canal","navigability":"unknown"}},{"type":"Feature","geometry":{"type":"LineString","coordinates":[[3.3906878,6.4959772],[3.3907453,6.4960419]]},"properties":{"osm_id":"way/745791909","name":"Unnamed (OSM way/745791909)","named":false,"source":"OpenStreetMap contributors","source_tags":{"waterway":"canal"},"retrieved_at":"2026-09-06T12:43:12.245Z","confidence":"openstreetmap_mapped_unverified","field_verified":false,"layer":"osm_waterway","waterway_type":"canal","navigability":"unknown"}},{"type":"Feature","geometry":{"type":"LineString","coordinates":[[3.389987,6.4995457],[3.3900589,6.4996023]]},"properties":{"osm_id":"way/745973046","name":"Unnamed (OSM way/745973046)","named":false,"source":"OpenStreetMap contributors","source_tags":{"waterway":"canal"},"retrieved_at":"2026-09-06T12:43:12.245Z","confidence":"openstreetmap_mapped_unverified","field_verified":false,"layer":"osm_waterway","waterway_type":"canal","navigability":"unknown"}},{"type":"Feature","geometry":{"type":"LineString","coordinates":[[3.3930054,6.4961555],[3.3931047,6.4962601],[3.3930825,6.4962871],[3.3931137,6.4963207],[3.393127,6.4963229],[3.3931687,6.496367],[3.3931972,6.496433],[3.3931871,6.4964666],[3.3931359,6.4965096],[3.3929571,6.4966819],[3.3929219,6.4967321],[3.392815,6.4968357],[3.392757,6.4968847],[3.3927265,6.4969567],[3.3928159,6.4970442]]},"properties":{"osm_id":"way/745982986","name":"Unnamed (OSM way/745982986)","named":false,"source":"OpenStreetMap contributors","source_tags":{"waterway":"canal"},"retrieved_at":"2026-09-06T12:43:12.245Z","confidence":"openstreetmap_mapped_unverified","field_verified":false,"layer":"osm_waterway","waterway_type":"canal","navigability":"unknown"}},{"type":"Feature","geometry":{"type":"LineString","coordinates":[[3.392716,6.4961392],[3.3927902,6.4962205],[3.3928385,6.4962711],[3.3928707,6.4962978],[3.3929571,6.496377],[3.393049,6.4963197],[3.3930825,6.4962871]]},"properties":{"osm_id":"way/745982987","name":"Unnamed (OSM way/745982987)","named":false,"source":"OpenStreetMap contributors","source_tags":{"waterway":"canal"},"retrieved_at":"2026-09-06T12:43:12.245Z","confidence":"openstreetmap_mapped_unverified","field_verified":false,"layer":"osm_waterway","waterway_type":"canal","navigability":"unknown"}},{"type":"Feature","geometry":{"type":"LineString","coordinates":[[3.3918636,6.4977848],[3.391669,6.4978644],[3.3913916,6.4980015]]},"properties":{"osm_id":"way/745990056","name":"Unnamed (OSM way/745990056)","named":false,"source":"OpenStreetMap contributors","source_tags":{"waterway":"canal"},"retrieved_at":"2026-09-06T12:43:12.245Z","confidence":"openstreetmap_mapped_unverified","field_verified":false,"layer":"osm_waterway","waterway_type":"canal","navigability":"unknown"}},{"type":"Feature","geometry":{"type":"LineString","coordinates":[[3.3914833,6.49775],[3.3914953,6.4977442],[3.3919261,6.4975403],[3.3920171,6.497467],[3.3921258,6.497425]]},"properties":{"osm_id":"way/745990058","name":"Unnamed (OSM way/745990058)","named":false,"source":"OpenStreetMap contributors","source_tags":{"waterway":"canal"},"retrieved_at":"2026-09-06T12:43:12.245Z","confidence":"openstreetmap_mapped_unverified","field_verified":false,"layer":"osm_waterway","waterway_type":"canal","navigability":"unknown"}},{"type":"Feature","geometry":{"type":"LineString","coordinates":[[3.3917452,6.4980151],[3.3917941,6.498009],[3.3918785,6.497945],[3.3919449,6.4978771],[3.3920657,6.4977281],[3.3921133,6.4977044],[3.3921574,6.4976518],[3.3922154,6.4975781],[3.3923006,6.4974979],[3.3923302,6.49747],[3.3925488,6.4972964],[3.3925824,6.497241],[3.3926118,6.4971925],[3.3926923,6.4970999],[3.3927875,6.4970679],[3.3928159,6.4970442],[3.3928546,6.497012],[3.3929189,6.496938],[3.3930376,6.4968194],[3.3930608,6.4967791],[3.3931214,6.4967135],[3.3932368,6.4966382],[3.3933347,6.4965496],[3.3934708,6.496425],[3.3935513,6.4963456]]},"properties":{"osm_id":"way/745990059","name":"Unnamed (OSM way/745990059)","named":false,"source":"OpenStreetMap contributors","source_tags":{"waterway":"canal"},"retrieved_at":"2026-09-06T12:43:12.245Z","confidence":"openstreetmap_mapped_unverified","field_verified":false,"layer":"osm_waterway","waterway_type":"canal","navigability":"unknown"}},{"type":"Feature","geometry":{"type":"LineString","coordinates":[[3.3919449,6.4978771],[3.3920137,6.4979705],[3.3920578,6.4980303],[3.3921137,6.4981214]]},"properties":{"osm_id":"way/745990060","name":"Unnamed (OSM way/745990060)","named":false,"source":"OpenStreetMap contributors","source_tags":{"waterway":"canal"},"retrieved_at":"2026-09-06T12:43:12.245Z","confidence":"openstreetmap_mapped_unverified","field_verified":false,"layer":"osm_waterway","waterway_type":"canal","navigability":"unknown"}},{"type":"Feature","geometry":{"type":"LineString","coordinates":[[3.3920137,6.4979705],[3.3920995,6.4979067],[3.3921605,6.4978588],[3.3921859,6.4978285],[3.3922142,6.4978034],[3.3922326,6.4977871],[3.3922845,6.4977366],[3.3923749,6.4976569],[3.3924031,6.4976378],[3.3924108,6.4976266],[3.3924463,6.4975985],[3.3925111,6.4975852],[3.3925792,6.4975306],[3.3926209,6.4974872],[3.3927412,6.4973731],[3.3928643,6.4972715],[3.3929796,6.4971822],[3.3931174,6.4971146],[3.3931992,6.4970706],[3.3932641,6.4970556],[3.3933374,6.4970399],[3.3933803,6.4970346],[3.3935305,6.4969467]]},"properties":{"osm_id":"way/745990061","name":"Unnamed (OSM way/745990061)","named":false,"source":"OpenStreetMap contributors","source_tags":{"waterway":"canal"},"retrieved_at":"2026-09-06T12:43:12.245Z","confidence":"openstreetmap_mapped_unverified","field_verified":false,"layer":"osm_waterway","waterway_type":"canal","navigability":"unknown"}},{"type":"Feature","geometry":{"type":"LineString","coordinates":[[3.3915138,6.499037],[3.3915212,6.4988043],[3.391481,6.4986472],[3.391483,6.4986146],[3.3914869,6.4984914]]},"properties":{"osm_id":"way/745995881","name":"Unnamed (OSM way/745995881)","named":false,"source":"OpenStreetMap contributors","source_tags":{"waterway":"canal"},"retrieved_at":"2026-09-06T12:43:12.245Z","confidence":"openstreetmap_mapped_unverified","field_verified":false,"layer":"osm_waterway","waterway_type":"canal","navigability":"unknown"}},{"type":"Feature","geometry":{"type":"LineString","coordinates":[[3.3929264,6.4940707],[3.3929399,6.4941442],[3.3928252,6.4942355],[3.392719,6.4943178],[3.3927967,6.494406],[3.3928712,6.4944349],[3.3929332,6.494388],[3.3930277,6.4942401],[3.3930559,6.4942928],[3.3930901,6.4942575],[3.3931681,6.4943293],[3.3932282,6.4943687],[3.3932963,6.4944486],[3.3932465,6.4945648],[3.3933097,6.4946222],[3.3933741,6.4946781]]},"properties":{"osm_id":"way/745996924","name":"Unnamed (OSM way/745996924)","named":false,"source":"OpenStreetMap contributors","source_tags":{"waterway":"canal"},"retrieved_at":"2026-09-06T12:43:12.245Z","confidence":"openstreetmap_mapped_unverified","field_verified":false,"layer":"osm_waterway","waterway_type":"canal","navigability":"unknown"}},{"type":"Feature","geometry":{"type":"LineString","coordinates":[[3.3929399,6.4941442],[3.3930277,6.4942401]]},"properties":{"osm_id":"way/745996925","name":"Unnamed (OSM way/745996925)","named":false,"source":"OpenStreetMap contributors","source_tags":{"waterway":"canal"},"retrieved_at":"2026-09-06T12:43:12.245Z","confidence":"openstreetmap_mapped_unverified","field_verified":false,"layer":"osm_waterway","waterway_type":"canal","navigability":"unknown"}},{"type":"Feature","geometry":{"type":"LineString","coordinates":[[3.3927011,6.4958599],[3.3927231,6.4957974],[3.3927935,6.4957121],[3.3928183,6.4956515],[3.3928385,6.4956008],[3.3928955,6.4955242]]},"properties":{"osm_id":"way/745998238","name":"Unnamed (OSM way/745998238)","named":false,"source":"OpenStreetMap contributors","source_tags":{"waterway":"canal"},"retrieved_at":"2026-09-06T12:43:12.245Z","confidence":"openstreetmap_mapped_unverified","field_verified":false,"layer":"osm_waterway","waterway_type":"canal","navigability":"unknown"}},{"type":"Feature","geometry":{"type":"LineString","coordinates":[[3.3934855,6.4963214],[3.3936701,6.4961326],[3.3937689,6.4960478],[3.393838,6.4960126],[3.3938725,6.4959966],[3.3939395,6.4959393],[3.3941447,6.4957541],[3.3942936,6.4955622],[3.394433,6.4955089],[3.3945611,6.4955482]]},"properties":{"osm_id":"way/745998881","name":"Unnamed (OSM way/745998881)","named":false,"source":"OpenStreetMap contributors","source_tags":{"waterway":"canal"},"retrieved_at":"2026-09-06T12:43:12.245Z","confidence":"openstreetmap_mapped_unverified","field_verified":false,"layer":"osm_waterway","waterway_type":"canal","navigability":"unknown"}},{"type":"Feature","geometry":{"type":"LineString","coordinates":[[3.3935991,6.496355],[3.3937095,6.4962581],[3.3937822,6.4962285],[3.394104,6.4959716],[3.39425,6.4958572],[3.3945611,6.4955482],[3.395142,6.4951713]]},"properties":{"osm_id":"way/745999555","name":"Unnamed (OSM way/745999555)","named":false,"source":"OpenStreetMap contributors","source_tags":{"waterway":"canal"},"retrieved_at":"2026-09-06T12:43:12.245Z","confidence":"openstreetmap_mapped_unverified","field_verified":false,"layer":"osm_waterway","waterway_type":"canal","navigability":"unknown"}},{"type":"Feature","geometry":{"type":"LineString","coordinates":[[3.3927705,6.498665],[3.3929902,6.4987431],[3.3934112,6.4988905]]},"properties":{"osm_id":"way/746000220","name":"Unnamed (OSM way/746000220)","named":false,"source":"OpenStreetMap contributors","source_tags":{"waterway":"canal"},"retrieved_at":"2026-09-06T12:43:12.245Z","confidence":"openstreetmap_mapped_unverified","field_verified":false,"layer":"osm_waterway","waterway_type":"canal","navigability":"unknown"}},{"type":"Feature","geometry":{"type":"LineString","coordinates":[[3.3930341,6.4985495],[3.3928931,6.4982567],[3.3928861,6.4982421],[3.3928596,6.4981496],[3.3928526,6.4980833],[3.3928499,6.498058],[3.3927555,6.4979139],[3.392737,6.4978943],[3.3926875,6.4978257],[3.3926649,6.4977831],[3.3926424,6.4977246],[3.3926094,6.4976757]]},"properties":{"osm_id":"way/746000224","name":"Unnamed (OSM way/746000224)","named":false,"source":"OpenStreetMap contributors","source_tags":{"waterway":"canal"},"retrieved_at":"2026-09-06T12:43:12.245Z","confidence":"openstreetmap_mapped_unverified","field_verified":false,"layer":"osm_waterway","waterway_type":"canal","navigability":"unknown"}},{"type":"Feature","geometry":{"type":"LineString","coordinates":[[3.3926587,6.4983739],[3.3928931,6.4982567]]},"properties":{"osm_id":"way/746000225","name":"Unnamed (OSM way/746000225)","named":false,"source":"OpenStreetMap contributors","source_tags":{"waterway":"canal"},"retrieved_at":"2026-09-06T12:43:12.245Z","confidence":"openstreetmap_mapped_unverified","field_verified":false,"layer":"osm_waterway","waterway_type":"canal","navigability":"unknown"}},{"type":"Feature","geometry":{"type":"LineString","coordinates":[[3.3928861,6.4982421],[3.3931202,6.4981101],[3.393108,6.4980739],[3.3932058,6.4980107]]},"properties":{"osm_id":"way/746000226","name":"Unnamed (OSM way/746000226)","named":false,"source":"OpenStreetMap contributors","source_tags":{"waterway":"canal"},"retrieved_at":"2026-09-06T12:43:12.245Z","confidence":"openstreetmap_mapped_unverified","field_verified":false,"layer":"osm_waterway","waterway_type":"canal","navigability":"unknown"}},{"type":"Feature","geometry":{"type":"LineString","coordinates":[[3.3928478,6.4986079],[3.3926587,6.4983739]]},"properties":{"osm_id":"way/746000227","name":"Unnamed (OSM way/746000227)","named":false,"source":"OpenStreetMap contributors","source_tags":{"waterway":"canal"},"retrieved_at":"2026-09-06T12:43:12.245Z","confidence":"openstreetmap_mapped_unverified","field_verified":false,"layer":"osm_waterway","waterway_type":"canal","navigability":"unknown"}},{"type":"Feature","geometry":{"type":"LineString","coordinates":[[3.3934357,6.4984808],[3.3933522,6.4983139],[3.3932887,6.4981534]]},"properties":{"osm_id":"way/746000228","name":"Unnamed (OSM way/746000228)","named":false,"source":"OpenStreetMap contributors","source_tags":{"waterway":"canal"},"retrieved_at":"2026-09-06T12:43:12.245Z","confidence":"openstreetmap_mapped_unverified","field_verified":false,"layer":"osm_waterway","waterway_type":"canal","navigability":"unknown"}},{"type":"Feature","geometry":{"type":"LineString","coordinates":[[3.393866,6.4967149],[3.3939367,6.4966884],[3.3940387,6.4966148],[3.3942028,6.4965099],[3.3942999,6.4964409],[3.3944389,6.4963729],[3.3944809,6.4963461],[3.3944943,6.4963375],[3.394686,6.4962582],[3.3948023,6.4961674],[3.3953419,6.4957382]]},"properties":{"osm_id":"way/746000324","name":"Unnamed (OSM way/746000324)","named":false,"source":"OpenStreetMap contributors","source_tags":{"waterway":"canal"},"retrieved_at":"2026-09-06T12:43:12.245Z","confidence":"openstreetmap_mapped_unverified","field_verified":false,"layer":"osm_waterway","waterway_type":"canal","navigability":"unknown"}},{"type":"Feature","geometry":{"type":"LineString","coordinates":[[3.3939035,6.49677],[3.393936,6.4967077],[3.3940634,6.4966228],[3.3942785,6.4964843],[3.3944642,6.4963793],[3.3945728,6.4963309],[3.3954192,6.4958809]]},"properties":{"osm_id":"way/746000335","name":"Unnamed (OSM way/746000335)","named":false,"source":"OpenStreetMap contributors","source_tags":{"waterway":"canal"},"retrieved_at":"2026-09-06T12:43:12.245Z","confidence":"openstreetmap_mapped_unverified","field_verified":false,"layer":"osm_waterway","waterway_type":"canal","navigability":"unknown"}},{"type":"Feature","geometry":{"type":"LineString","coordinates":[[3.3935305,6.4969467],[3.3935398,6.4969165],[3.393616,6.4968852],[3.3936689,6.4968731],[3.3936973,6.496814],[3.393866,6.4967149]]},"properties":{"osm_id":"way/746000336","name":"Unnamed (OSM way/746000336)","named":false,"source":"OpenStreetMap contributors","source_tags":{"waterway":"canal"},"retrieved_at":"2026-09-06T12:43:12.245Z","confidence":"openstreetmap_mapped_unverified","field_verified":false,"layer":"osm_waterway","waterway_type":"canal","navigability":"unknown"}},{"type":"Feature","geometry":{"type":"LineString","coordinates":[[3.3890239,6.4943392],[3.3891059,6.494291],[3.3892443,6.4942022]]},"properties":{"osm_id":"way/746005506","name":"Unnamed (OSM way/746005506)","named":false,"source":"OpenStreetMap contributors","source_tags":{"waterway":"drain"},"retrieved_at":"2026-09-06T12:43:12.245Z","confidence":"openstreetmap_mapped_unverified","field_verified":false,"layer":"osm_waterway","waterway_type":"drain","navigability":"unknown"}},{"type":"Feature","geometry":{"type":"LineString","coordinates":[[3.392465,6.4942055],[3.3925671,6.4943035],[3.3926873,6.4941752],[3.3927121,6.4941222],[3.3927782,6.4940629]]},"properties":{"osm_id":"way/746008729","name":"Unnamed (OSM way/746008729)","named":false,"source":"OpenStreetMap contributors","source_tags":{"waterway":"canal"},"retrieved_at":"2026-09-06T12:43:12.245Z","confidence":"openstreetmap_mapped_unverified","field_verified":false,"layer":"osm_waterway","waterway_type":"canal","navigability":"unknown"}},{"type":"Feature","geometry":{"type":"LineString","coordinates":[[3.3917766,6.5021181],[3.3917304,6.5022884],[3.3916546,6.5024611],[3.3915731,6.502607],[3.3915581,6.502656],[3.3915402,6.502715]]},"properties":{"osm_id":"way/746011824","name":"Unnamed (OSM way/746011824)","named":false,"source":"OpenStreetMap contributors","source_tags":{"waterway":"drain"},"retrieved_at":"2026-09-06T12:43:12.245Z","confidence":"openstreetmap_mapped_unverified","field_verified":false,"layer":"osm_waterway","waterway_type":"drain","navigability":"unknown"}},{"type":"Feature","geometry":{"type":"LineString","coordinates":[[3.3906333,6.4949333],[3.3906465,6.4949419],[3.390819,6.4950894]]},"properties":{"osm_id":"way/746012270","name":"Unnamed (OSM way/746012270)","named":false,"source":"OpenStreetMap contributors","source_tags":{"waterway":"drain"},"retrieved_at":"2026-09-06T12:43:12.245Z","confidence":"openstreetmap_mapped_unverified","field_verified":false,"layer":"osm_waterway","waterway_type":"drain","navigability":"unknown"}},{"type":"Feature","geometry":{"type":"LineString","coordinates":[[3.3892136,6.4946556],[3.3891959,6.4946886],[3.3891549,6.4947343],[3.3891006,6.494754]]},"properties":{"osm_id":"way/746012891","name":"Unnamed (OSM way/746012891)","named":false,"source":"OpenStreetMap contributors","source_tags":{"waterway":"canal"},"retrieved_at":"2026-09-06T12:43:12.245Z","confidence":"openstreetmap_mapped_unverified","field_verified":false,"layer":"osm_waterway","waterway_type":"canal","navigability":"unknown"}},{"type":"Feature","geometry":{"type":"LineString","coordinates":[[3.3890599,6.4954617],[3.3891049,6.4954083],[3.3891824,6.4953382],[3.3892433,6.4952915],[3.3893245,6.4952177],[3.3894257,6.4951557],[3.389548,6.4950617],[3.3896451,6.4950079]]},"properties":{"osm_id":"way/746014783","name":"Unnamed (OSM way/746014783)","named":false,"source":"OpenStreetMap contributors","source_tags":{"waterway":"canal"},"retrieved_at":"2026-09-06T12:43:12.245Z","confidence":"openstreetmap_mapped_unverified","field_verified":false,"layer":"osm_waterway","waterway_type":"canal","navigability":"unknown"}},{"type":"Feature","geometry":{"type":"LineString","coordinates":[[3.3895443,6.5000643],[3.3897434,6.4998507],[3.3900589,6.4996023],[3.3901142,6.4995742],[3.3906896,6.4991144],[3.3909628,6.4988688],[3.3914449,6.4985259]]},"properties":{"osm_id":"way/746016462","name":"Unnamed (OSM way/746016462)","named":false,"source":"OpenStreetMap contributors","source_tags":{"boat":"yes","waterway":"canal"},"retrieved_at":"2026-09-06T12:43:12.245Z","confidence":"openstreetmap_mapped_unverified","field_verified":false,"layer":"osm_waterway","waterway_type":"canal","navigability":"unknown"}},{"type":"Feature","geometry":{"type":"LineString","coordinates":[[3.3936701,6.4961326],[3.3936096,6.4960812],[3.3935412,6.4960079],[3.3935399,6.4959946],[3.3934829,6.49592],[3.393446,6.4958647],[3.3933354,6.495766]]},"properties":{"osm_id":"way/746018498","name":"Unnamed (OSM way/746018498)","named":false,"source":"OpenStreetMap contributors","source_tags":{"waterway":"canal"},"retrieved_at":"2026-09-06T12:43:12.245Z","confidence":"openstreetmap_mapped_unverified","field_verified":false,"layer":"osm_waterway","waterway_type":"canal","navigability":"unknown"}},{"type":"Feature","geometry":{"type":"LineString","coordinates":[[3.391342,6.4954474],[3.391373,6.4954699],[3.3914253,6.4954736],[3.3914743,6.4955132],[3.3915413,6.4955752],[3.3915802,6.4956298],[3.3916325,6.4957497],[3.3916982,6.495817],[3.3917534,6.4958664],[3.3917257,6.4959243],[3.3917934,6.4959416],[3.3919115,6.4961255],[3.3919362,6.4961855],[3.3920273,6.4962592]]},"properties":{"osm_id":"way/746023136","name":"Unnamed (OSM way/746023136)","named":false,"source":"OpenStreetMap contributors","source_tags":{"waterway":"canal"},"retrieved_at":"2026-09-06T12:43:12.245Z","confidence":"openstreetmap_mapped_unverified","field_verified":false,"layer":"osm_waterway","waterway_type":"canal","navigability":"unknown"}},{"type":"Feature","geometry":{"type":"LineString","coordinates":[[3.3916239,6.4963121],[3.3915796,6.4961975],[3.3915219,6.4961928],[3.3914917,6.4961421],[3.3914418,6.4960862],[3.3914176,6.4960136],[3.3913679,6.4959373],[3.391323,6.4959622],[3.3912838,6.4959176],[3.3912885,6.4958644],[3.3912429,6.4958004],[3.391197,6.4957867],[3.3911213,6.4957081],[3.3911068,6.4956561]]},"properties":{"osm_id":"way/746028307","name":"Unnamed (OSM way/746028307)","named":false,"source":"OpenStreetMap contributors","source_tags":{"waterway":"canal"},"retrieved_at":"2026-09-06T12:43:12.245Z","confidence":"openstreetmap_mapped_unverified","field_verified":false,"layer":"osm_waterway","waterway_type":"canal","navigability":"unknown"}},{"type":"Feature","geometry":{"type":"LineString","coordinates":[[3.3911148,6.4970023],[3.3911406,6.4970656],[3.391148,6.4970772],[3.3911953,6.4971163],[3.3912613,6.4971192],[3.3912734,6.4971022],[3.3912931,6.4970873],[3.3916127,6.4969253],[3.3916315,6.4969],[3.391716,6.4968694],[3.3917743,6.4968513],[3.3919486,6.4967621],[3.3921894,6.4966882],[3.3922745,6.4968083]]},"properties":{"osm_id":"way/746030062","name":"Unnamed (OSM way/746030062)","named":false,"source":"OpenStreetMap contributors","source_tags":{"waterway":"canal"},"retrieved_at":"2026-09-06T12:43:12.245Z","confidence":"openstreetmap_mapped_unverified","field_verified":false,"layer":"osm_waterway","waterway_type":"canal","navigability":"unknown"}},{"type":"Feature","geometry":{"type":"LineString","coordinates":[[3.3919683,6.4982093],[3.3919946,6.4982402],[3.3920825,6.4983921],[3.3921937,6.4985317]]},"properties":{"osm_id":"way/746054499","name":"Unnamed (OSM way/746054499)","named":false,"source":"OpenStreetMap contributors","source_tags":{"waterway":"canal"},"retrieved_at":"2026-09-06T12:43:12.245Z","confidence":"openstreetmap_mapped_unverified","field_verified":false,"layer":"osm_waterway","waterway_type":"canal","navigability":"unknown"}},{"type":"Feature","geometry":{"type":"LineString","coordinates":[[3.392234,6.4986106],[3.3923953,6.498871]]},"properties":{"osm_id":"way/746054501","name":"Unnamed (OSM way/746054501)","named":false,"source":"OpenStreetMap contributors","source_tags":{"waterway":"canal"},"retrieved_at":"2026-09-06T12:43:12.245Z","confidence":"openstreetmap_mapped_unverified","field_verified":false,"layer":"osm_waterway","waterway_type":"canal","navigability":"unknown"}},{"type":"Feature","geometry":{"type":"LineString","coordinates":[[3.3903486,6.4949976],[3.3902807,6.4950742],[3.3902103,6.4950682],[3.3900755,6.4951088],[3.3899866,6.4951441],[3.3898877,6.4951921],[3.3898466,6.4952347]]},"properties":{"osm_id":"way/746054944","name":"Unnamed (OSM way/746054944)","named":false,"source":"OpenStreetMap contributors","source_tags":{"waterway":"canal"},"retrieved_at":"2026-09-06T12:43:12.245Z","confidence":"openstreetmap_mapped_unverified","field_verified":false,"layer":"osm_waterway","waterway_type":"canal","navigability":"unknown"}},{"type":"Feature","geometry":{"type":"LineString","coordinates":[[3.391483,6.4986146],[3.391603,6.4985973],[3.391837,6.4984887],[3.3920825,6.4983921]]},"properties":{"osm_id":"way/746055228","name":"Unnamed (OSM way/746055228)","named":false,"source":"OpenStreetMap contributors","source_tags":{"waterway":"canal"},"retrieved_at":"2026-09-06T12:43:12.245Z","confidence":"openstreetmap_mapped_unverified","field_verified":false,"layer":"osm_waterway","waterway_type":"canal","navigability":"unknown"}},{"type":"Feature","geometry":{"type":"LineString","coordinates":[[3.38886,6.4937482],[3.3887579,6.4936217],[3.3886063,6.4935031],[3.3885574,6.4934612]]},"properties":{"osm_id":"way/746057541","name":"Unnamed (OSM way/746057541)","named":false,"source":"OpenStreetMap contributors","source_tags":{"waterway":"canal"},"retrieved_at":"2026-09-06T12:43:12.245Z","confidence":"openstreetmap_mapped_unverified","field_verified":false,"layer":"osm_waterway","waterway_type":"canal","navigability":"unknown"}},{"type":"Feature","geometry":{"type":"LineString","coordinates":[[3.3921859,6.4978285],[3.3922209,6.4978721],[3.3922688,6.4979336],[3.3923008,6.4979736]]},"properties":{"osm_id":"way/746065281","name":"Unnamed (OSM way/746065281)","named":false,"source":"OpenStreetMap contributors","source_tags":{"waterway":"canal"},"retrieved_at":"2026-09-06T12:43:12.245Z","confidence":"openstreetmap_mapped_unverified","field_verified":false,"layer":"osm_waterway","waterway_type":"canal","navigability":"unknown"}},{"type":"Feature","geometry":{"type":"LineString","coordinates":[[3.3921133,6.4977044],[3.3922142,6.4978034]]},"properties":{"osm_id":"way/746065282","name":"Unnamed (OSM way/746065282)","named":false,"source":"OpenStreetMap contributors","source_tags":{"waterway":"canal"},"retrieved_at":"2026-09-06T12:43:12.245Z","confidence":"openstreetmap_mapped_unverified","field_verified":false,"layer":"osm_waterway","waterway_type":"canal","navigability":"unknown"}},{"type":"Feature","geometry":{"type":"LineString","coordinates":[[3.3923006,6.4974979],[3.3923298,6.4975353],[3.3923591,6.4975761],[3.3924031,6.4976378]]},"properties":{"osm_id":"way/746065283","name":"Unnamed (OSM way/746065283)","named":false,"source":"OpenStreetMap contributors","source_tags":{"waterway":"canal"},"retrieved_at":"2026-09-06T12:43:12.245Z","confidence":"openstreetmap_mapped_unverified","field_verified":false,"layer":"osm_waterway","waterway_type":"canal","navigability":"unknown"}},{"type":"Feature","geometry":{"type":"LineString","coordinates":[[3.3922895,6.4969335],[3.3924462,6.4970383],[3.3925136,6.4970719],[3.3925329,6.4970929],[3.392524,6.4971192],[3.3925548,6.4971539],[3.3925824,6.497241],[3.3926507,6.4973451],[3.3927412,6.4973731],[3.3927681,6.4973844],[3.3928773,6.4975051]]},"properties":{"osm_id":"way/746098378","name":"Unnamed (OSM way/746098378)","named":false,"source":"OpenStreetMap contributors","source_tags":{"waterway":"canal"},"retrieved_at":"2026-09-06T12:43:12.245Z","confidence":"openstreetmap_mapped_unverified","field_verified":false,"layer":"osm_waterway","waterway_type":"canal","navigability":"unknown"}},{"type":"Feature","geometry":{"type":"LineString","coordinates":[[3.3907681,6.4973061],[3.3909888,6.4972008],[3.3910431,6.4971489],[3.3910609,6.4971742],[3.3911232,6.4971485],[3.3911953,6.4971163]]},"properties":{"osm_id":"way/746098379","name":"Unnamed (OSM way/746098379)","named":false,"source":"OpenStreetMap contributors","source_tags":{"waterway":"canal"},"retrieved_at":"2026-09-06T12:43:12.245Z","confidence":"openstreetmap_mapped_unverified","field_verified":false,"layer":"osm_waterway","waterway_type":"canal","navigability":"unknown"}},{"type":"Feature","geometry":{"type":"LineString","coordinates":[[3.3940646,6.4981644],[3.3940904,6.4983191],[3.394081,6.4983578],[3.3941199,6.4985077]]},"properties":{"osm_id":"way/746098403","name":"Unnamed (OSM way/746098403)","named":false,"source":"OpenStreetMap contributors","source_tags":{"waterway":"canal"},"retrieved_at":"2026-09-06T12:43:12.245Z","confidence":"openstreetmap_mapped_unverified","field_verified":false,"layer":"osm_waterway","waterway_type":"canal","navigability":"unknown"}},{"type":"Feature","geometry":{"type":"LineString","coordinates":[[3.3934634,6.4979687],[3.3933856,6.498002],[3.3933158,6.4980512],[3.3932542,6.4980889]]},"properties":{"osm_id":"way/746098404","name":"Unnamed (OSM way/746098404)","named":false,"source":"OpenStreetMap contributors","source_tags":{"waterway":"canal"},"retrieved_at":"2026-09-06T12:43:12.245Z","confidence":"openstreetmap_mapped_unverified","field_verified":false,"layer":"osm_waterway","waterway_type":"canal","navigability":"unknown"}},{"type":"Feature","geometry":{"type":"LineString","coordinates":[[3.3928526,6.4980833],[3.3929149,6.49804],[3.3929937,6.4980273],[3.3930618,6.4980053]]},"properties":{"osm_id":"way/746098405","name":"Unnamed (OSM way/746098405)","named":false,"source":"OpenStreetMap contributors","source_tags":{"waterway":"canal"},"retrieved_at":"2026-09-06T12:43:12.245Z","confidence":"openstreetmap_mapped_unverified","field_verified":false,"layer":"osm_waterway","waterway_type":"canal","navigability":"unknown"}},{"type":"Feature","geometry":{"type":"LineString","coordinates":[[3.393108,6.4980739],[3.3930618,6.4980053],[3.393045,6.4979527],[3.392937,6.4977861]]},"properties":{"osm_id":"way/746098406","name":"Unnamed (OSM way/746098406)","named":false,"source":"OpenStreetMap contributors","source_tags":{"waterway":"canal"},"retrieved_at":"2026-09-06T12:43:12.245Z","confidence":"openstreetmap_mapped_unverified","field_verified":false,"layer":"osm_waterway","waterway_type":"canal","navigability":"unknown"}},{"type":"Feature","geometry":{"type":"LineString","coordinates":[[3.3913717,6.4942466],[3.3913018,6.4942857],[3.3912295,6.4942759],[3.3911564,6.4942285],[3.391034,6.4941533],[3.3909288,6.4940649]]},"properties":{"osm_id":"way/746102303","name":"Unnamed (OSM way/746102303)","named":false,"source":"OpenStreetMap contributors","source_tags":{"waterway":"canal"},"retrieved_at":"2026-09-06T12:43:12.245Z","confidence":"openstreetmap_mapped_unverified","field_verified":false,"layer":"osm_waterway","waterway_type":"canal","navigability":"unknown"}},{"type":"Feature","geometry":{"type":"LineString","coordinates":[[3.3916711,6.4935555],[3.3917261,6.4935969],[3.3917113,6.4936274],[3.3917365,6.4936547],[3.3917807,6.4937054],[3.3918076,6.493715],[3.3918139,6.4937044],[3.3918528,6.49366]]},"properties":{"osm_id":"way/746102306","name":"Unnamed (OSM way/746102306)","named":false,"source":"OpenStreetMap contributors","source_tags":{"waterway":"canal"},"retrieved_at":"2026-09-06T12:43:12.245Z","confidence":"openstreetmap_mapped_unverified","field_verified":false,"layer":"osm_waterway","waterway_type":"canal","navigability":"unknown"}},{"type":"Feature","geometry":{"type":"LineString","coordinates":[[3.3916694,6.4941646],[3.3917395,6.4940925],[3.3917696,6.4940448],[3.3917955,6.4940325],[3.391891,6.4939412],[3.3919977,6.4938386],[3.3919446,6.4937776]]},"properties":{"osm_id":"way/746102307","name":"Unnamed (OSM way/746102307)","named":false,"source":"OpenStreetMap contributors","source_tags":{"waterway":"canal"},"retrieved_at":"2026-09-06T12:43:12.245Z","confidence":"openstreetmap_mapped_unverified","field_verified":false,"layer":"osm_waterway","waterway_type":"canal","navigability":"unknown"}},{"type":"Feature","geometry":{"type":"LineString","coordinates":[[3.3915956,6.4940584],[3.3916694,6.4941646],[3.3916926,6.4942521]]},"properties":{"osm_id":"way/746102308","name":"Unnamed (OSM way/746102308)","named":false,"source":"OpenStreetMap contributors","source_tags":{"waterway":"canal"},"retrieved_at":"2026-09-06T12:43:12.245Z","confidence":"openstreetmap_mapped_unverified","field_verified":false,"layer":"osm_waterway","waterway_type":"canal","navigability":"unknown"}},{"type":"Feature","geometry":{"type":"LineString","coordinates":[[3.3916285,6.4940415],[3.3915956,6.4940584],[3.3914501,6.4941804],[3.3913717,6.4942466]]},"properties":{"osm_id":"way/746102309","name":"Unnamed (OSM way/746102309)","named":false,"source":"OpenStreetMap contributors","source_tags":{"waterway":"canal"},"retrieved_at":"2026-09-06T12:43:12.245Z","confidence":"openstreetmap_mapped_unverified","field_verified":false,"layer":"osm_waterway","waterway_type":"canal","navigability":"unknown"}},{"type":"Feature","geometry":{"type":"LineString","coordinates":[[3.3916285,6.4940415],[3.3916773,6.4940079]]},"properties":{"osm_id":"way/746102310","name":"Unnamed (OSM way/746102310)","named":false,"source":"OpenStreetMap contributors","source_tags":{"waterway":"canal"},"retrieved_at":"2026-09-06T12:43:12.245Z","confidence":"openstreetmap_mapped_unverified","field_verified":false,"layer":"osm_waterway","waterway_type":"canal","navigability":"unknown"}},{"type":"Feature","geometry":{"type":"LineString","coordinates":[[3.3915403,6.4937223],[3.3915762,6.4937751],[3.3916633,6.4938696],[3.3916872,6.4939279],[3.3916773,6.4940079],[3.3917044,6.4940075],[3.3917292,6.4940315],[3.3917432,6.4940533],[3.3917395,6.4940925],[3.3917546,6.4941204],[3.3918019,6.4941658],[3.3918305,6.4942043]]},"properties":{"osm_id":"way/746102313","name":"Unnamed (OSM way/746102313)","named":false,"source":"OpenStreetMap contributors","source_tags":{"waterway":"canal"},"retrieved_at":"2026-09-06T12:43:12.245Z","confidence":"openstreetmap_mapped_unverified","field_verified":false,"layer":"osm_waterway","waterway_type":"canal","navigability":"unknown"}},{"type":"Feature","geometry":{"type":"LineString","coordinates":[[3.3916778,6.4932956],[3.3917204,6.4933353],[3.3917639,6.4933742],[3.3918011,6.4934119]]},"properties":{"osm_id":"way/746102314","name":"Unnamed (OSM way/746102314)","named":false,"source":"OpenStreetMap contributors","source_tags":{"waterway":"canal"},"retrieved_at":"2026-09-06T12:43:12.245Z","confidence":"openstreetmap_mapped_unverified","field_verified":false,"layer":"osm_waterway","waterway_type":"canal","navigability":"unknown"}},{"type":"Feature","geometry":{"type":"LineString","coordinates":[[3.3919539,6.4929247],[3.3919777,6.4929801],[3.3920288,6.493021],[3.3919988,6.4930626],[3.3920813,6.4931252]]},"properties":{"osm_id":"way/746102315","name":"Unnamed (OSM way/746102315)","named":false,"source":"OpenStreetMap contributors","source_tags":{"waterway":"canal"},"retrieved_at":"2026-09-06T12:43:12.245Z","confidence":"openstreetmap_mapped_unverified","field_verified":false,"layer":"osm_waterway","waterway_type":"canal","navigability":"unknown"}},{"type":"Feature","geometry":{"type":"LineString","coordinates":[[3.3909417,6.4936246],[3.3910461,6.4937173],[3.3911379,6.4938116]]},"properties":{"osm_id":"way/746102316","name":"Unnamed (OSM way/746102316)","named":false,"source":"OpenStreetMap contributors","source_tags":{"waterway":"canal"},"retrieved_at":"2026-09-06T12:43:12.245Z","confidence":"openstreetmap_mapped_unverified","field_verified":false,"layer":"osm_waterway","waterway_type":"canal","navigability":"unknown"}},{"type":"Feature","geometry":{"type":"LineString","coordinates":[[3.3901836,6.4939792],[3.390325,6.4941245]]},"properties":{"osm_id":"way/746102317","name":"Unnamed (OSM way/746102317)","named":false,"source":"OpenStreetMap contributors","source_tags":{"waterway":"canal"},"retrieved_at":"2026-09-06T12:43:12.245Z","confidence":"openstreetmap_mapped_unverified","field_verified":false,"layer":"osm_waterway","waterway_type":"canal","navigability":"unknown"}},{"type":"Feature","geometry":{"type":"LineString","coordinates":[[3.3903906,6.4938438],[3.3903126,6.4939189],[3.3903504,6.4939758],[3.3904203,6.4940518],[3.3904307,6.4940649]]},"properties":{"osm_id":"way/746102318","name":"Unnamed (OSM way/746102318)","named":false,"source":"OpenStreetMap contributors","source_tags":{"waterway":"canal"},"retrieved_at":"2026-09-06T12:43:12.245Z","confidence":"openstreetmap_mapped_unverified","field_verified":false,"layer":"osm_waterway","waterway_type":"canal","navigability":"unknown"}},{"type":"Feature","geometry":{"type":"LineString","coordinates":[[3.3902529,6.4937155],[3.3901674,6.4937796],[3.3901392,6.4937908],[3.3901124,6.4938091],[3.3900639,6.4938194]]},"properties":{"osm_id":"way/746102319","name":"Unnamed (OSM way/746102319)","named":false,"source":"OpenStreetMap contributors","source_tags":{"waterway":"canal"},"retrieved_at":"2026-09-06T12:43:12.245Z","confidence":"openstreetmap_mapped_unverified","field_verified":false,"layer":"osm_waterway","waterway_type":"canal","navigability":"unknown"}},{"type":"Feature","geometry":{"type":"LineString","coordinates":[[3.3907047,6.4931918],[3.3907906,6.4932326],[3.3908674,6.4932173]]},"properties":{"osm_id":"way/746102320","name":"Unnamed (OSM way/746102320)","named":false,"source":"OpenStreetMap contributors","source_tags":{"waterway":"canal"},"retrieved_at":"2026-09-06T12:43:12.245Z","confidence":"openstreetmap_mapped_unverified","field_verified":false,"layer":"osm_waterway","waterway_type":"canal","navigability":"unknown"}},{"type":"Feature","geometry":{"type":"LineString","coordinates":[[3.3911168,6.4934102],[3.3910579,6.4933702],[3.391028,6.4933416],[3.391023,6.4933063],[3.3909753,6.4933006],[3.3909096,6.4932347],[3.3908674,6.4932173],[3.3908748,6.493154],[3.3908178,6.4930907],[3.3907849,6.4930201]]},"properties":{"osm_id":"way/746102321","name":"Unnamed (OSM way/746102321)","named":false,"source":"OpenStreetMap contributors","source_tags":{"waterway":"canal"},"retrieved_at":"2026-09-06T12:43:12.245Z","confidence":"openstreetmap_mapped_unverified","field_verified":false,"layer":"osm_waterway","waterway_type":"canal","navigability":"unknown"}},{"type":"Feature","geometry":{"type":"LineString","coordinates":[[3.3906852,6.4933805],[3.3907263,6.4934212],[3.3907829,6.4934572],[3.3908362,6.4935061],[3.3909361,6.4935894],[3.3909547,6.4936074]]},"properties":{"osm_id":"way/746102322","name":"Unnamed (OSM way/746102322)","named":false,"source":"OpenStreetMap contributors","source_tags":{"waterway":"canal"},"retrieved_at":"2026-09-06T12:43:12.245Z","confidence":"openstreetmap_mapped_unverified","field_verified":false,"layer":"osm_waterway","waterway_type":"canal","navigability":"unknown"}},{"type":"Feature","geometry":{"type":"LineString","coordinates":[[3.3905892,6.49366],[3.390676,6.493721],[3.3907231,6.4936807],[3.3907973,6.4937553]]},"properties":{"osm_id":"way/746102323","name":"Unnamed (OSM way/746102323)","named":false,"source":"OpenStreetMap contributors","source_tags":{"waterway":"canal"},"retrieved_at":"2026-09-06T12:43:12.245Z","confidence":"openstreetmap_mapped_unverified","field_verified":false,"layer":"osm_waterway","waterway_type":"canal","navigability":"unknown"}},{"type":"Feature","geometry":{"type":"LineString","coordinates":[[3.3900785,6.4936467],[3.3900929,6.4936311],[3.3901412,6.4936144],[3.3901637,6.4935848],[3.3903404,6.4934558],[3.3903977,6.4934948],[3.3904738,6.4935438],[3.3905948,6.4936353],[3.3905892,6.49366],[3.3905754,6.493721],[3.3906632,6.4937729],[3.3907105,6.4938298],[3.3907685,6.4939012],[3.3907786,6.4939096],[3.3908446,6.4939941]]},"properties":{"osm_id":"way/746102324","name":"Unnamed (OSM way/746102324)","named":false,"source":"OpenStreetMap contributors","source_tags":{"waterway":"canal"},"retrieved_at":"2026-09-06T12:43:12.245Z","confidence":"openstreetmap_mapped_unverified","field_verified":false,"layer":"osm_waterway","waterway_type":"canal","navigability":"unknown"}},{"type":"Feature","geometry":{"type":"LineString","coordinates":[[3.3907078,6.4930248],[3.3907112,6.493166],[3.3907047,6.4931918],[3.3906904,6.4932493],[3.3907526,6.4933126],[3.3906852,6.4933805],[3.3906669,6.4934005],[3.3905274,6.4934918],[3.3904738,6.4935438]]},"properties":{"osm_id":"way/746102325","name":"Unnamed (OSM way/746102325)","named":false,"source":"OpenStreetMap contributors","source_tags":{"waterway":"canal"},"retrieved_at":"2026-09-06T12:43:12.245Z","confidence":"openstreetmap_mapped_unverified","field_verified":false,"layer":"osm_waterway","waterway_type":"canal","navigability":"unknown"}},{"type":"Feature","geometry":{"type":"LineString","coordinates":[[3.3935251,6.4944226],[3.3935496,6.4944575],[3.3935657,6.4944789],[3.3935962,6.4944489],[3.3936543,6.4944023],[3.3936985,6.4944136],[3.3937337,6.4943979],[3.3937957,6.4944522],[3.3939261,6.494328],[3.3939939,6.4942427],[3.3940854,6.4941487],[3.3942401,6.4941237],[3.3942503,6.4940635],[3.3941965,6.4940028]]},"properties":{"osm_id":"way/746116829","name":"Unnamed (OSM way/746116829)","named":false,"source":"OpenStreetMap contributors","source_tags":{"waterway":"canal"},"retrieved_at":"2026-09-06T12:43:12.245Z","confidence":"openstreetmap_mapped_unverified","field_verified":false,"layer":"osm_waterway","waterway_type":"canal","navigability":"unknown"}},{"type":"Feature","geometry":{"type":"LineString","coordinates":[[3.3934005,6.4943331],[3.3934406,6.4943506],[3.3935251,6.4944226]]},"properties":{"osm_id":"way/746116830","name":"Unnamed (OSM way/746116830)","named":false,"source":"OpenStreetMap contributors","source_tags":{"waterway":"canal"},"retrieved_at":"2026-09-06T12:43:12.245Z","confidence":"openstreetmap_mapped_unverified","field_verified":false,"layer":"osm_waterway","waterway_type":"canal","navigability":"unknown"}},{"type":"Feature","geometry":{"type":"LineString","coordinates":[[3.3913305,6.5031115],[3.3913375,6.5030838],[3.3913978,6.5029861],[3.3915402,6.502715]]},"properties":{"osm_id":"way/746459142","name":"Unnamed (OSM way/746459142)","named":false,"source":"OpenStreetMap contributors","source_tags":{"waterway":"drain"},"retrieved_at":"2026-09-06T12:43:12.245Z","confidence":"openstreetmap_mapped_unverified","field_verified":false,"layer":"osm_waterway","waterway_type":"drain","navigability":"unknown"}},{"type":"Feature","geometry":{"type":"LineString","coordinates":[[3.3958764,6.5016607],[3.3958583,6.5016227],[3.3958764,6.5015674],[3.3959685,6.5015377],[3.3960219,6.5014762],[3.396026,6.5013948],[3.3959911,6.5013509],[3.395979,6.5013076],[3.3959126,6.501193],[3.3958845,6.5010957],[3.3957397,6.5009684],[3.3957492,6.5009189],[3.3957781,6.5008631],[3.3957916,6.5008202],[3.3958779,6.5006844],[3.3959233,6.500592],[3.3959173,6.5004947],[3.3958771,6.5004447],[3.3958543,6.5004169],[3.3958111,6.5003721],[3.3958161,6.5002928],[3.3957309,6.5002649],[3.3957553,6.5001936],[3.3957692,6.500165],[3.3958071,6.5001702],[3.3958131,6.5001656],[3.3958168,6.500116],[3.3958454,6.500093],[3.3959046,6.5000797],[3.3959991,6.500093],[3.3960595,6.5000596],[3.3960984,6.5000024],[3.3961963,6.4999418],[3.3962616,6.4998388],[3.3963371,6.4997266],[3.3965409,6.4995613]]},"properties":{"osm_id":"way/746459143","name":"Unnamed (OSM way/746459143)","named":false,"source":"OpenStreetMap contributors","source_tags":{"waterway":"canal"},"retrieved_at":"2026-09-06T12:43:12.245Z","confidence":"openstreetmap_mapped_unverified","field_verified":false,"layer":"osm_waterway","waterway_type":"canal","navigability":"unknown"}},{"type":"Feature","geometry":{"type":"LineString","coordinates":[[3.3888987,6.5093655],[3.3889463,6.5092442],[3.3889781,6.5091133],[3.3890181,6.5087749],[3.3891123,6.5084857],[3.3891727,6.5082655],[3.3891801,6.5079786],[3.3891657,6.5078904],[3.3891216,6.5075696],[3.3890667,6.5072439],[3.3889952,6.5068951],[3.3889496,6.5066313],[3.3889496,6.5063088],[3.3889715,6.5060028],[3.3890224,6.5056936]]},"properties":{"osm_id":"way/746459148","name":"Unnamed (OSM way/746459148)","named":false,"source":"OpenStreetMap contributors","source_tags":{"layer":"-1","waterway":"stream"},"retrieved_at":"2026-09-06T12:43:12.245Z","confidence":"openstreetmap_mapped_unverified","field_verified":false,"layer":"osm_waterway","waterway_type":"stream","navigability":"unknown"}},{"type":"Feature","geometry":{"type":"LineString","coordinates":[[3.3913183,6.4998684],[3.3913086,6.4995797]]},"properties":{"osm_id":"way/746459149","name":"Unnamed (OSM way/746459149)","named":false,"source":"OpenStreetMap contributors","source_tags":{"waterway":"canal"},"retrieved_at":"2026-09-06T12:43:12.245Z","confidence":"openstreetmap_mapped_unverified","field_verified":false,"layer":"osm_waterway","waterway_type":"canal","navigability":"unknown"}},{"type":"Feature","geometry":{"type":"LineString","coordinates":[[3.384531,6.5050328],[3.3846044,6.5048885],[3.384583,6.5046326],[3.3845856,6.5044354],[3.3845642,6.504049],[3.3845726,6.5038682],[3.3846102,6.5037296],[3.3846634,6.503596],[3.3847198,6.5035054],[3.384806,6.5034125],[3.3849316,6.5033402],[3.3851194,6.5032976],[3.3852943,6.5033045],[3.385482,6.5033631],[3.3855807,6.5034735],[3.3856505,6.5035907],[3.3857309,6.5036014],[3.3858253,6.503587],[3.3860474,6.5034681],[3.3866268,6.5030631],[3.3869197,6.5028301],[3.3871344,6.50254]]},"properties":{"osm_id":"way/746459150","name":"Unnamed (OSM way/746459150)","named":false,"source":"OpenStreetMap contributors","source_tags":{"waterway":"stream"},"retrieved_at":"2026-09-06T12:43:12.245Z","confidence":"openstreetmap_mapped_unverified","field_verified":false,"layer":"osm_waterway","waterway_type":"stream","navigability":"unknown"}},{"type":"Feature","geometry":{"type":"LineString","coordinates":[[3.3949393,6.4976975],[3.3949058,6.4975393]]},"properties":{"osm_id":"way/746471624","name":"Unnamed (OSM way/746471624)","named":false,"source":"OpenStreetMap contributors","source_tags":{"waterway":"canal"},"retrieved_at":"2026-09-06T12:43:12.245Z","confidence":"openstreetmap_mapped_unverified","field_verified":false,"layer":"osm_waterway","waterway_type":"canal","navigability":"unknown"}},{"type":"Feature","geometry":{"type":"LineString","coordinates":[[3.3928176,6.4924061],[3.3927148,6.4923039],[3.3926845,6.4922758],[3.3926289,6.4922439],[3.3925694,6.4920976]]},"properties":{"osm_id":"way/746471626","name":"Unnamed (OSM way/746471626)","named":false,"source":"OpenStreetMap contributors","source_tags":{"waterway":"canal"},"retrieved_at":"2026-09-06T12:43:12.245Z","confidence":"openstreetmap_mapped_unverified","field_verified":false,"layer":"osm_waterway","waterway_type":"canal","navigability":"unknown"}},{"type":"Feature","geometry":{"type":"LineString","coordinates":[[3.3902643,6.4952889],[3.3902839,6.4952727],[3.3905275,6.4950019]]},"properties":{"osm_id":"way/746482670","name":"Unnamed (OSM way/746482670)","named":false,"source":"OpenStreetMap contributors","source_tags":{"waterway":"canal"},"retrieved_at":"2026-09-06T12:43:12.245Z","confidence":"openstreetmap_mapped_unverified","field_verified":false,"layer":"osm_waterway","waterway_type":"canal","navigability":"unknown"}},{"type":"Feature","geometry":{"type":"LineString","coordinates":[[3.3987561,6.605845],[3.3991367,6.6055299],[3.3991764,6.6054629],[3.3992002,6.605396],[3.3992002,6.6053369],[3.3991645,6.6052187],[3.3989147,6.6049115],[3.3988354,6.6047815],[3.3988314,6.6046909],[3.398883,6.6046004],[3.3989504,6.6044743],[3.3989345,6.6043837],[3.398879,6.6042183],[3.398879,6.6041277],[3.3989266,6.6040686],[3.399783,6.6036314]]},"properties":{"osm_id":"way/747160993","name":"Unnamed (OSM way/747160993)","named":false,"source":"OpenStreetMap contributors","source_tags":{"waterway":"drain"},"retrieved_at":"2026-09-06T12:43:12.245Z","confidence":"openstreetmap_mapped_unverified","field_verified":false,"layer":"osm_waterway","waterway_type":"drain","navigability":"unknown"}},{"type":"Feature","geometry":{"type":"LineString","coordinates":[[3.399783,6.6036314],[3.3998782,6.6035724]]},"properties":{"osm_id":"way/747160994","name":"Unnamed (OSM way/747160994)","named":false,"source":"OpenStreetMap contributors","source_tags":{"layer":"-1","tunnel":"culvert","waterway":"drain"},"retrieved_at":"2026-09-06T12:43:12.245Z","confidence":"openstreetmap_mapped_unverified","field_verified":false,"layer":"osm_waterway","waterway_type":"drain","navigability":"unknown"}},{"type":"Feature","geometry":{"type":"LineString","coordinates":[[3.3998782,6.6035724],[3.4003104,6.60334],[3.4010079,6.6029611],[3.4013091,6.6027942],[3.4014211,6.6027037],[3.4014772,6.602582],[3.4015542,6.6021437],[3.4016838,6.6018098],[3.4018343,6.6015906],[3.4019674,6.6015558],[3.4024681,6.6015628],[3.4027798,6.601535],[3.4030495,6.6014667]]},"properties":{"osm_id":"way/747160995","name":"Unnamed (OSM way/747160995)","named":false,"source":"OpenStreetMap contributors","source_tags":{"waterway":"drain"},"retrieved_at":"2026-09-06T12:43:12.245Z","confidence":"openstreetmap_mapped_unverified","field_verified":false,"layer":"osm_waterway","waterway_type":"drain","navigability":"unknown"}},{"type":"Feature","geometry":{"type":"LineString","coordinates":[[3.3122693,6.60797],[3.312713,6.6077417],[3.3133259,6.6074846],[3.3136706,6.6073613],[3.3139795,6.6072629],[3.3140912,6.6071321],[3.3142499,6.6069064],[3.3142954,6.6067633],[3.3146178,6.6066392],[3.3146819,6.606556],[3.3149075,6.6063743],[3.3158114,6.6056962],[3.3160287,6.6055764],[3.3162093,6.6054257],[3.3164981,6.6051847],[3.3166054,6.6049502],[3.3166912,6.6047051],[3.3167985,6.6045878],[3.3169218,6.6044706],[3.317049,6.6044038],[3.3172867,6.6042521],[3.3175012,6.6040389],[3.3175978,6.6039111],[3.3177646,6.6034768],[3.317925,6.6031704],[3.317925,6.6028506],[3.3180328,6.6025069],[3.3181718,6.6023924],[3.3183113,6.6022645],[3.3184507,6.6021046],[3.3186009,6.6019447],[3.3187082,6.6018488],[3.3187619,6.601657],[3.3187726,6.6014545],[3.3189126,6.6011747],[3.3189657,6.6008896],[3.3189764,6.6006445],[3.3190408,6.6005059],[3.3192339,6.600442],[3.3195558,6.6003994],[3.3197597,6.60041],[3.3200171,6.6003994],[3.3201673,6.6003887]]},"properties":{"osm_id":"way/748614940","name":"Unnamed (OSM way/748614940)","named":false,"source":"OpenStreetMap contributors","source_tags":{"waterway":"ditch"},"retrieved_at":"2026-09-06T12:43:12.245Z","confidence":"openstreetmap_mapped_unverified","field_verified":false,"layer":"osm_waterway","waterway_type":"ditch","navigability":"unknown"}},{"type":"Feature","geometry":{"type":"LineString","coordinates":[[3.3127812,6.608755],[3.312566,6.6084936],[3.3123913,6.6083296],[3.3122267,6.6081838],[3.3121921,6.6080625],[3.3122693,6.60797]]},"properties":{"osm_id":"way/748614941","name":"Unnamed (OSM way/748614941)","named":false,"source":"OpenStreetMap contributors","source_tags":{"layer":"-1","tunnel":"culvert","waterway":"ditch"},"retrieved_at":"2026-09-06T12:43:12.245Z","confidence":"openstreetmap_mapped_unverified","field_verified":false,"layer":"osm_waterway","waterway_type":"ditch","navigability":"unknown"}},{"type":"Feature","geometry":{"type":"LineString","coordinates":[[3.2688785,6.4286557],[3.2634562,6.4282356],[3.2586731,6.4262847],[3.2505536,6.4268318],[3.2438673,6.4260075]]},"properties":{"osm_id":"way/761430221","name":"Unnamed (OSM way/761430221)","named":false,"source":"OpenStreetMap contributors","source_tags":{"waterway":"river"},"retrieved_at":"2026-09-06T12:43:12.245Z","confidence":"openstreetmap_mapped_unverified","field_verified":false,"layer":"osm_waterway","waterway_type":"river","navigability":"unknown"}},{"type":"Feature","geometry":{"type":"LineString","coordinates":[[3.3944575,6.4325867],[3.4003604,6.4353339]]},"properties":{"osm_id":"way/761430222","name":"Badagry Creek","named":true,"source":"OpenStreetMap contributors","source_tags":{"name":"Badagry Creek","waterway":"river"},"retrieved_at":"2026-09-06T12:43:12.245Z","confidence":"openstreetmap_mapped_unverified","field_verified":false,"layer":"osm_waterway","waterway_type":"river","navigability":"unknown"}},{"type":"Feature","geometry":{"type":"LineString","coordinates":[[3.4003604,6.4353339],[3.4016603,6.4311223]]},"properties":{"osm_id":"way/761430223","name":"Commodore Channel","named":true,"source":"OpenStreetMap contributors","source_tags":{"name":"Commodore Channel","waterway":"river"},"retrieved_at":"2026-09-06T12:43:12.245Z","confidence":"openstreetmap_mapped_unverified","field_verified":false,"layer":"osm_waterway","waterway_type":"river","navigability":"unknown"}},{"type":"Feature","geometry":{"type":"LineString","coordinates":[[3.3944575,6.4325867],[3.4016603,6.4311223]]},"properties":{"osm_id":"way/761430224","name":"Unnamed (OSM way/761430224)","named":false,"source":"OpenStreetMap contributors","source_tags":{"waterway":"river"},"retrieved_at":"2026-09-06T12:43:12.245Z","confidence":"openstreetmap_mapped_unverified","field_verified":false,"layer":"osm_waterway","waterway_type":"river","navigability":"unknown"}},{"type":"Feature","geometry":{"type":"LineString","coordinates":[[3.3567284,6.4297346],[3.3550466,6.4281295],[3.3503474,6.4249738],[3.3446182,6.4232892],[3.3382453,6.4204],[3.3335199,6.4161931],[3.3314432,6.4143442],[3.3247377,6.4125957],[3.3145453,6.4137471],[3.306702,6.4156955],[3.2946969,6.4105486],[3.2843114,6.4116681],[3.2739152,6.4145468],[3.2596458,6.4097596],[3.2464172,6.4107832],[3.2448395,6.4139684],[3.2438673,6.4260075]]},"properties":{"osm_id":"way/761430225","name":"Badagry Creek","named":true,"source":"OpenStreetMap contributors","source_tags":{"name":"Badagry Creek","waterway":"river"},"retrieved_at":"2026-09-06T12:43:12.245Z","confidence":"openstreetmap_mapped_unverified","field_verified":false,"layer":"osm_waterway","waterway_type":"river","navigability":"unknown"}},{"type":"Feature","geometry":{"type":"LineString","coordinates":[[3.3722166,6.5809164],[3.3722752,6.580835],[3.3724662,6.5805177],[3.3727554,6.5800407],[3.373381,6.5796471],[3.3738347,6.5793096],[3.3745786,6.5788736],[3.3748565,6.5781817],[3.3756376,6.5773674],[3.3759528,6.5771876],[3.3763323,6.5767519],[3.3770377,6.576307],[3.3775956,6.5758966],[3.3790247,6.5747338],[3.3807092,6.5734228],[3.3822194,6.5722685],[3.3824261,6.5720059],[3.3827265,6.5717395],[3.383027,6.5715476],[3.3833703,6.5713664],[3.3837136,6.5712279],[3.3840247,6.5711426],[3.3843895,6.5710893],[3.384765,6.5711]]},"properties":{"osm_id":"way/761430226","name":"Ogudu Creek","named":true,"source":"OpenStreetMap contributors","source_tags":{"name":"Ogudu Creek","source":"Bing","waterway":"stream"},"retrieved_at":"2026-09-06T12:43:12.245Z","confidence":"openstreetmap_mapped_unverified","field_verified":false,"layer":"osm_waterway","waterway_type":"stream","navigability":"unknown"}},{"type":"Feature","geometry":{"type":"LineString","coordinates":[[3.4098937,6.4589771],[3.4097148,6.458922]]},"properties":{"osm_id":"way/773481416","name":"Unnamed (OSM way/773481416)","named":false,"source":"OpenStreetMap contributors","source_tags":{"layer":"-1","tunnel":"culvert","waterway":"drain"},"retrieved_at":"2026-09-06T12:43:12.245Z","confidence":"openstreetmap_mapped_unverified","field_verified":false,"layer":"osm_waterway","waterway_type":"drain","navigability":"unknown"}},{"type":"Feature","geometry":{"type":"LineString","coordinates":[[3.4847264,6.6388936],[3.4850375,6.6389096],[3.4855686,6.6388031],[3.4862499,6.6385633],[3.4864537,6.638558],[3.4867058,6.6385473],[3.4869365,6.6385953],[3.4871511,6.6386166],[3.4873227,6.6387178],[3.4875159,6.6388244],[3.4878699,6.6388617],[3.4883152,6.6388137],[3.488578,6.6387231],[3.4886853,6.6385313],[3.4886799,6.6382915],[3.4886545,6.6378744],[3.4885338,6.6373817],[3.4884881,6.6371062],[3.4885468,6.6369539],[3.4887361,6.6367756],[3.4891766,6.6364191],[3.4892484,6.6362246],[3.4892321,6.6361079],[3.4893333,6.6359069],[3.4896563,6.6355082],[3.4898848,6.6351971],[3.4899957,6.6349637],[3.4903122,6.6345715],[3.4905579,6.6341922],[3.4908247,6.6336635],[3.4910924,6.6332198],[3.4912093,6.63309],[3.4912575,6.6325366],[3.4915188,6.6322975],[3.4916633,6.6321472]]},"properties":{"osm_id":"way/779869913","name":"Unnamed (OSM way/779869913)","named":false,"source":"OpenStreetMap contributors","source_tags":{"waterway":"stream"},"retrieved_at":"2026-09-06T12:43:12.245Z","confidence":"openstreetmap_mapped_unverified","field_verified":false,"layer":"osm_waterway","waterway_type":"stream","navigability":"unknown"}},{"type":"Feature","geometry":{"type":"LineString","coordinates":[[3.440537,6.4608465],[3.4405239,6.4608106],[3.4404549,6.4607028],[3.4404264,6.4606631],[3.4407628,6.4603816],[3.4407999,6.4602915],[3.4405049,6.4599709],[3.4402161,6.4597891],[3.4399774,6.4598586],[3.4398438,6.4598316],[3.4391397,6.4594805]]},"properties":{"osm_id":"way/783360137","name":"Unnamed (OSM way/783360137)","named":false,"source":"OpenStreetMap contributors","source_tags":{"waterway":"drain"},"retrieved_at":"2026-09-06T12:43:12.245Z","confidence":"openstreetmap_mapped_unverified","field_verified":false,"layer":"osm_waterway","waterway_type":"drain","navigability":"unknown"}},{"type":"Feature","geometry":{"type":"LineString","coordinates":[[3.4390519,6.4594305],[3.4389067,6.4593303],[3.4386704,6.4592409]]},"properties":{"osm_id":"way/783360138","name":"Unnamed (OSM way/783360138)","named":false,"source":"OpenStreetMap contributors","source_tags":{"waterway":"drain"},"retrieved_at":"2026-09-06T12:43:12.245Z","confidence":"openstreetmap_mapped_unverified","field_verified":false,"layer":"osm_waterway","waterway_type":"drain","navigability":"unknown"}},{"type":"Feature","geometry":{"type":"LineString","coordinates":[[3.4391397,6.4594805],[3.4390519,6.4594305]]},"properties":{"osm_id":"way/783360140","name":"Unnamed (OSM way/783360140)","named":false,"source":"OpenStreetMap contributors","source_tags":{"layer":"-1","tunnel":"culvert","waterway":"drain"},"retrieved_at":"2026-09-06T12:43:12.245Z","confidence":"openstreetmap_mapped_unverified","field_verified":false,"layer":"osm_waterway","waterway_type":"drain","navigability":"unknown"}},{"type":"Feature","geometry":{"type":"LineString","coordinates":[[3.4409543,6.4572356],[3.4403727,6.4572258],[3.439801,6.4571866],[3.4396926,6.4572813],[3.4393903,6.4572845],[3.4389796,6.4580453],[3.438996,6.4581301],[3.4390026,6.4583619],[3.4389067,6.4593303]]},"properties":{"osm_id":"way/783360141","name":"Unnamed (OSM way/783360141)","named":false,"source":"OpenStreetMap contributors","source_tags":{"waterway":"drain"},"retrieved_at":"2026-09-06T12:43:12.245Z","confidence":"openstreetmap_mapped_unverified","field_verified":false,"layer":"osm_waterway","waterway_type":"drain","navigability":"unknown"}},{"type":"Feature","geometry":{"type":"LineString","coordinates":[[3.4064343,6.4592701],[3.4064286,6.4592709]]},"properties":{"osm_id":"way/783370930","name":"Unnamed (OSM way/783370930)","named":false,"source":"OpenStreetMap contributors","source_tags":{"waterway":"drain"},"retrieved_at":"2026-09-06T12:43:12.245Z","confidence":"openstreetmap_mapped_unverified","field_verified":false,"layer":"osm_waterway","waterway_type":"drain","navigability":"unknown"}},{"type":"Feature","geometry":{"type":"LineString","coordinates":[[3.4063167,6.4592877],[3.4060453,6.4593284],[3.4048549,6.4593786],[3.404428,6.4593789],[3.4042346,6.4593028],[3.4041289,6.4592986],[3.4038605,6.4592888]]},"properties":{"osm_id":"way/783370931","name":"Unnamed (OSM way/783370931)","named":false,"source":"OpenStreetMap contributors","source_tags":{"waterway":"drain"},"retrieved_at":"2026-09-06T12:43:12.245Z","confidence":"openstreetmap_mapped_unverified","field_verified":false,"layer":"osm_waterway","waterway_type":"drain","navigability":"unknown"}},{"type":"Feature","geometry":{"type":"LineString","coordinates":[[3.4063291,6.4592858],[3.4063167,6.4592877]]},"properties":{"osm_id":"way/783370932","name":"Unnamed (OSM way/783370932)","named":false,"source":"OpenStreetMap contributors","source_tags":{"waterway":"drain"},"retrieved_at":"2026-09-06T12:43:12.245Z","confidence":"openstreetmap_mapped_unverified","field_verified":false,"layer":"osm_waterway","waterway_type":"drain","navigability":"unknown"}},{"type":"Feature","geometry":{"type":"LineString","coordinates":[[3.4064286,6.4592709],[3.4063291,6.4592858]]},"properties":{"osm_id":"way/783370933","name":"Unnamed (OSM way/783370933)","named":false,"source":"OpenStreetMap contributors","source_tags":{"layer":"-1","tunnel":"culvert","waterway":"drain"},"retrieved_at":"2026-09-06T12:43:12.245Z","confidence":"openstreetmap_mapped_unverified","field_verified":false,"layer":"osm_waterway","waterway_type":"drain","navigability":"unknown"}},{"type":"Feature","geometry":{"type":"LineString","coordinates":[[3.4097148,6.458922],[3.4089199,6.4590118],[3.4081891,6.4591167],[3.4073805,6.4592648],[3.4072013,6.459303],[3.4069283,6.4592564],[3.4064975,6.4592606],[3.4064343,6.4592701]]},"properties":{"osm_id":"way/783370934","name":"Unnamed (OSM way/783370934)","named":false,"source":"OpenStreetMap contributors","source_tags":{"waterway":"drain"},"retrieved_at":"2026-09-06T12:43:12.245Z","confidence":"openstreetmap_mapped_unverified","field_verified":false,"layer":"osm_waterway","waterway_type":"drain","navigability":"unknown"}},{"type":"Feature","geometry":{"type":"LineString","coordinates":[[3.3456228,6.5169417],[3.3451573,6.5169784],[3.3438385,6.517026],[3.3418247,6.5171198],[3.3407379,6.5170153],[3.3396328,6.5167275],[3.3389816,6.5161924],[3.3384452,6.5156275],[3.3377768,6.5148195],[3.3374763,6.5143185],[3.337015,6.5140093],[3.336213,6.5135443],[3.3355832,6.5132184],[3.3348692,6.5129007],[3.3339927,6.5127281],[3.3287999,6.5116728],[3.3275554,6.5111504],[3.3264686,6.5104277],[3.3255888,6.5096176],[3.3250341,6.5086667],[3.3248093,6.5081369],[3.3245956,6.5076464],[3.3245264,6.5075121],[3.3244513,6.5074641],[3.3243869,6.5074748],[3.32363,6.5077295],[3.3234321,6.5077679],[3.3231907,6.5077679],[3.3229794,6.5077267],[3.3228849,6.5076773],[3.3227776,6.5075334],[3.3223431,6.507187],[3.3222036,6.5069844],[3.3221231,6.5068245],[3.3220909,6.5067179],[3.3220695,6.5065687],[3.322107,6.5064301],[3.3221875,6.5062542],[3.3222331,6.505985],[3.3223538,6.5057639],[3.322445,6.5052043],[3.3224826,6.5048578],[3.3224557,6.5045753],[3.3223163,6.504101],[3.3220319,6.503536],[3.3217637,6.5029817],[3.3198481,6.499658],[3.319457,6.498851],[3.3192156,6.4981315],[3.3189045,6.4970868],[3.3184861,6.4958556],[3.3180515,6.4942459],[3.317499,6.4928068],[3.3170538,6.4920286],[3.3164363,6.4912547],[3.3157931,6.4904616],[3.3151328,6.4898742],[3.3143764,6.4893306],[3.3134596,6.488772],[3.3125637,6.4884362],[3.3113836,6.4880577],[3.3099244,6.48769],[3.3080201,6.4872413],[3.2906748,6.4829783],[3.2902657,6.4827495]]},"properties":{"osm_id":"way/783485096","name":"Unnamed (OSM way/783485096)","named":false,"source":"OpenStreetMap contributors","source_tags":{"waterway":"stream"},"retrieved_at":"2026-09-06T12:43:12.245Z","confidence":"openstreetmap_mapped_unverified","field_verified":false,"layer":"osm_waterway","waterway_type":"stream","navigability":"unknown"}},{"type":"Feature","geometry":{"type":"LineString","coordinates":[[3.2583137,6.4345486],[3.2581731,6.4347628],[3.2578827,6.4350049],[3.2576203,6.4351259],[3.2574048,6.4354611],[3.2569457,6.4357031],[3.2557464,6.4361407],[3.2552686,6.4362711],[3.254697,6.4362338],[3.2539662,6.4361314],[3.2532167,6.4357963],[3.2524203,6.4355157]]},"properties":{"osm_id":"way/783704769","name":"Unnamed (OSM way/783704769)","named":false,"source":"OpenStreetMap contributors","source_tags":{"waterway":"stream"},"retrieved_at":"2026-09-06T12:43:12.245Z","confidence":"openstreetmap_mapped_unverified","field_verified":false,"layer":"osm_waterway","waterway_type":"stream","navigability":"unknown"}},{"type":"Feature","geometry":{"type":"LineString","coordinates":[[3.341665,6.446612],[3.3416174,6.4461396],[3.3416686,6.4457217],[3.3417893,6.4451367],[3.3418771,6.4447442],[3.3418588,6.4439811],[3.3417381,6.4430945],[3.3415845,6.4423568],[3.3415126,6.4414355],[3.3414683,6.4409472],[3.341424,6.4405837],[3.34138,6.4404611]]},"properties":{"osm_id":"way/784069445","name":"Unnamed (OSM way/784069445)","named":false,"source":"OpenStreetMap contributors","source_tags":{"waterway":"drain"},"retrieved_at":"2026-09-06T12:43:12.245Z","confidence":"openstreetmap_mapped_unverified","field_verified":false,"layer":"osm_waterway","waterway_type":"drain","navigability":"unknown"}},{"type":"Feature","geometry":{"type":"LineString","coordinates":[[3.6023676,6.5142531],[3.6024776,6.5143624],[3.6026198,6.5145329],[3.6027646,6.5146208],[3.6028236,6.5146395],[3.6028826,6.5147434],[3.6028826,6.514882],[3.6029041,6.5149753],[3.6028907,6.5151458]]},"properties":{"osm_id":"way/785338417","name":"Unnamed (OSM way/785338417)","named":false,"source":"OpenStreetMap contributors","source_tags":{"waterway":"stream"},"retrieved_at":"2026-09-06T12:43:12.245Z","confidence":"openstreetmap_mapped_unverified","field_verified":false,"layer":"osm_waterway","waterway_type":"stream","navigability":"unknown"}},{"type":"Feature","geometry":{"type":"LineString","coordinates":[[3.6060034,6.5123117],[3.6061553,6.5123131],[3.607233,6.5123392],[3.6086196,6.5123653],[3.6090993,6.5124176],[3.6094016,6.5124371],[3.6098287,6.5127048],[3.6100522,6.5128354],[3.610361,6.5128746],[3.6105516,6.5130052],[3.6106962,6.5132141],[3.6107882,6.5133904],[3.6106983,6.513674]]},"properties":{"osm_id":"way/785338418","name":"Unnamed (OSM way/785338418)","named":false,"source":"OpenStreetMap contributors","source_tags":{"waterway":"stream"},"retrieved_at":"2026-09-06T12:43:12.245Z","confidence":"openstreetmap_mapped_unverified","field_verified":false,"layer":"osm_waterway","waterway_type":"stream","navigability":"unknown"}},{"type":"Feature","geometry":{"type":"LineString","coordinates":[[3.5968235,6.4824333],[3.5966465,6.4824093],[3.5964078,6.4824679],[3.5961851,6.4824493],[3.5960135,6.4824439],[3.5958928,6.4824359]]},"properties":{"osm_id":"way/785343404","name":"Unnamed (OSM way/785343404)","named":false,"source":"OpenStreetMap contributors","source_tags":{"waterway":"stream"},"retrieved_at":"2026-09-06T12:43:12.245Z","confidence":"openstreetmap_mapped_unverified","field_verified":false,"layer":"osm_waterway","waterway_type":"stream","navigability":"unknown"}},{"type":"Feature","geometry":{"type":"LineString","coordinates":[[3.5936252,6.4818815],[3.5938087,6.4819616],[3.5940608,6.4820309],[3.5942352,6.4820575],[3.5943988,6.4820362],[3.5945088,6.4820442]]},"properties":{"osm_id":"way/785343405","name":"Unnamed (OSM way/785343405)","named":false,"source":"OpenStreetMap contributors","source_tags":{"waterway":"stream"},"retrieved_at":"2026-09-06T12:43:12.245Z","confidence":"openstreetmap_mapped_unverified","field_verified":false,"layer":"osm_waterway","waterway_type":"stream","navigability":"unknown"}},{"type":"Feature","geometry":{"type":"LineString","coordinates":[[3.6040467,6.4826678],[3.6037275,6.4825719],[3.6035156,6.4825878],[3.6033976,6.4826332],[3.6030945,6.4826305],[3.6028719,6.4828384],[3.6017507,6.4831209],[3.6015201,6.4832568],[3.6010158,6.4832594],[3.6007261,6.4832408],[3.6002299,6.4832914],[3.5999268,6.4832594],[3.5997069,6.4833021],[3.5994816,6.4832808],[3.5991302,6.4833154],[3.5989371,6.4833207],[3.5988083,6.4833341],[3.5986903,6.4832435],[3.5984435,6.4831928],[3.5982639,6.4831395],[3.597891,6.4830116],[3.5975128,6.482953],[3.5971829,6.482969],[3.596786,6.4828464],[3.5966036,6.4828357],[3.5963461,6.4828224],[3.5961717,6.4827717],[3.5959893,6.4826172],[3.5958928,6.4824359],[3.595815,6.4823746],[3.595579,6.4823746],[3.5945892,6.4823587],[3.5941279,6.482332],[3.5938436,6.4823587],[3.5936987,6.4823427],[3.5936183,6.4822707],[3.5936317,6.4820495],[3.5936252,6.4818815],[3.5936183,6.4817004],[3.5935566,6.4811594],[3.5935453,6.4808663]]},"properties":{"osm_id":"way/785343406","name":"Unnamed (OSM way/785343406)","named":false,"source":"OpenStreetMap contributors","source_tags":{"waterway":"stream"},"retrieved_at":"2026-09-06T12:43:12.245Z","confidence":"openstreetmap_mapped_unverified","field_verified":false,"layer":"osm_waterway","waterway_type":"stream","navigability":"unknown"}},{"type":"Feature","geometry":{"type":"LineString","coordinates":[[3.5307392,6.4545666],[3.530813,6.4546005],[3.5307936,6.4575571],[3.5307419,6.4586176],[3.5314925,6.4592156]]},"properties":{"osm_id":"way/785691811","name":"Unnamed (OSM way/785691811)","named":false,"source":"OpenStreetMap contributors","source_tags":{"waterway":"drain"},"retrieved_at":"2026-09-06T12:43:12.245Z","confidence":"openstreetmap_mapped_unverified","field_verified":false,"layer":"osm_waterway","waterway_type":"drain","navigability":"unknown"}},{"type":"Feature","geometry":{"type":"LineString","coordinates":[[3.5305274,6.4545373],[3.5307392,6.4545666]]},"properties":{"osm_id":"way/785691812","name":"Unnamed (OSM way/785691812)","named":false,"source":"OpenStreetMap contributors","source_tags":{"layer":"-1","tunnel":"culvert","waterway":"drain"},"retrieved_at":"2026-09-06T12:43:12.245Z","confidence":"openstreetmap_mapped_unverified","field_verified":false,"layer":"osm_waterway","waterway_type":"drain","navigability":"unknown"}},{"type":"Feature","geometry":{"type":"LineString","coordinates":[[3.5353658,6.4570967],[3.5355893,6.4575766],[3.5355964,6.45801]]},"properties":{"osm_id":"way/785691818","name":"Unnamed (OSM way/785691818)","named":false,"source":"OpenStreetMap contributors","source_tags":{"waterway":"ditch"},"retrieved_at":"2026-09-06T12:43:12.245Z","confidence":"openstreetmap_mapped_unverified","field_verified":false,"layer":"osm_waterway","waterway_type":"ditch","navigability":"unknown"}},{"type":"Feature","geometry":{"type":"LineString","coordinates":[[3.5353312,6.4569493],[3.5353658,6.4570967]]},"properties":{"osm_id":"way/785691819","name":"Unnamed (OSM way/785691819)","named":false,"source":"OpenStreetMap contributors","source_tags":{"layer":"-1","tunnel":"culvert","waterway":"ditch"},"retrieved_at":"2026-09-06T12:43:12.245Z","confidence":"openstreetmap_mapped_unverified","field_verified":false,"layer":"osm_waterway","waterway_type":"ditch","navigability":"unknown"}},{"type":"Feature","geometry":{"type":"LineString","coordinates":[[3.5163546,6.4466376],[3.5173416,6.4478289]]},"properties":{"osm_id":"way/785691911","name":"Unnamed (OSM way/785691911)","named":false,"source":"OpenStreetMap contributors","source_tags":{"tunnel":"culvert","waterway":"drain"},"retrieved_at":"2026-09-06T12:43:12.245Z","confidence":"openstreetmap_mapped_unverified","field_verified":false,"layer":"osm_waterway","waterway_type":"drain","navigability":"unknown"}},{"type":"Feature","geometry":{"type":"LineString","coordinates":[[3.5196138,6.44555],[3.5189171,6.4454898],[3.5183072,6.4454222],[3.51776,6.4454515],[3.517634,6.4454995],[3.5174838,6.4456354],[3.5173899,6.4457367],[3.5173148,6.44591],[3.5172638,6.4459713],[3.5169849,6.4461259],[3.5163841,6.4464723],[3.5163492,6.446523],[3.5163331,6.4465763],[3.5163546,6.4466376]]},"properties":{"osm_id":"way/785691912","name":"Unnamed (OSM way/785691912)","named":false,"source":"OpenStreetMap contributors","source_tags":{"waterway":"drain"},"retrieved_at":"2026-09-06T12:43:12.245Z","confidence":"openstreetmap_mapped_unverified","field_verified":false,"layer":"osm_waterway","waterway_type":"drain","navigability":"unknown"}},{"type":"Feature","geometry":{"type":"LineString","coordinates":[[3.4197521,6.5724483],[3.4195483,6.5719314],[3.4194839,6.5716382],[3.4191942,6.5713238],[3.4185451,6.5706204],[3.4180731,6.5700715],[3.4179819,6.5695972],[3.4176546,6.5695172],[3.4173006,6.5694959],[3.4170699,6.569352],[3.4169733,6.5690429],[3.4168017,6.5687125],[3.416512,6.5683128],[3.4163725,6.5680943],[3.4160834,6.567623]]},"properties":{"osm_id":"way/785734053","name":"Unnamed (OSM way/785734053)","named":false,"source":"OpenStreetMap contributors","source_tags":{"waterway":"stream"},"retrieved_at":"2026-09-06T12:43:12.245Z","confidence":"openstreetmap_mapped_unverified","field_verified":false,"layer":"osm_waterway","waterway_type":"stream","navigability":"unknown"}},{"type":"Feature","geometry":{"type":"LineString","coordinates":[[3.4243365,6.5916994],[3.4246874,6.5916542],[3.4252453,6.5914624],[3.4258407,6.5910361],[3.4264147,6.5904552],[3.4272784,6.5894267],[3.4283513,6.5884675],[3.4286517,6.5880731],[3.4288073,6.5877694],[3.4293544,6.5874656],[3.4297192,6.5869594],[3.429848,6.5860002],[3.4298533,6.5856058],[3.429805,6.5852274],[3.429569,6.5850516],[3.4297836,6.5847212],[3.4306312,6.5844015],[3.4314573,6.5840497],[3.4316397,6.5834955],[3.4320152,6.5825469],[3.4327662,6.5818861],[3.4333348,6.5814492],[3.4339893,6.5807244],[3.4342979,6.5803833]]},"properties":{"osm_id":"way/785734054","name":"Unnamed (OSM way/785734054)","named":false,"source":"OpenStreetMap contributors","source_tags":{"waterway":"stream"},"retrieved_at":"2026-09-06T12:43:12.245Z","confidence":"openstreetmap_mapped_unverified","field_verified":false,"layer":"osm_waterway","waterway_type":"stream","navigability":"unknown"}},{"type":"Feature","geometry":{"type":"LineString","coordinates":[[3.4515792,6.5954058],[3.4516597,6.5952992],[3.451708,6.5949688],[3.4519225,6.594729],[3.4522337,6.5946064],[3.4525019,6.5940789],[3.45321,6.5933009],[3.4534138,6.5930984],[3.453446,6.5928532],[3.4534514,6.5925495],[3.4532207,6.592363],[3.4531671,6.5921978],[3.4532851,6.5920752],[3.4536928,6.5917128],[3.4540093,6.5915316],[3.4543151,6.5915103],[3.4545424,6.5915567]]},"properties":{"osm_id":"way/785734055","name":"Unnamed (OSM way/785734055)","named":false,"source":"OpenStreetMap contributors","source_tags":{"waterway":"stream"},"retrieved_at":"2026-09-06T12:43:12.245Z","confidence":"openstreetmap_mapped_unverified","field_verified":false,"layer":"osm_waterway","waterway_type":"stream","navigability":"unknown"}},{"type":"Feature","geometry":{"type":"LineString","coordinates":[[3.4590889,6.5966868],[3.4596902,6.5967274],[3.4603983,6.5968552],[3.4609187,6.5971323],[3.4613585,6.5974041],[3.4618145,6.5975853],[3.4620184,6.5979104],[3.4621525,6.5981075],[3.4625012,6.5981981],[3.4634614,6.5982781],[3.4644474,6.5984377]]},"properties":{"osm_id":"way/785734056","name":"Unnamed (OSM way/785734056)","named":false,"source":"OpenStreetMap contributors","source_tags":{"waterway":"stream"},"retrieved_at":"2026-09-06T12:43:12.245Z","confidence":"openstreetmap_mapped_unverified","field_verified":false,"layer":"osm_waterway","waterway_type":"stream","navigability":"unknown"}},{"type":"Feature","geometry":{"type":"LineString","coordinates":[[3.4226094,6.6289208],[3.4226087,6.6288196]]},"properties":{"osm_id":"way/785734118","name":"Unnamed (OSM way/785734118)","named":false,"source":"OpenStreetMap contributors","source_tags":{"tunnel":"culvert","waterway":"drain"},"retrieved_at":"2026-09-06T12:43:12.245Z","confidence":"openstreetmap_mapped_unverified","field_verified":false,"layer":"osm_waterway","waterway_type":"drain","navigability":"unknown"}},{"type":"Feature","geometry":{"type":"LineString","coordinates":[[3.4226435,6.6335727],[3.4226382,6.6319342],[3.4226194,6.6302716],[3.4226094,6.6289208]]},"properties":{"osm_id":"way/785734119","name":"Unnamed (OSM way/785734119)","named":false,"source":"OpenStreetMap contributors","source_tags":{"waterway":"drain"},"retrieved_at":"2026-09-06T12:43:12.245Z","confidence":"openstreetmap_mapped_unverified","field_verified":false,"layer":"osm_waterway","waterway_type":"drain","navigability":"unknown"}},{"type":"Feature","geometry":{"type":"LineString","coordinates":[[3.4226087,6.6288196],[3.4225953,6.6277273],[3.4225872,6.6251296],[3.4225711,6.6233925],[3.4225631,6.6219377],[3.422555,6.6204377],[3.422547,6.617523],[3.4225094,6.6137955],[3.4224665,6.611672],[3.4225067,6.6113736],[3.4225845,6.6110566],[3.4226585,6.6108513]]},"properties":{"osm_id":"way/785734120","name":"Unnamed (OSM way/785734120)","named":false,"source":"OpenStreetMap contributors","source_tags":{"waterway":"drain"},"retrieved_at":"2026-09-06T12:43:12.245Z","confidence":"openstreetmap_mapped_unverified","field_verified":false,"layer":"osm_waterway","waterway_type":"drain","navigability":"unknown"}},{"type":"Feature","geometry":{"type":"LineString","coordinates":[[3.4285605,6.6221189],[3.4284264,6.6217619],[3.4282869,6.6214315],[3.4283298,6.6211331],[3.4282708,6.6206962],[3.4281689,6.6202752],[3.4280938,6.6200461],[3.4281635,6.6199022],[3.4283942,6.6198276],[3.4284908,6.6196944],[3.4284478,6.6195665],[3.4283727,6.6193587],[3.4284532,6.6190549],[3.428641,6.6186287],[3.4285927,6.6181384],[3.4286517,6.6177334],[3.428641,6.6173764],[3.4288073,6.6172539],[3.4289682,6.6172166],[3.4289575,6.6169981],[3.4289414,6.6164705],[3.429113,6.6160496],[3.4290433,6.6158897],[3.4292364,6.6157725],[3.4295207,6.6156552],[3.4298694,6.6155913],[3.4301484,6.6154954],[3.4304166,6.6154687],[3.4308457,6.6152929],[3.4313554,6.6151917],[3.4316611,6.6150051],[3.4318274,6.614808],[3.4318221,6.6145256],[3.4318972,6.614435],[3.4320543,6.6143546]]},"properties":{"osm_id":"way/785734130","name":"Unnamed (OSM way/785734130)","named":false,"source":"OpenStreetMap contributors","source_tags":{"waterway":"stream"},"retrieved_at":"2026-09-06T12:43:12.245Z","confidence":"openstreetmap_mapped_unverified","field_verified":false,"layer":"osm_waterway","waterway_type":"stream","navigability":"unknown"}},{"type":"Feature","geometry":{"type":"LineString","coordinates":[[3.4730852,6.6327334],[3.4733373,6.6325043],[3.4739917,6.6319288],[3.4745336,6.6315665],[3.4748661,6.6313374],[3.4750754,6.6309324],[3.4752041,6.6306127],[3.4752551,6.6304315],[3.475416,6.6298827],[3.4754911,6.6296376],[3.4757137,6.6294217],[3.4761938,6.6291953],[3.4763253,6.6290248],[3.4762314,6.6288383],[3.4759685,6.6284786],[3.4756869,6.6277086],[3.4754831,6.6270052],[3.4741741,6.6264617],[3.4727365,6.6257317],[3.4715724,6.6252948],[3.4704781,6.6251456],[3.4697914,6.6252255],[3.4694481,6.6252042],[3.4690907,6.6251067]]},"properties":{"osm_id":"way/785734143","name":"Unnamed (OSM way/785734143)","named":false,"source":"OpenStreetMap contributors","source_tags":{"waterway":"stream"},"retrieved_at":"2026-09-06T12:43:12.245Z","confidence":"openstreetmap_mapped_unverified","field_verified":false,"layer":"osm_waterway","waterway_type":"stream","navigability":"unknown"}},{"type":"Feature","geometry":{"type":"LineString","coordinates":[[3.449235,6.6385415],[3.4496426,6.6384775],[3.4501469,6.6387226],[3.4506082,6.6383603],[3.4512305,6.6381045],[3.4517777,6.6382857],[3.4523141,6.6378701],[3.4529793,6.6376463],[3.4537625,6.637625],[3.454256,6.637284],[3.4546101,6.637284],[3.4549963,6.6374651],[3.4554791,6.6377635],[3.4558546,6.6379021],[3.4560048,6.6381578],[3.4559888,6.6386385]]},"properties":{"osm_id":"way/785734146","name":"Unnamed (OSM way/785734146)","named":false,"source":"OpenStreetMap contributors","source_tags":{"waterway":"stream"},"retrieved_at":"2026-09-06T12:43:12.245Z","confidence":"openstreetmap_mapped_unverified","field_verified":false,"layer":"osm_waterway","waterway_type":"stream","navigability":"unknown"}},{"type":"Feature","geometry":{"type":"LineString","coordinates":[[3.4434307,6.625452],[3.4435379,6.6256624],[3.4438062,6.6257477],[3.4442085,6.6257317],[3.4447235,6.6255346],[3.4450614,6.6254173],[3.4452438,6.6253907],[3.4455389,6.6256571],[3.4459573,6.6257797],[3.4468424,6.6255612],[3.4473145,6.6254333],[3.4476364,6.6253321],[3.4479207,6.6254973],[3.4482747,6.6254706],[3.4484518,6.6253267],[3.4485322,6.6251935],[3.4489614,6.6252735],[3.4493422,6.625071],[3.4495407,6.6246767],[3.4496158,6.6243889],[3.4493288,6.6241731],[3.4490526,6.6239866],[3.4487361,6.6237122],[3.4485376,6.6234671],[3.4484813,6.6232486],[3.4484893,6.6230834]]},"properties":{"osm_id":"way/785734160","name":"Unnamed (OSM way/785734160)","named":false,"source":"OpenStreetMap contributors","source_tags":{"waterway":"stream"},"retrieved_at":"2026-09-06T12:43:12.245Z","confidence":"openstreetmap_mapped_unverified","field_verified":false,"layer":"osm_waterway","waterway_type":"stream","navigability":"unknown"}},{"type":"Feature","geometry":{"type":"LineString","coordinates":[[3.4449273,6.6188898],[3.4447262,6.6187059],[3.4445599,6.6185008],[3.4443533,6.6182583],[3.4442165,6.6180585],[3.4441414,6.617904],[3.4441066,6.6176855]]},"properties":{"osm_id":"way/785734161","name":"Unnamed (OSM way/785734161)","named":false,"source":"OpenStreetMap contributors","source_tags":{"waterway":"stream"},"retrieved_at":"2026-09-06T12:43:12.245Z","confidence":"openstreetmap_mapped_unverified","field_verified":false,"layer":"osm_waterway","waterway_type":"stream","navigability":"unknown"}},{"type":"Feature","geometry":{"type":"LineString","coordinates":[[3.4466225,6.6234138],[3.4471321,6.62319],[3.4475398,6.6231047],[3.4478188,6.6230727],[3.4480441,6.6230514],[3.4484893,6.6230834],[3.4488004,6.6229182],[3.449294,6.6227264],[3.4496909,6.6224493],[3.4496641,6.6222255],[3.4495729,6.6219431],[3.4495568,6.6216553],[3.4497285,6.621309],[3.4503481,6.6204484],[3.4506431,6.6200354],[3.4511715,6.6187885],[3.4514022,6.6183835],[3.4516087,6.6178294],[3.4517536,6.6176082],[3.4519359,6.6174963],[3.4521157,6.6175549],[3.4526387,6.6177254],[3.4529498,6.6178746],[3.4532073,6.6179066],[3.4534997,6.6177787],[3.4538805,6.6176428],[3.454476,6.6176535],[3.454881,6.6178187],[3.4552136,6.6180851],[3.4555998,6.6181144],[3.4559083,6.6181864],[3.4560022,6.618213],[3.4560967,6.6181861]]},"properties":{"osm_id":"way/785734162","name":"Unnamed (OSM way/785734162)","named":false,"source":"OpenStreetMap contributors","source_tags":{"waterway":"stream"},"retrieved_at":"2026-09-06T12:43:12.245Z","confidence":"openstreetmap_mapped_unverified","field_verified":false,"layer":"osm_waterway","waterway_type":"stream","navigability":"unknown"}},{"type":"Feature","geometry":{"type":"LineString","coordinates":[[3.4434307,6.625452],[3.4433824,6.6252575],[3.4432054,6.625055],[3.4429693,6.6249378],[3.4425831,6.6249324],[3.4415531,6.6249378],[3.4411508,6.6247406],[3.4403515,6.6242397],[3.4401905,6.6238933],[3.4402227,6.6236322],[3.4404159,6.6232859],[3.4408557,6.6226891],[3.4408396,6.6224653],[3.4405231,6.6221722],[3.4402254,6.6217059],[3.440043,6.6214155],[3.4399438,6.6211944],[3.4399894,6.6210026],[3.4401262,6.6207734],[3.4402952,6.620531],[3.4403729,6.6203471],[3.4403461,6.6200807],[3.4401879,6.6196091],[3.4399572,6.6192175],[3.4398097,6.6189031],[3.4397802,6.6186953],[3.4398365,6.6185647],[3.4399116,6.6185168]]},"properties":{"osm_id":"way/785734163","name":"Unnamed (OSM way/785734163)","named":false,"source":"OpenStreetMap contributors","source_tags":{"waterway":"stream"},"retrieved_at":"2026-09-06T12:43:12.245Z","confidence":"openstreetmap_mapped_unverified","field_verified":false,"layer":"osm_waterway","waterway_type":"stream","navigability":"unknown"}},{"type":"Feature","geometry":{"type":"LineString","coordinates":[[3.4401959,6.6289502],[3.4403944,6.6286997],[3.440381,6.6284839],[3.4403568,6.6281908],[3.4404668,6.6279351],[3.4406465,6.6276553],[3.4407699,6.6275701],[3.4411025,6.627682],[3.4413224,6.62765],[3.4416068,6.6275061],[3.4419206,6.6271917],[3.442052,6.626864],[3.4422451,6.6267948],[3.4425133,6.6268134],[3.4426367,6.6266749],[3.442913,6.6265123],[3.4431732,6.626547],[3.4432724,6.6263685],[3.4431893,6.6262113],[3.4430954,6.6260195],[3.4432483,6.6257317],[3.4433636,6.6255452],[3.4434307,6.625452]]},"properties":{"osm_id":"way/785734164","name":"Unnamed (OSM way/785734164)","named":false,"source":"OpenStreetMap contributors","source_tags":{"waterway":"stream"},"retrieved_at":"2026-09-06T12:43:12.245Z","confidence":"openstreetmap_mapped_unverified","field_verified":false,"layer":"osm_waterway","waterway_type":"stream","navigability":"unknown"}},{"type":"Feature","geometry":{"type":"LineString","coordinates":[[3.4243762,6.6224786],[3.4245586,6.6226864],[3.4247115,6.6227584],[3.4248483,6.6228516],[3.4250709,6.6232672],[3.425374,6.623515],[3.4257415,6.6236749],[3.4260178,6.6237468],[3.4261787,6.6237069]]},"properties":{"osm_id":"way/785734172","name":"Unnamed (OSM way/785734172)","named":false,"source":"OpenStreetMap contributors","source_tags":{"waterway":"stream"},"retrieved_at":"2026-09-06T12:43:12.245Z","confidence":"openstreetmap_mapped_unverified","field_verified":false,"layer":"osm_waterway","waterway_type":"stream","navigability":"unknown"}},{"type":"Feature","geometry":{"type":"LineString","coordinates":[[3.1943715,6.4585778],[3.1955221,6.4581806],[3.1961578,6.4578662],[3.1968203,6.4573331],[3.1973541,6.456856],[3.1979844,6.4562804],[3.1989634,6.4553849],[3.2002294,6.4542788],[3.2006103,6.4539616],[3.2006961,6.4538737],[3.2010555,6.4537724],[3.2014418,6.4536818],[3.2015383,6.4536391],[3.2016429,6.4535645],[3.2019058,6.4529489],[3.2020935,6.452725],[3.2024154,6.4525917],[3.2040388,6.4512841]]},"properties":{"osm_id":"way/785952118","name":"Unnamed (OSM way/785952118)","named":false,"source":"OpenStreetMap contributors","source_tags":{"waterway":"drain"},"retrieved_at":"2026-09-06T12:43:12.245Z","confidence":"openstreetmap_mapped_unverified","field_verified":false,"layer":"osm_waterway","waterway_type":"drain","navigability":"unknown"}},{"type":"Feature","geometry":{"type":"LineString","coordinates":[[3.1715646,6.4680151],[3.1711462,6.4679032],[3.1707895,6.4679565],[3.1699339,6.4678952],[3.1695423,6.4677432],[3.1691748,6.4675194],[3.1690299,6.4672582],[3.1690273,6.4668558],[3.1690326,6.4662774],[3.1690058,6.4661069],[3.1689307,6.4660029],[3.1681663,6.4658403],[3.1674555,6.4656511],[3.1671309,6.4656058],[3.1663692,6.4656378],[3.1657577,6.4657817],[3.1648457,6.4661522],[3.1642234,6.4663254],[3.1640303,6.4664666],[3.1637192,6.4665519],[3.1624693,6.4669357],[3.1620857,6.4670556],[3.162016,6.4672582],[3.1619891,6.4674554],[3.1618819,6.4675274],[3.1614795,6.4676953],[3.1610048,6.4679191],[3.1604362,6.468263],[3.1599158,6.4685295],[3.1593418,6.4687267],[3.1586471,6.4689852],[3.1581724,6.4691904],[3.1576681,6.4695262],[3.1568205,6.4700166],[3.1561714,6.4704484],[3.1556725,6.4708588],[3.1553024,6.4710986],[3.1547606,6.4712426],[3.1545702,6.4712612],[3.1540525,6.4712506],[3.1534705,6.4711733],[3.1532961,6.4711253],[3.1523868,6.4706642],[3.1522045,6.4704244],[3.1519738,6.4701525],[3.1512737,6.4696675],[3.1508553,6.469369],[3.1502089,6.4689079],[3.1496644,6.4685988],[3.1490743,6.4683349],[3.1481114,6.4680817],[3.1472343,6.4679751],[3.1466737,6.4680471],[3.1462204,6.4681643],[3.145743,6.4684255],[3.1454185,6.4687134],[3.1451744,6.4690438],[3.1451315,6.4692597],[3.1451502,6.4696008],[3.145161,6.46999],[3.1452709,6.4707149],[3.1454372,6.4715757],[3.1458449,6.4731081],[3.1461132,6.473897],[3.1460166,6.4743341],[3.1458208,6.4747285],[3.145566,6.4751443]]},"properties":{"osm_id":"way/786056325","name":"Unnamed (OSM way/786056325)","named":false,"source":"OpenStreetMap contributors","source_tags":{"waterway":"drain"},"retrieved_at":"2026-09-06T12:43:12.245Z","confidence":"openstreetmap_mapped_unverified","field_verified":false,"layer":"osm_waterway","waterway_type":"drain","navigability":"unknown"}},{"type":"Feature","geometry":{"type":"LineString","coordinates":[[3.1867138,6.4637695],[3.1861666,6.4638441],[3.1858823,6.4639481],[3.1855282,6.4639694],[3.1847718,6.4640547],[3.1841227,6.4639614],[3.1835192,6.4637828],[3.1829748,6.4635696],[3.1824061,6.4630313],[3.1820226,6.4627408],[3.1810717,6.4624849],[3.1801141,6.4624555],[3.1797681,6.4625195],[3.1791593,6.4628607],[3.1788079,6.4629832],[3.17814,6.4631272],[3.1771705,6.4635483],[3.1766877,6.4637908],[3.1761029,6.4642572],[3.1759769,6.4643638],[3.1759098,6.4645397],[3.1753063,6.46531],[3.1751427,6.4657391],[3.1749147,6.4660989],[3.1747001,6.4662961]]},"properties":{"osm_id":"way/786056326","name":"Unnamed (OSM way/786056326)","named":false,"source":"OpenStreetMap contributors","source_tags":{"waterway":"drain"},"retrieved_at":"2026-09-06T12:43:12.245Z","confidence":"openstreetmap_mapped_unverified","field_verified":false,"layer":"osm_waterway","waterway_type":"drain","navigability":"unknown"}},{"type":"Feature","geometry":{"type":"LineString","coordinates":[[3.1738498,6.4698054],[3.1736326,6.46983],[3.1731176,6.46995],[3.1723049,6.4701925],[3.1717551,6.4703551],[3.1708699,6.4706323],[3.1705239,6.4708268],[3.1701753,6.4710267],[3.1694725,6.4715277],[3.1684841,6.4721687],[3.167827,6.4723433],[3.1675266,6.4725645],[3.1672155,6.4730042],[3.1668373,6.4733214],[3.1665825,6.4735133],[3.1660997,6.4736519],[3.1656396,6.4739023],[3.164674,6.4741209],[3.1641188,6.4742968],[3.1632605,6.4743554],[3.1627402,6.47447],[3.1620938,6.4746113],[3.1617156,6.4746752],[3.1611764,6.4746352],[3.1603664,6.47443],[3.160007,6.4744247],[3.1598461,6.4743527],[3.1596905,6.4743847],[3.1592882,6.4745766],[3.1584299,6.4747498],[3.1577834,6.4749071],[3.1572711,6.4751656],[3.156732,6.4753122],[3.15593,6.4751843],[3.1552434,6.475139],[3.1542698,6.4751656],[3.1535697,6.4751096],[3.1520891,6.475131],[3.1502652,6.4751816],[3.1491548,6.4751763],[3.1474167,6.4752029],[3.1469527,6.4752162],[3.1464028,6.4752642],[3.1460568,6.4752695],[3.1457779,6.4751629],[3.145566,6.4751443]]},"properties":{"osm_id":"way/786056330","name":"Unnamed (OSM way/786056330)","named":false,"source":"OpenStreetMap contributors","source_tags":{"waterway":"drain"},"retrieved_at":"2026-09-06T12:43:12.245Z","confidence":"openstreetmap_mapped_unverified","field_verified":false,"layer":"osm_waterway","waterway_type":"drain","navigability":"unknown"}},{"type":"Feature","geometry":{"type":"LineString","coordinates":[[3.145566,6.4751443],[3.1448257,6.4753042],[3.1435865,6.4755654],[3.1424587,6.475596],[3.1413912,6.475612],[3.1398462,6.4756013],[3.1368756,6.4756187],[3.1352287,6.4756453]]},"properties":{"osm_id":"way/786056331","name":"Unnamed (OSM way/786056331)","named":false,"source":"OpenStreetMap contributors","source_tags":{"waterway":"drain"},"retrieved_at":"2026-09-06T12:43:12.245Z","confidence":"openstreetmap_mapped_unverified","field_verified":false,"layer":"osm_waterway","waterway_type":"drain","navigability":"unknown"}},{"type":"Feature","geometry":{"type":"LineString","coordinates":[[3.1755102,6.4785449],[3.1750354,6.4785369],[3.174853,6.4785423],[3.1745848,6.4786249],[3.1741208,6.4788194],[3.1739625,6.478918],[3.1737399,6.4791046],[3.1734395,6.4790833],[3.1729943,6.4789554],[3.1725973,6.4788381],[3.1723452,6.4789127],[3.1719965,6.479062],[3.1716907,6.4791419],[3.1712723,6.4790566],[3.1706661,6.4791259],[3.1696898,6.4793924],[3.1687939,6.4797416],[3.1683513,6.4798562],[3.1679302,6.4798562],[3.1674904,6.4799121],[3.1670746,6.4799148],[3.1664336,6.4799015],[3.1655163,6.4800054],[3.1651461,6.4801253],[3.1646231,6.4802453],[3.1640598,6.4803119],[3.1632981,6.4802133],[3.1630111,6.4803492],[3.162539,6.4804904],[3.162083,6.4806157],[3.1613266,6.4808875],[3.1604603,6.4811221],[3.1596583,6.4812553],[3.1589127,6.4813193],[3.158159,6.4813246],[3.1574321,6.4814685],[3.1566435,6.4815991],[3.1561017,6.4816631],[3.1555063,6.4815298],[3.1551763,6.4815431],[3.1548518,6.4816817],[3.1543636,6.4819216],[3.1534597,6.4821268],[3.1528348,6.4821908],[3.151558,6.4823933],[3.1507802,6.4826332],[3.1500238,6.4827024],[3.1495142,6.4828677],[3.1486666,6.4832461],[3.1481999,6.4832461],[3.1477976,6.4828037],[3.1470627,6.4823507],[3.1466228,6.4822867],[3.146258,6.4824999],[3.1456679,6.4825159],[3.1448686,6.4824626],[3.1438225,6.4824733],[3.1430823,6.4825585],[3.1419182,6.4828197],[3.1413764,6.4828144]]},"properties":{"osm_id":"way/786056356","name":"Unnamed (OSM way/786056356)","named":false,"source":"OpenStreetMap contributors","source_tags":{"waterway":"drain"},"retrieved_at":"2026-09-06T12:43:12.245Z","confidence":"openstreetmap_mapped_unverified","field_verified":false,"layer":"osm_waterway","waterway_type":"drain","navigability":"unknown"}},{"type":"Feature","geometry":{"type":"LineString","coordinates":[[3.3590806,6.4730748],[3.3600019,6.4730415],[3.3603774,6.4730575],[3.3606523,6.4731228],[3.3608307,6.4731774],[3.3609702,6.4732747],[3.3611378,6.4734826],[3.3617708,6.4747152],[3.3621892,6.475548],[3.3626935,6.4765435]]},"properties":{"osm_id":"way/786552724","name":"Unnamed (OSM way/786552724)","named":false,"source":"OpenStreetMap contributors","source_tags":{"waterway":"drain"},"retrieved_at":"2026-09-06T12:43:12.245Z","confidence":"openstreetmap_mapped_unverified","field_verified":false,"layer":"osm_waterway","waterway_type":"drain","navigability":"unknown"}},{"type":"Feature","geometry":{"type":"LineString","coordinates":[[3.3678111,6.4666066],[3.3681746,6.4662894],[3.3683422,6.4661002],[3.3683985,6.4659416],[3.3684576,6.4655778],[3.3684736,6.4651354],[3.3684938,6.4649435],[3.3685208,6.4648207]]},"properties":{"osm_id":"way/786552742","name":"Unnamed (OSM way/786552742)","named":false,"source":"OpenStreetMap contributors","source_tags":{"waterway":"drain"},"retrieved_at":"2026-09-06T12:43:12.245Z","confidence":"openstreetmap_mapped_unverified","field_verified":false,"layer":"osm_waterway","waterway_type":"drain","navigability":"unknown"}},{"type":"Feature","geometry":{"type":"LineString","coordinates":[[3.4161057,6.4561458],[3.4158079,6.4560312],[3.4155424,6.4559219],[3.4151213,6.455666],[3.4147203,6.4554102],[3.4145607,6.4553342],[3.4144749,6.4553089],[3.4142883,6.4553108]]},"properties":{"osm_id":"way/786970221","name":"Unnamed (OSM way/786970221)","named":false,"source":"OpenStreetMap contributors","source_tags":{"waterway":"drain"},"retrieved_at":"2026-09-06T12:43:12.245Z","confidence":"openstreetmap_mapped_unverified","field_verified":false,"layer":"osm_waterway","waterway_type":"drain","navigability":"unknown"}},{"type":"Feature","geometry":{"type":"LineString","coordinates":[[3.4141771,6.4558832],[3.4141611,6.4556207],[3.4142764,6.4553849],[3.4142883,6.4553108],[3.4142925,6.4552849],[3.4142616,6.4550597],[3.4142777,6.4547106]]},"properties":{"osm_id":"way/786970222","name":"Unnamed (OSM way/786970222)","named":false,"source":"OpenStreetMap contributors","source_tags":{"waterway":"drain"},"retrieved_at":"2026-09-06T12:43:12.245Z","confidence":"openstreetmap_mapped_unverified","field_verified":false,"layer":"osm_waterway","waterway_type":"drain","navigability":"unknown"}},{"type":"Feature","geometry":{"type":"LineString","coordinates":[[3.5735553,6.4489883],[3.5733998,6.4488551]]},"properties":{"osm_id":"way/787296049","name":"Unnamed (OSM way/787296049)","named":false,"source":"OpenStreetMap contributors","source_tags":{"layer":"-1","tunnel":"culvert","waterway":"drain"},"retrieved_at":"2026-09-06T12:43:12.245Z","confidence":"openstreetmap_mapped_unverified","field_verified":false,"layer":"osm_waterway","waterway_type":"drain","navigability":"unknown"}},{"type":"Feature","geometry":{"type":"LineString","coordinates":[[3.5844666,6.450289],[3.5837236,6.4502117],[3.58253,6.4500731],[3.5819775,6.4500224],[3.5773104,6.4494201],[3.5739872,6.4490256],[3.5735553,6.4489883]]},"properties":{"osm_id":"way/787296050","name":"Unnamed (OSM way/787296050)","named":false,"source":"OpenStreetMap contributors","source_tags":{"waterway":"drain"},"retrieved_at":"2026-09-06T12:43:12.245Z","confidence":"openstreetmap_mapped_unverified","field_verified":false,"layer":"osm_waterway","waterway_type":"drain","navigability":"unknown"}},{"type":"Feature","geometry":{"type":"LineString","coordinates":[[3.5571617,6.445129],[3.5571054,6.4449825]]},"properties":{"osm_id":"way/787296051","name":"Unnamed (OSM way/787296051)","named":false,"source":"OpenStreetMap contributors","source_tags":{"layer":"-1","tunnel":"culvert","waterway":"drain"},"retrieved_at":"2026-09-06T12:43:12.245Z","confidence":"openstreetmap_mapped_unverified","field_verified":false,"layer":"osm_waterway","waterway_type":"drain","navigability":"unknown"}},{"type":"Feature","geometry":{"type":"LineString","coordinates":[[3.5571054,6.4449825],[3.5570222,6.4447453],[3.5568881,6.4442362],[3.5566628,6.4435805],[3.5564415,6.4428036],[3.5563785,6.442657]]},"properties":{"osm_id":"way/787296052","name":"Unnamed (OSM way/787296052)","named":false,"source":"OpenStreetMap contributors","source_tags":{"waterway":"drain"},"retrieved_at":"2026-09-06T12:43:12.245Z","confidence":"openstreetmap_mapped_unverified","field_verified":false,"layer":"osm_waterway","waterway_type":"drain","navigability":"unknown"}},{"type":"Feature","geometry":{"type":"LineString","coordinates":[[3.5563785,6.442657],[3.5558394,6.4425384]]},"properties":{"osm_id":"way/787296053","name":"Unnamed (OSM way/787296053)","named":false,"source":"OpenStreetMap contributors","source_tags":{"layer":"-1","tunnel":"culvert","waterway":"drain"},"retrieved_at":"2026-09-06T12:43:12.245Z","confidence":"openstreetmap_mapped_unverified","field_verified":false,"layer":"osm_waterway","waterway_type":"drain","navigability":"unknown"}},{"type":"Feature","geometry":{"type":"LineString","coordinates":[[3.5733998,6.4488551],[3.5733676,6.4487165],[3.5732764,6.4484979],[3.5731289,6.4484473],[3.5716402,6.44829],[3.5701436,6.4481408],[3.568148,6.4479009],[3.5651976,6.4475518],[3.5637063,6.4473679],[3.5615981,6.4471293],[3.5589936,6.4468855],[3.5586047,6.4467815],[3.5581005,6.446411],[3.5577598,6.4461792]]},"properties":{"osm_id":"way/787296054","name":"Unnamed (OSM way/787296054)","named":false,"source":"OpenStreetMap contributors","source_tags":{"waterway":"drain"},"retrieved_at":"2026-09-06T12:43:12.245Z","confidence":"openstreetmap_mapped_unverified","field_verified":false,"layer":"osm_waterway","waterway_type":"drain","navigability":"unknown"}},{"type":"Feature","geometry":{"type":"LineString","coordinates":[[3.5549757,6.4346598],[3.556188,6.4346731],[3.556644,6.4346172],[3.5571027,6.4345186],[3.5575882,6.4345186],[3.5579154,6.4345106],[3.5585752,6.4345559],[3.5596266,6.4346225],[3.5600117,6.4348601]]},"properties":{"osm_id":"way/787296074","name":"Unnamed (OSM way/787296074)","named":false,"source":"OpenStreetMap contributors","source_tags":{"waterway":"drain"},"retrieved_at":"2026-09-06T12:43:12.245Z","confidence":"openstreetmap_mapped_unverified","field_verified":false,"layer":"osm_waterway","waterway_type":"drain","navigability":"unknown"}},{"type":"Feature","geometry":{"type":"LineString","coordinates":[[3.7740612,6.6822195],[3.7739298,6.6813244],[3.7737474,6.6803414],[3.773632,6.6792785],[3.7735301,6.6782315],[3.7736535,6.6775175],[3.7736213,6.6768142],[3.7735194,6.6761935],[3.773168,6.6749148],[3.7731573,6.6746777],[3.7733799,6.6742275],[3.7734121,6.6736973],[3.773509,6.6733952]]},"properties":{"osm_id":"way/787524718","name":"Unnamed (OSM way/787524718)","named":false,"source":"OpenStreetMap contributors","source_tags":{"waterway":"stream"},"retrieved_at":"2026-09-06T12:43:12.245Z","confidence":"openstreetmap_mapped_unverified","field_verified":false,"layer":"osm_waterway","waterway_type":"stream","navigability":"unknown"}},{"type":"Feature","geometry":{"type":"LineString","coordinates":[[3.6453364,6.449064],[3.645342,6.4493721],[3.6453688,6.4526504],[3.6453795,6.4541482]]},"properties":{"osm_id":"way/787834660","name":"Unnamed (OSM way/787834660)","named":false,"source":"OpenStreetMap contributors","source_tags":{"waterway":"stream"},"retrieved_at":"2026-09-06T12:43:12.245Z","confidence":"openstreetmap_mapped_unverified","field_verified":false,"layer":"osm_waterway","waterway_type":"stream","navigability":"unknown"}},{"type":"Feature","geometry":{"type":"LineString","coordinates":[[3.6520662,6.4456976],[3.6520046,6.4459553],[3.6516827,6.4463924],[3.6510712,6.4472186],[3.650921,6.4475384],[3.6507171,6.4478689],[3.6504918,6.4480448],[3.649773,6.4481035],[3.6490917,6.4480448],[3.6485982,6.4481621],[3.6479759,6.4483167],[3.6473268,6.4484713],[3.6468333,6.4487005],[3.6462969,6.4489883],[3.6457336,6.4490416],[3.6453364,6.449064],[3.645165,6.4490736],[3.6434054,6.4490576],[3.6421341,6.4491269],[3.6410075,6.4492282],[3.6405194,6.4492282],[3.6398756,6.4491482],[3.6393928,6.4491429],[3.638556,6.4491589],[3.6376333,6.4491429]]},"properties":{"osm_id":"way/787834661","name":"Unnamed (OSM way/787834661)","named":false,"source":"OpenStreetMap contributors","source_tags":{"waterway":"stream"},"retrieved_at":"2026-09-06T12:43:12.245Z","confidence":"openstreetmap_mapped_unverified","field_verified":false,"layer":"osm_waterway","waterway_type":"stream","navigability":"unknown"}},{"type":"Feature","geometry":{"type":"LineString","coordinates":[[3.6534315,6.4456728],[3.6526376,6.4456621],[3.6520662,6.4456976],[3.6518651,6.4457101],[3.6513126,6.4457794]]},"properties":{"osm_id":"way/787834662","name":"Unnamed (OSM way/787834662)","named":false,"source":"OpenStreetMap contributors","source_tags":{"waterway":"stream"},"retrieved_at":"2026-09-06T12:43:12.245Z","confidence":"openstreetmap_mapped_unverified","field_verified":false,"layer":"osm_waterway","waterway_type":"stream","navigability":"unknown"}},{"type":"Feature","geometry":{"type":"LineString","coordinates":[[3.653984,6.4300915],[3.6536407,6.4339509],[3.6529755,6.4384712],[3.6524284,6.4415523],[3.6524659,6.4417228],[3.6525732,6.4418668],[3.6526215,6.442112],[3.6524606,6.4428742],[3.652423,6.443951],[3.652423,6.4453796]]},"properties":{"osm_id":"way/787834663","name":"Unnamed (OSM way/787834663)","named":false,"source":"OpenStreetMap contributors","source_tags":{"waterway":"stream"},"retrieved_at":"2026-09-06T12:43:12.245Z","confidence":"openstreetmap_mapped_unverified","field_verified":false,"layer":"osm_waterway","waterway_type":"stream","navigability":"unknown"}},{"type":"Feature","geometry":{"type":"LineString","coordinates":[[3.4010035,6.53991],[3.4010357,6.5396249],[3.4011054,6.539409],[3.401151,6.539044],[3.4011751,6.5384817],[3.401261,6.5378502],[3.4013978,6.5371813],[3.4014782,6.5367576],[3.4015694,6.536635],[3.4016687,6.5363739],[3.4018457,6.5359102],[3.4021273,6.5354066],[3.4022024,6.5351214],[3.4024224,6.5345751],[3.4025672,6.5341568],[3.4027684,6.5332161],[3.4028918,6.5326165],[3.4029494,6.5324005]]},"properties":{"osm_id":"way/788672521","name":"Unnamed (OSM way/788672521)","named":false,"source":"OpenStreetMap contributors","source_tags":{"waterway":"drain"},"retrieved_at":"2026-09-06T12:43:12.245Z","confidence":"openstreetmap_mapped_unverified","field_verified":false,"layer":"osm_waterway","waterway_type":"drain","navigability":"unknown"}},{"type":"Feature","geometry":{"type":"LineString","coordinates":[[3.3851568,6.605325],[3.3851816,6.6053866]]},"properties":{"osm_id":"way/789336913","name":"Unnamed (OSM way/789336913)","named":false,"source":"OpenStreetMap contributors","source_tags":{"layer":"-1","tunnel":"culvert","waterway":"drain"},"retrieved_at":"2026-09-06T12:43:12.245Z","confidence":"openstreetmap_mapped_unverified","field_verified":false,"layer":"osm_waterway","waterway_type":"drain","navigability":"unknown"}},{"type":"Feature","geometry":{"type":"LineString","coordinates":[[3.3850336,6.6050191],[3.3851568,6.605325]]},"properties":{"osm_id":"way/789336914","name":"Unnamed (OSM way/789336914)","named":false,"source":"OpenStreetMap contributors","source_tags":{"waterway":"drain"},"retrieved_at":"2026-09-06T12:43:12.245Z","confidence":"openstreetmap_mapped_unverified","field_verified":false,"layer":"osm_waterway","waterway_type":"drain","navigability":"unknown"}},{"type":"Feature","geometry":{"type":"LineString","coordinates":[[3.3851816,6.6053866],[3.3853018,6.6056852],[3.3856505,6.6065271],[3.3857283,6.6067189],[3.3857229,6.6069268],[3.3858061,6.6072252],[3.3857846,6.6074516],[3.3857954,6.6077234],[3.3858007,6.6079286],[3.3858275,6.6083735],[3.3857793,6.6090769],[3.3858325,6.6092687],[3.3858812,6.6094446],[3.3860555,6.6099428],[3.3862808,6.6109926],[3.3864579,6.6115042],[3.3867234,6.6120903],[3.3869407,6.6123994],[3.3871254,6.6126162]]},"properties":{"osm_id":"way/789336915","name":"Unnamed (OSM way/789336915)","named":false,"source":"OpenStreetMap contributors","source_tags":{"waterway":"drain"},"retrieved_at":"2026-09-06T12:43:12.245Z","confidence":"openstreetmap_mapped_unverified","field_verified":false,"layer":"osm_waterway","waterway_type":"drain","navigability":"unknown"}},{"type":"Feature","geometry":{"type":"LineString","coordinates":[[3.7408205,6.448543],[3.7406407,6.4485652],[3.7403672,6.4486279],[3.7401217,6.4486],[3.7399184,6.4484328],[3.7398062,6.4482446],[3.7398342,6.4480286],[3.7399604,6.4478614],[3.7402059,6.4476593],[3.7404233,6.4474921],[3.7405986,6.4473457],[3.7407318,6.4471994],[3.7406934,6.447056]]},"properties":{"osm_id":"way/790376957","name":"Unnamed (OSM way/790376957)","named":false,"source":"OpenStreetMap contributors","source_tags":{"waterway":"drain"},"retrieved_at":"2026-09-06T12:43:12.245Z","confidence":"openstreetmap_mapped_unverified","field_verified":false,"layer":"osm_waterway","waterway_type":"drain","navigability":"unknown"}},{"type":"Feature","geometry":{"type":"LineString","coordinates":[[3.377019,6.5412767],[3.3770716,6.541423],[3.3771382,6.54151],[3.3772083,6.5417086],[3.377282,6.5418166],[3.3773696,6.5418862],[3.3774678,6.5419141],[3.377552,6.541928],[3.3776606,6.5420953],[3.3778535,6.5423704],[3.3779692,6.5424889],[3.3781305,6.5425934],[3.3782532,6.5426178],[3.3783268,6.5426352],[3.3783759,6.5426526],[3.378444,6.542689],[3.3785127,6.5427257],[3.3788493,6.5427536],[3.3791333,6.5427815],[3.3792665,6.5428024],[3.3794313,6.542872],[3.3794663,6.5429104],[3.3794769,6.5430392],[3.3794804,6.5430915],[3.3794804,6.5432552],[3.3794421,6.5436715],[3.3793701,6.5438376],[3.3793326,6.5438834],[3.3792778,6.5440151],[3.3791856,6.5441124],[3.3790588,6.5442155],[3.37903,6.5442413],[3.3790415,6.5442785],[3.3790876,6.5443844],[3.3791366,6.5445534],[3.3793239,6.5452176],[3.3793931,6.5453436],[3.3797678,6.5458962],[3.3797764,6.545962],[3.3797851,6.5460087]]},"properties":{"osm_id":"way/791933194","name":"Unnamed (OSM way/791933194)","named":false,"source":"OpenStreetMap contributors","source_tags":{"waterway":"drain"},"retrieved_at":"2026-09-06T12:43:12.245Z","confidence":"openstreetmap_mapped_unverified","field_verified":false,"layer":"osm_waterway","waterway_type":"drain","navigability":"unknown"}},{"type":"Feature","geometry":{"type":"LineString","coordinates":[[3.3278972,6.5129206],[3.3274358,6.5127021],[3.3268511,6.5124276],[3.3263522,6.5121158],[3.3259714,6.5118014],[3.3256012,6.5114976],[3.3247483,6.5109406],[3.3242252,6.5105062],[3.3239651,6.5103677],[3.323552,6.5102477],[3.3234616,6.5102542]]},"properties":{"osm_id":"way/795831095","name":"Unnamed (OSM way/795831095)","named":false,"source":"OpenStreetMap contributors","source_tags":{"waterway":"drain"},"retrieved_at":"2026-09-06T12:43:12.245Z","confidence":"openstreetmap_mapped_unverified","field_verified":false,"layer":"osm_waterway","waterway_type":"drain","navigability":"unknown"}},{"type":"Feature","geometry":{"type":"LineString","coordinates":[[3.3292772,6.5077241],[3.3291069,6.5076788],[3.3288789,6.5076388],[3.3286267,6.5075775],[3.3283371,6.5074229],[3.3278543,6.5071271],[3.3271462,6.5066261],[3.3268082,6.5063463],[3.3263952,6.5061144],[3.326076,6.5060132],[3.3258989,6.5060878],[3.3254054,6.5065408],[3.3250326,6.5068686],[3.3247295,6.5072337],[3.3245337,6.5073803],[3.3244513,6.5074641]]},"properties":{"osm_id":"way/795831105","name":"Unnamed (OSM way/795831105)","named":false,"source":"OpenStreetMap contributors","source_tags":{"waterway":"stream"},"retrieved_at":"2026-09-06T12:43:12.245Z","confidence":"openstreetmap_mapped_unverified","field_verified":false,"layer":"osm_waterway","waterway_type":"stream","navigability":"unknown"}},{"type":"Feature","geometry":{"type":"LineString","coordinates":[[3.3549512,6.4994659],[3.3549171,6.4985585],[3.3548394,6.4980276],[3.354684,6.4976029],[3.3543925,6.4972844],[3.3541788,6.497072],[3.3540088,6.4968162],[3.3538533,6.4962563],[3.3535861,6.494678],[3.3534647,6.4942002],[3.3531295,6.4934714],[3.3530178,6.4933411],[3.352498,6.493066],[3.3523341,6.4930431]]},"properties":{"osm_id":"way/795831177","name":"Ajegunle Canal","named":true,"source":"OpenStreetMap contributors","source_tags":{"name":"Ajegunle Canal","waterway":"canal"},"retrieved_at":"2026-09-06T12:43:12.245Z","confidence":"openstreetmap_mapped_unverified","field_verified":false,"layer":"osm_waterway","waterway_type":"canal","navigability":"unknown"}},{"type":"Feature","geometry":{"type":"LineString","coordinates":[[3.5315717,6.4370279],[3.5313445,6.4368585]]},"properties":{"osm_id":"way/796421400","name":"Unnamed (OSM way/796421400)","named":false,"source":"OpenStreetMap contributors","source_tags":{"waterway":"drain"},"retrieved_at":"2026-09-06T12:43:12.245Z","confidence":"openstreetmap_mapped_unverified","field_verified":false,"layer":"osm_waterway","waterway_type":"drain","navigability":"unknown"}},{"type":"Feature","geometry":{"type":"LineString","coordinates":[[3.5312552,6.436792],[3.5309589,6.436571]]},"properties":{"osm_id":"way/796421401","name":"Unnamed (OSM way/796421401)","named":false,"source":"OpenStreetMap contributors","source_tags":{"waterway":"drain"},"retrieved_at":"2026-09-06T12:43:12.245Z","confidence":"openstreetmap_mapped_unverified","field_verified":false,"layer":"osm_waterway","waterway_type":"drain","navigability":"unknown"}},{"type":"Feature","geometry":{"type":"LineString","coordinates":[[3.5313445,6.4368585],[3.5312552,6.436792]]},"properties":{"osm_id":"way/796421402","name":"Unnamed (OSM way/796421402)","named":false,"source":"OpenStreetMap contributors","source_tags":{"layer":"-1","tunnel":"culvert","waterway":"drain"},"retrieved_at":"2026-09-06T12:43:12.245Z","confidence":"openstreetmap_mapped_unverified","field_verified":false,"layer":"osm_waterway","waterway_type":"drain","navigability":"unknown"}},{"type":"Feature","geometry":{"type":"LineString","coordinates":[[3.5285799,6.4392781],[3.5292101,6.4380452],[3.5290758,6.4379704],[3.5289376,6.4378664],[3.5288297,6.4377472],[3.5286367,6.4374145],[3.5285551,6.4372537],[3.5284941,6.4370791],[3.5284707,6.4368992],[3.5284724,6.436728],[3.5284875,6.4364061]]},"properties":{"osm_id":"way/796421404","name":"Unnamed (OSM way/796421404)","named":false,"source":"OpenStreetMap contributors","source_tags":{"waterway":"drain"},"retrieved_at":"2026-09-06T12:43:12.245Z","confidence":"openstreetmap_mapped_unverified","field_verified":false,"layer":"osm_waterway","waterway_type":"drain","navigability":"unknown"}},{"type":"Feature","geometry":{"type":"LineString","coordinates":[[3.529007,6.4362444],[3.5291667,6.4361817]]},"properties":{"osm_id":"way/796421405","name":"Unnamed (OSM way/796421405)","named":false,"source":"OpenStreetMap contributors","source_tags":{"waterway":"drain"},"retrieved_at":"2026-09-06T12:43:12.245Z","confidence":"openstreetmap_mapped_unverified","field_verified":false,"layer":"osm_waterway","waterway_type":"drain","navigability":"unknown"}},{"type":"Feature","geometry":{"type":"LineString","coordinates":[[3.5284875,6.4364061],[3.5284905,6.4363659],[3.5289083,6.4362831],[3.529007,6.4362444]]},"properties":{"osm_id":"way/796421406","name":"Unnamed (OSM way/796421406)","named":false,"source":"OpenStreetMap contributors","source_tags":{"layer":"-1","tunnel":"culvert","waterway":"drain"},"retrieved_at":"2026-09-06T12:43:12.245Z","confidence":"openstreetmap_mapped_unverified","field_verified":false,"layer":"osm_waterway","waterway_type":"drain","navigability":"unknown"}},{"type":"Feature","geometry":{"type":"LineString","coordinates":[[3.5285913,6.435935],[3.5289131,6.4348636],[3.5289413,6.434709],[3.5289426,6.4344998],[3.5289212,6.4343238],[3.5288649,6.4341279],[3.5287763,6.4339307],[3.5286717,6.4337775],[3.528547,6.4336362],[3.528307,6.4333563],[3.5282144,6.4332404],[3.5281594,6.4331564]]},"properties":{"osm_id":"way/796421407","name":"Unnamed (OSM way/796421407)","named":false,"source":"OpenStreetMap contributors","source_tags":{"waterway":"drain"},"retrieved_at":"2026-09-06T12:43:12.245Z","confidence":"openstreetmap_mapped_unverified","field_verified":false,"layer":"osm_waterway","waterway_type":"drain","navigability":"unknown"}},{"type":"Feature","geometry":{"type":"LineString","coordinates":[[3.5284866,6.4360511],[3.5284158,6.4360113],[3.5283187,6.4359409],[3.5282324,6.4358674],[3.5281724,6.4358047]]},"properties":{"osm_id":"way/796421408","name":"Unnamed (OSM way/796421408)","named":false,"source":"OpenStreetMap contributors","source_tags":{"waterway":"drain"},"retrieved_at":"2026-09-06T12:43:12.245Z","confidence":"openstreetmap_mapped_unverified","field_verified":false,"layer":"osm_waterway","waterway_type":"drain","navigability":"unknown"}},{"type":"Feature","geometry":{"type":"LineString","coordinates":[[3.5281724,6.4358047],[3.5280337,6.4356638]]},"properties":{"osm_id":"way/796421409","name":"Unnamed (OSM way/796421409)","named":false,"source":"OpenStreetMap contributors","source_tags":{"layer":"-1","tunnel":"culvert","waterway":"drain"},"retrieved_at":"2026-09-06T12:43:12.245Z","confidence":"openstreetmap_mapped_unverified","field_verified":false,"layer":"osm_waterway","waterway_type":"drain","navigability":"unknown"}},{"type":"Feature","geometry":{"type":"LineString","coordinates":[[3.5280337,6.4356638],[3.5279644,6.4355628],[3.5278612,6.4353975]]},"properties":{"osm_id":"way/796421410","name":"Unnamed (OSM way/796421410)","named":false,"source":"OpenStreetMap contributors","source_tags":{"waterway":"drain"},"retrieved_at":"2026-09-06T12:43:12.245Z","confidence":"openstreetmap_mapped_unverified","field_verified":false,"layer":"osm_waterway","waterway_type":"drain","navigability":"unknown"}},{"type":"Feature","geometry":{"type":"LineString","coordinates":[[3.5278612,6.4353975],[3.5278042,6.4352811]]},"properties":{"osm_id":"way/796421411","name":"Unnamed (OSM way/796421411)","named":false,"source":"OpenStreetMap contributors","source_tags":{"layer":"-1","tunnel":"culvert","waterway":"drain"},"retrieved_at":"2026-09-06T12:43:12.245Z","confidence":"openstreetmap_mapped_unverified","field_verified":false,"layer":"osm_waterway","waterway_type":"drain","navigability":"unknown"}},{"type":"Feature","geometry":{"type":"LineString","coordinates":[[3.5278042,6.4352811],[3.5277395,6.4351372],[3.527684,6.4349918],[3.527647,6.4348601],[3.5276208,6.4347591]]},"properties":{"osm_id":"way/796421412","name":"Unnamed (OSM way/796421412)","named":false,"source":"OpenStreetMap contributors","source_tags":{"waterway":"drain"},"retrieved_at":"2026-09-06T12:43:12.245Z","confidence":"openstreetmap_mapped_unverified","field_verified":false,"layer":"osm_waterway","waterway_type":"drain","navigability":"unknown"}},{"type":"Feature","geometry":{"type":"LineString","coordinates":[[3.5276208,6.4347591],[3.5275993,6.4346336]]},"properties":{"osm_id":"way/796421413","name":"Unnamed (OSM way/796421413)","named":false,"source":"OpenStreetMap contributors","source_tags":{"layer":"-1","tunnel":"culvert","waterway":"drain"},"retrieved_at":"2026-09-06T12:43:12.245Z","confidence":"openstreetmap_mapped_unverified","field_verified":false,"layer":"osm_waterway","waterway_type":"drain","navigability":"unknown"}},{"type":"Feature","geometry":{"type":"LineString","coordinates":[[3.5275993,6.4346336],[3.527587,6.4345417],[3.5275793,6.4343657],[3.5275793,6.4341942],[3.5275931,6.4340672]]},"properties":{"osm_id":"way/796421414","name":"Unnamed (OSM way/796421414)","named":false,"source":"OpenStreetMap contributors","source_tags":{"waterway":"drain"},"retrieved_at":"2026-09-06T12:43:12.245Z","confidence":"openstreetmap_mapped_unverified","field_verified":false,"layer":"osm_waterway","waterway_type":"drain","navigability":"unknown"}},{"type":"Feature","geometry":{"type":"LineString","coordinates":[[3.5275931,6.4340672],[3.5276054,6.4339799]]},"properties":{"osm_id":"way/796421415","name":"Unnamed (OSM way/796421415)","named":false,"source":"OpenStreetMap contributors","source_tags":{"layer":"-1","tunnel":"culvert","waterway":"drain"},"retrieved_at":"2026-09-06T12:43:12.245Z","confidence":"openstreetmap_mapped_unverified","field_verified":false,"layer":"osm_waterway","waterway_type":"drain","navigability":"unknown"}},{"type":"Feature","geometry":{"type":"LineString","coordinates":[[3.5276054,6.4339799],[3.5276332,6.4338222],[3.5276825,6.4336477]]},"properties":{"osm_id":"way/796421416","name":"Unnamed (OSM way/796421416)","named":false,"source":"OpenStreetMap contributors","source_tags":{"waterway":"drain"},"retrieved_at":"2026-09-06T12:43:12.245Z","confidence":"openstreetmap_mapped_unverified","field_verified":false,"layer":"osm_waterway","waterway_type":"drain","navigability":"unknown"}},{"type":"Feature","geometry":{"type":"LineString","coordinates":[[3.5276825,6.4336477],[3.5277518,6.4334824]]},"properties":{"osm_id":"way/796421417","name":"Unnamed (OSM way/796421417)","named":false,"source":"OpenStreetMap contributors","source_tags":{"layer":"-1","tunnel":"culvert","waterway":"drain"},"retrieved_at":"2026-09-06T12:43:12.245Z","confidence":"openstreetmap_mapped_unverified","field_verified":false,"layer":"osm_waterway","waterway_type":"drain","navigability":"unknown"}},{"type":"Feature","geometry":{"type":"LineString","coordinates":[[3.5277518,6.4334824],[3.5278026,6.433363],[3.5278627,6.4332512],[3.5279274,6.4331533],[3.5280075,6.4330936],[3.5280645,6.4330829]]},"properties":{"osm_id":"way/796421418","name":"Unnamed (OSM way/796421418)","named":false,"source":"OpenStreetMap contributors","source_tags":{"waterway":"drain"},"retrieved_at":"2026-09-06T12:43:12.245Z","confidence":"openstreetmap_mapped_unverified","field_verified":false,"layer":"osm_waterway","waterway_type":"drain","navigability":"unknown"}},{"type":"Feature","geometry":{"type":"LineString","coordinates":[[3.5280645,6.4330829],[3.5281393,6.4330925]]},"properties":{"osm_id":"way/796421419","name":"Unnamed (OSM way/796421419)","named":false,"source":"OpenStreetMap contributors","source_tags":{"layer":"-1","tunnel":"culvert","waterway":"drain"},"retrieved_at":"2026-09-06T12:43:12.245Z","confidence":"openstreetmap_mapped_unverified","field_verified":false,"layer":"osm_waterway","waterway_type":"drain","navigability":"unknown"}},{"type":"Feature","geometry":{"type":"LineString","coordinates":[[3.5281594,6.4331564],[3.5281393,6.4330925]]},"properties":{"osm_id":"way/796421420","name":"Unnamed (OSM way/796421420)","named":false,"source":"OpenStreetMap contributors","source_tags":{"layer":"-1","tunnel":"culvert","waterway":"drain"},"retrieved_at":"2026-09-06T12:43:12.245Z","confidence":"openstreetmap_mapped_unverified","field_verified":false,"layer":"osm_waterway","waterway_type":"drain","navigability":"unknown"}},{"type":"Feature","geometry":{"type":"LineString","coordinates":[[3.5281393,6.4330925],[3.5283027,6.4329445]]},"properties":{"osm_id":"way/796421421","name":"Unnamed (OSM way/796421421)","named":false,"source":"OpenStreetMap contributors","source_tags":{"layer":"-1","tunnel":"culvert","waterway":"drain"},"retrieved_at":"2026-09-06T12:43:12.245Z","confidence":"openstreetmap_mapped_unverified","field_verified":false,"layer":"osm_waterway","waterway_type":"drain","navigability":"unknown"}},{"type":"Feature","geometry":{"type":"LineString","coordinates":[[3.5283027,6.4329445],[3.5283483,6.4328113]]},"properties":{"osm_id":"way/796421422","name":"Unnamed (OSM way/796421422)","named":false,"source":"OpenStreetMap contributors","source_tags":{"waterway":"drain"},"retrieved_at":"2026-09-06T12:43:12.245Z","confidence":"openstreetmap_mapped_unverified","field_verified":false,"layer":"osm_waterway","waterway_type":"drain","navigability":"unknown"}},{"type":"Feature","geometry":{"type":"LineString","coordinates":[[3.5283483,6.4328113],[3.5286745,6.4326994]]},"properties":{"osm_id":"way/796421423","name":"Unnamed (OSM way/796421423)","named":false,"source":"OpenStreetMap contributors","source_tags":{"waterway":"drain"},"retrieved_at":"2026-09-06T12:43:12.245Z","confidence":"openstreetmap_mapped_unverified","field_verified":false,"layer":"osm_waterway","waterway_type":"drain","navigability":"unknown"}},{"type":"Feature","geometry":{"type":"LineString","coordinates":[[3.5282116,6.4327513],[3.5283483,6.4328113]]},"properties":{"osm_id":"way/796421424","name":"Unnamed (OSM way/796421424)","named":false,"source":"OpenStreetMap contributors","source_tags":{"waterway":"drain"},"retrieved_at":"2026-09-06T12:43:12.245Z","confidence":"openstreetmap_mapped_unverified","field_verified":false,"layer":"osm_waterway","waterway_type":"drain","navigability":"unknown"}},{"type":"Feature","geometry":{"type":"LineString","coordinates":[[3.5086309,6.6201744],[3.5085849,6.6201933],[3.5084682,6.6203434],[3.5083273,6.6203912],[3.5081384,6.6203776],[3.5074515,6.6202581],[3.5073897,6.6202547],[3.5072193,6.6202511],[3.5071496,6.6203235],[3.5069797,6.6207031],[3.5068838,6.6209478]]},"properties":{"osm_id":"way/797699656","name":"Unnamed (OSM way/797699656)","named":false,"source":"OpenStreetMap contributors","source_tags":{"waterway":"stream"},"retrieved_at":"2026-09-06T12:43:12.245Z","confidence":"openstreetmap_mapped_unverified","field_verified":false,"layer":"osm_waterway","waterway_type":"stream","navigability":"unknown"}},{"type":"Feature","geometry":{"type":"LineString","coordinates":[[3.5089178,6.6200559],[3.5087089,6.6201422],[3.5086309,6.6201744]]},"properties":{"osm_id":"way/797699657","name":"Unnamed (OSM way/797699657)","named":false,"source":"OpenStreetMap contributors","source_tags":{"layer":"-1","tunnel":"culvert","waterway":"stream"},"retrieved_at":"2026-09-06T12:43:12.245Z","confidence":"openstreetmap_mapped_unverified","field_verified":false,"layer":"osm_waterway","waterway_type":"stream","navigability":"unknown"}},{"type":"Feature","geometry":{"type":"LineString","coordinates":[[3.5160974,6.6137104],[3.5153935,6.6142049],[3.5144445,6.6148462],[3.5137329,6.615414],[3.5134295,6.6157887],[3.5132195,6.616121],[3.5126401,6.6168588],[3.5124962,6.617249],[3.5122434,6.6175966],[3.5119828,6.6179134],[3.5117728,6.6179675],[3.5116095,6.617952],[3.511507,6.6180001],[3.511441,6.6182188],[3.5113485,6.6186387],[3.5113749,6.6187174],[3.5113441,6.6187743],[3.5111372,6.6189187],[3.5110227,6.618958],[3.5107673,6.6189274],[3.5104942,6.6191111],[3.5101948,6.6192992],[3.5100363,6.6193123],[3.5098777,6.6194523],[3.5096223,6.6197497],[3.5092524,6.6198985],[3.5090499,6.6199641],[3.5089178,6.6200559]]},"properties":{"osm_id":"way/797699658","name":"Unnamed (OSM way/797699658)","named":false,"source":"OpenStreetMap contributors","source_tags":{"waterway":"stream"},"retrieved_at":"2026-09-06T12:43:12.245Z","confidence":"openstreetmap_mapped_unverified","field_verified":false,"layer":"osm_waterway","waterway_type":"stream","navigability":"unknown"}},{"type":"Feature","geometry":{"type":"LineString","coordinates":[[3.50745,6.6185844],[3.5075049,6.6187618],[3.5077247,6.6189358],[3.5078552,6.618987],[3.5080476,6.6189801],[3.5081712,6.6189392],[3.5083773,6.6188164],[3.5085559,6.6187413],[3.5087894,6.618656],[3.5089886,6.6185298],[3.5091706,6.6184206],[3.5092668,6.6184138],[3.5095897,6.6184684],[3.5098163,6.6185161],[3.509885,6.618581],[3.5099262,6.618871],[3.5100087,6.6191268],[3.5100363,6.6193123]]},"properties":{"osm_id":"way/797705017","name":"Unnamed (OSM way/797705017)","named":false,"source":"OpenStreetMap contributors","source_tags":{"waterway":"drain"},"retrieved_at":"2026-09-06T12:43:12.245Z","confidence":"openstreetmap_mapped_unverified","field_verified":false,"layer":"osm_waterway","waterway_type":"drain","navigability":"unknown"}},{"type":"Feature","geometry":{"type":"LineString","coordinates":[[3.4424555,6.6081493],[3.4429946,6.6082425],[3.4435337,6.6082558],[3.4444564,6.6081173],[3.4448271,6.608087],[3.4452396,6.6080533],[3.4458404,6.6077336],[3.4462267,6.6074991],[3.4465378,6.6068703],[3.4471923,6.6058152],[3.4481257,6.6046429],[3.4496921,6.6027672],[3.4501749,6.6022556],[3.4506792,6.6020851],[3.4510547,6.6020531],[3.4515053,6.602149],[3.4518593,6.6023728],[3.4521061,6.6024474],[3.4525567,6.6022662],[3.4528035,6.6018613],[3.4529322,6.6013177],[3.4531575,6.6009021],[3.4535759,6.6006143],[3.454445,6.6004651],[3.4550672,6.60022],[3.4556573,6.6003479],[3.4562474,6.6002733],[3.4566444,6.5999322],[3.4569555,6.5992181],[3.4574276,6.5983868],[3.4578997,6.5979392],[3.4586292,6.597353],[3.4590691,6.5968521],[3.4590889,6.5966868],[3.4591227,6.5964045],[3.4590369,6.5959569],[3.4592515,6.5954773],[3.4597665,6.5948591],[3.4600883,6.5942303],[3.4602633,6.5934924]]},"properties":{"osm_id":"way/834290250","name":"Ogun","named":true,"source":"OpenStreetMap contributors","source_tags":{"name":"Ogun","name:en":"Ogun River","waterway":"river"},"retrieved_at":"2026-09-06T12:43:12.245Z","confidence":"openstreetmap_mapped_unverified","field_verified":false,"layer":"osm_waterway","waterway_type":"river","navigability":"unknown"}},{"type":"Feature","geometry":{"type":"LineString","coordinates":[[3.4057496,6.4048753],[3.4024928,6.4051816],[3.399908,6.4054612]]},"properties":{"osm_id":"way/893057172","name":"Unnamed (OSM way/893057172)","named":false,"source":"OpenStreetMap contributors","source_tags":{"waterway":"canal"},"retrieved_at":"2026-09-06T12:43:12.245Z","confidence":"openstreetmap_mapped_unverified","field_verified":false,"layer":"osm_waterway","waterway_type":"canal","navigability":"unknown"}},{"type":"Feature","geometry":{"type":"LineString","coordinates":[[3.9856701,6.4373578],[3.9862161,6.4414744],[3.9866842,6.4447521],[3.9868272,6.4458228],[3.9870492,6.4475934],[3.9874236,6.4495398],[3.9876289,6.4517883],[3.9881637,6.4560446],[3.9890868,6.4628122],[3.9891262,6.4630807],[3.9894921,6.463489],[3.9894864,6.4652452],[3.9894102,6.4652545]]},"properties":{"osm_id":"way/893077151","name":"Unnamed (OSM way/893077151)","named":false,"source":"OpenStreetMap contributors","source_tags":{"waterway":"drain"},"retrieved_at":"2026-09-06T12:43:12.245Z","confidence":"openstreetmap_mapped_unverified","field_verified":false,"layer":"osm_waterway","waterway_type":"drain","navigability":"unknown"}},{"type":"Feature","geometry":{"type":"LineString","coordinates":[[3.9889859,6.4653062],[3.9888447,6.4653235],[3.9888885,6.4656533],[3.9888446,6.4658016],[3.9888841,6.4662379],[3.9890115,6.4664909],[3.9894066,6.4696098],[3.9898851,6.4731563],[3.9903241,6.4764279],[3.9907236,6.4789317],[3.9908948,6.4799437],[3.9909563,6.4799743],[3.9915358,6.479983]]},"properties":{"osm_id":"way/893077152","name":"Unnamed (OSM way/893077152)","named":false,"source":"OpenStreetMap contributors","source_tags":{"waterway":"drain"},"retrieved_at":"2026-09-06T12:43:12.245Z","confidence":"openstreetmap_mapped_unverified","field_verified":false,"layer":"osm_waterway","waterway_type":"drain","navigability":"unknown"}},{"type":"Feature","geometry":{"type":"LineString","coordinates":[[3.9894102,6.4652545],[3.9889859,6.4653062]]},"properties":{"osm_id":"way/893077153","name":"Unnamed (OSM way/893077153)","named":false,"source":"OpenStreetMap contributors","source_tags":{"layer":"-1","tunnel":"culvert","waterway":"drain"},"retrieved_at":"2026-09-06T12:43:12.245Z","confidence":"openstreetmap_mapped_unverified","field_verified":false,"layer":"osm_waterway","waterway_type":"drain","navigability":"unknown"}},{"type":"Feature","geometry":{"type":"LineString","coordinates":[[3.9917421,6.4799699],[3.9936738,6.4799874],[3.9947648,6.4799839],[3.9977303,6.4799743]]},"properties":{"osm_id":"way/893077154","name":"Unnamed (OSM way/893077154)","named":false,"source":"OpenStreetMap contributors","source_tags":{"waterway":"drain"},"retrieved_at":"2026-09-06T12:43:12.245Z","confidence":"openstreetmap_mapped_unverified","field_verified":false,"layer":"osm_waterway","waterway_type":"drain","navigability":"unknown"}},{"type":"Feature","geometry":{"type":"LineString","coordinates":[[3.9915358,6.479983],[3.9917421,6.4799699]]},"properties":{"osm_id":"way/893077155","name":"Unnamed (OSM way/893077155)","named":false,"source":"OpenStreetMap contributors","source_tags":{"layer":"-1","tunnel":"culvert","waterway":"drain"},"retrieved_at":"2026-09-06T12:43:12.245Z","confidence":"openstreetmap_mapped_unverified","field_verified":false,"layer":"osm_waterway","waterway_type":"drain","navigability":"unknown"}},{"type":"Feature","geometry":{"type":"LineString","coordinates":[[3.9977303,6.4799743],[3.9978511,6.4801358]]},"properties":{"osm_id":"way/893077157","name":"Unnamed (OSM way/893077157)","named":false,"source":"OpenStreetMap contributors","source_tags":{"layer":"-1","tunnel":"culvert","waterway":"drain"},"retrieved_at":"2026-09-06T12:43:12.245Z","confidence":"openstreetmap_mapped_unverified","field_verified":false,"layer":"osm_waterway","waterway_type":"drain","navigability":"unknown"}},{"type":"Feature","geometry":{"type":"LineString","coordinates":[[3.997301,6.4458448],[3.9900478,6.4458646],[3.9900018,6.4458296],[3.9898926,6.4458299],[3.9868272,6.4458228]]},"properties":{"osm_id":"way/893077163","name":"Unnamed (OSM way/893077163)","named":false,"source":"OpenStreetMap contributors","source_tags":{"waterway":"drain"},"retrieved_at":"2026-09-06T12:43:12.245Z","confidence":"openstreetmap_mapped_unverified","field_verified":false,"layer":"osm_waterway","waterway_type":"drain","navigability":"unknown"}},{"type":"Feature","geometry":{"type":"LineString","coordinates":[[3.9909668,6.437754],[3.9906707,6.4376069],[3.9904764,6.4376344],[3.9904301,6.4378275],[3.9904116,6.4385723],[3.9903098,6.4386183],[3.9898749,6.4386275],[3.9898379,6.4387194],[3.9898926,6.4458299]]},"properties":{"osm_id":"way/893077164","name":"Unnamed (OSM way/893077164)","named":false,"source":"OpenStreetMap contributors","source_tags":{"waterway":"drain"},"retrieved_at":"2026-09-06T12:43:12.245Z","confidence":"openstreetmap_mapped_unverified","field_verified":false,"layer":"osm_waterway","waterway_type":"drain","navigability":"unknown"}},{"type":"Feature","geometry":{"type":"LineString","coordinates":[[4.0145429,6.4590377],[4.0146022,6.4657571],[4.0146014,6.4659016],[4.0146006,6.4660628]]},"properties":{"osm_id":"way/893077183","name":"Unnamed (OSM way/893077183)","named":false,"source":"OpenStreetMap contributors","source_tags":{"waterway":"drain"},"retrieved_at":"2026-09-06T12:43:12.245Z","confidence":"openstreetmap_mapped_unverified","field_verified":false,"layer":"osm_waterway","waterway_type":"drain","navigability":"unknown"}},{"type":"Feature","geometry":{"type":"LineString","coordinates":[[4.0222005,6.4632535],[4.0222017,6.46404],[4.0222037,6.4653426],[4.0221898,6.4655232],[4.0221001,6.4656156],[4.0219889,6.4656299],[4.0204287,6.4656261],[4.0203312,6.4656808],[4.0202968,6.4657925],[4.020285,6.4688456],[4.0204036,6.4689282],[4.0206954,6.4689312],[4.0207477,6.4690187]]},"properties":{"osm_id":"way/893077184","name":"Unnamed (OSM way/893077184)","named":false,"source":"OpenStreetMap contributors","source_tags":{"surface":"unpaved","waterway":"drain"},"retrieved_at":"2026-09-06T12:43:12.245Z","confidence":"openstreetmap_mapped_unverified","field_verified":false,"layer":"osm_waterway","waterway_type":"drain","navigability":"unknown"}},{"type":"Feature","geometry":{"type":"LineString","coordinates":[[3.3547488,6.6386054],[3.3546361,6.6386987],[3.3545235,6.6389384],[3.3543384,6.6391463],[3.3541882,6.6392448],[3.3539763,6.6392555],[3.3538932,6.6392635],[3.3537564,6.6391809],[3.3536759,6.6391942],[3.3536169,6.6392235],[3.3534452,6.6393754],[3.3531797,6.6395512],[3.3528283,6.6397617],[3.3527291,6.6398762],[3.3526674,6.6399695],[3.352477,6.6401107],[3.3523509,6.6402892],[3.3522812,6.6403452],[3.3522087,6.6403505],[3.3521175,6.6402839]]},"properties":{"osm_id":"way/937863876","name":"Unnamed (OSM way/937863876)","named":false,"source":"OpenStreetMap contributors","source_tags":{"waterway":"drain"},"retrieved_at":"2026-09-06T12:43:12.245Z","confidence":"openstreetmap_mapped_unverified","field_verified":false,"layer":"osm_waterway","waterway_type":"drain","navigability":"unknown"}},{"type":"Feature","geometry":{"type":"LineString","coordinates":[[3.3508542,6.6346144],[3.3514792,6.6349714],[3.3516683,6.6352645],[3.3518212,6.6355149],[3.3519029,6.6356042],[3.3520686,6.6357697],[3.352214,6.6359718],[3.3522691,6.6360891],[3.3522603,6.6363208],[3.352088,6.637268],[3.3520907,6.6374012],[3.3522356,6.6378488],[3.3524045,6.6381871],[3.3525145,6.6386294],[3.3525091,6.6388265],[3.3524662,6.6389358],[3.3523402,6.6391329],[3.3522248,6.6394819],[3.3520585,6.6398123],[3.3519995,6.6400414],[3.352029,6.640196],[3.3521175,6.6402839],[3.3520934,6.6404704],[3.3520502,6.6407049],[3.3518815,6.6410405],[3.3517635,6.6413442]]},"properties":{"osm_id":"way/937863877","name":"Unnamed (OSM way/937863877)","named":false,"source":"OpenStreetMap contributors","source_tags":{"waterway":"drain"},"retrieved_at":"2026-09-06T12:43:12.245Z","confidence":"openstreetmap_mapped_unverified","field_verified":false,"layer":"osm_waterway","waterway_type":"drain","navigability":"unknown"}},{"type":"Feature","geometry":{"type":"LineString","coordinates":[[3.3505726,6.6404277],[3.3507979,6.6408913],[3.3508998,6.6409819],[3.3512539,6.6410885],[3.3514953,6.6411684],[3.3517635,6.6413442]]},"properties":{"osm_id":"way/937863878","name":"Unnamed (OSM way/937863878)","named":false,"source":"OpenStreetMap contributors","source_tags":{"waterway":"drain"},"retrieved_at":"2026-09-06T12:43:12.245Z","confidence":"openstreetmap_mapped_unverified","field_verified":false,"layer":"osm_waterway","waterway_type":"drain","navigability":"unknown"}},{"type":"Feature","geometry":{"type":"LineString","coordinates":[[3.3584315,6.6442589],[3.3577824,6.6438379],[3.357321,6.6436727],[3.3571064,6.6436461],[3.3568704,6.6437687],[3.3566827,6.6438113],[3.3564734,6.6438646],[3.356114,6.6440457],[3.3558136,6.6441523],[3.3556312,6.6442056],[3.3552021,6.6442056],[3.3546656,6.644163],[3.3542579,6.6442109],[3.3536249,6.6443654],[3.3533031,6.6444241],[3.3530188,6.6445359],[3.3528525,6.6446958],[3.3526862,6.6447811],[3.3525547,6.6447917],[3.3524635,6.6448317],[3.3524298,6.6448837]]},"properties":{"osm_id":"way/937863879","name":"Unnamed (OSM way/937863879)","named":false,"source":"OpenStreetMap contributors","source_tags":{"waterway":"drain"},"retrieved_at":"2026-09-06T12:43:12.245Z","confidence":"openstreetmap_mapped_unverified","field_verified":false,"layer":"osm_waterway","waterway_type":"drain","navigability":"unknown"}},{"type":"Feature","geometry":{"type":"LineString","coordinates":[[3.3529168,6.6505463],[3.3528149,6.6519263],[3.3526969,6.6526243],[3.3525789,6.6529654],[3.352316,6.6534289],[3.3520156,6.6542388],[3.3519351,6.6546864],[3.3519619,6.6550221],[3.3524608,6.6561836],[3.3526057,6.6563328],[3.3532172,6.6566206],[3.3538663,6.6570415],[3.3541354,6.6572798]]},"properties":{"osm_id":"way/937863880","name":"Unnamed (OSM way/937863880)","named":false,"source":"OpenStreetMap contributors","source_tags":{"waterway":"stream"},"retrieved_at":"2026-09-06T12:43:12.245Z","confidence":"openstreetmap_mapped_unverified","field_verified":false,"layer":"osm_waterway","waterway_type":"stream","navigability":"unknown"}},{"type":"Feature","geometry":{"type":"LineString","coordinates":[[3.3517635,6.6413442],[3.3517635,6.6424206],[3.3517581,6.6432731],[3.3518547,6.6438006],[3.3521014,6.6442482],[3.3523107,6.6446052],[3.3524298,6.6448837],[3.352493,6.6450315],[3.3528739,6.6456443],[3.3531368,6.6458947],[3.353228,6.6460492],[3.3532548,6.6463423],[3.3532709,6.6470882],[3.3533782,6.6477809],[3.3533567,6.648106],[3.3530509,6.6490171],[3.3528739,6.6496618],[3.3529168,6.6505463]]},"properties":{"osm_id":"way/937863881","name":"Unnamed (OSM way/937863881)","named":false,"source":"OpenStreetMap contributors","source_tags":{"waterway":"drain"},"retrieved_at":"2026-09-06T12:43:12.245Z","confidence":"openstreetmap_mapped_unverified","field_verified":false,"layer":"osm_waterway","waterway_type":"drain","navigability":"unknown"}},{"type":"Feature","geometry":{"type":"LineString","coordinates":[[3.3350692,6.6163212],[3.3290503,6.6141151],[3.3288464,6.6140299],[3.3286306,6.6141125]]},"properties":{"osm_id":"way/1070942293","name":"Guiness Drainage Canal","named":true,"source":"OpenStreetMap contributors","source_tags":{"name":"Guiness Drainage Canal","waterway":"ditch"},"retrieved_at":"2026-09-06T12:43:12.245Z","confidence":"openstreetmap_mapped_unverified","field_verified":false,"layer":"osm_waterway","waterway_type":"ditch","navigability":"unknown"}},{"type":"Feature","geometry":{"type":"LineString","coordinates":[[3.3286306,6.6141125],[3.3284817,6.6141258],[3.3282349,6.6140618],[3.3280496,6.6140066]]},"properties":{"osm_id":"way/1070942294","name":"Guiness Drainage Canal","named":true,"source":"OpenStreetMap contributors","source_tags":{"layer":"-1","name":"Guiness Drainage Canal","tunnel":"culvert","waterway":"ditch"},"retrieved_at":"2026-09-06T12:43:12.245Z","confidence":"openstreetmap_mapped_unverified","field_verified":false,"layer":"osm_waterway","waterway_type":"ditch","navigability":"unknown"}},{"type":"Feature","geometry":{"type":"LineString","coordinates":[[3.3633387,6.4646469],[3.3613898,6.4646324]]},"properties":{"osm_id":"way/1071098802","name":"Unnamed (OSM way/1071098802)","named":false,"source":"OpenStreetMap contributors","source_tags":{"waterway":"canal"},"retrieved_at":"2026-09-06T12:43:12.245Z","confidence":"openstreetmap_mapped_unverified","field_verified":false,"layer":"osm_waterway","waterway_type":"canal","navigability":"unknown"}},{"type":"Feature","geometry":{"type":"LineString","coordinates":[[3.3613898,6.4646324],[3.3613174,6.4646091]]},"properties":{"osm_id":"way/1071098803","name":"Unnamed (OSM way/1071098803)","named":false,"source":"OpenStreetMap contributors","source_tags":{"layer":"-1","tunnel":"culvert","waterway":"canal"},"retrieved_at":"2026-09-06T12:43:12.245Z","confidence":"openstreetmap_mapped_unverified","field_verified":false,"layer":"osm_waterway","waterway_type":"canal","navigability":"unknown"}},{"type":"Feature","geometry":{"type":"LineString","coordinates":[[3.2225406,6.4590114],[3.2225679,6.4589134],[3.2225665,6.4588858],[3.2226534,6.4588097],[3.2227064,6.4587725],[3.2227505,6.4587305],[3.2228116,6.4586664],[3.2228574,6.4586021],[3.2228883,6.458546],[3.2229107,6.4585219],[3.2229585,6.4584801],[3.2230022,6.4584569],[3.2230413,6.458429],[3.2230925,6.4583855],[3.2231207,6.458373],[3.2231729,6.4583683],[3.2232183,6.4583522],[3.2232497,6.4583322],[3.2232711,6.4583062],[3.2232944,6.4583068],[3.223311,6.4582941],[3.2233247,6.4582824],[3.2233407,6.4582783],[3.2233766,6.458266],[3.2234839,6.4581752],[3.2235488,6.4581341],[3.2236162,6.4580872],[3.223667,6.4580385],[3.2237705,6.4579954],[3.2238983,6.4579165],[3.2240394,6.4578064],[3.2241413,6.4577031],[3.2242313,6.457611],[3.2243682,6.4574536],[3.2244279,6.4573786],[3.2245587,6.4572031],[3.224639,6.4570566],[3.2246329,6.4570237],[3.2246685,6.4570078],[3.2246988,6.4569842],[3.2248366,6.4567127],[3.2248537,6.4566492],[3.2249031,6.4565968]]},"properties":{"osm_id":"way/1089849884","name":"Unnamed (OSM way/1089849884)","named":false,"source":"OpenStreetMap contributors","source_tags":{"waterway":"river"},"retrieved_at":"2026-09-06T12:43:12.245Z","confidence":"openstreetmap_mapped_unverified","field_verified":false,"layer":"osm_waterway","waterway_type":"river","navigability":"unknown"}},{"type":"Feature","geometry":{"type":"LineString","coordinates":[[3.2249031,6.4565968],[3.2249326,6.4565553],[3.2251976,6.4561817],[3.2254765,6.4558185],[3.2261134,6.4551417],[3.2265544,6.4546297],[3.2267242,6.4544243],[3.2268178,6.4542117],[3.2267542,6.4539185],[3.2264614,6.4531931],[3.2260772,6.4525575]]},"properties":{"osm_id":"way/1089880414","name":"Unnamed (OSM way/1089880414)","named":false,"source":"OpenStreetMap contributors","source_tags":{"waterway":"river"},"retrieved_at":"2026-09-06T12:43:12.245Z","confidence":"openstreetmap_mapped_unverified","field_verified":false,"layer":"osm_waterway","waterway_type":"river","navigability":"unknown"}},{"type":"Feature","geometry":{"type":"LineString","coordinates":[[3.2224475,6.4592821],[3.2224426,6.4591934],[3.2225406,6.4590114]]},"properties":{"osm_id":"way/1089880415","name":"Unnamed (OSM way/1089880415)","named":false,"source":"OpenStreetMap contributors","source_tags":{"waterway":"river"},"retrieved_at":"2026-09-06T12:43:12.245Z","confidence":"openstreetmap_mapped_unverified","field_verified":false,"layer":"osm_waterway","waterway_type":"river","navigability":"unknown"}},{"type":"Feature","geometry":{"type":"LineString","coordinates":[[3.2228837,6.4585364],[3.2229868,6.4584511],[3.2230401,6.4584138],[3.2230764,6.4583847],[3.2231205,6.4583583],[3.2231972,6.4583322],[3.2232205,6.4582524],[3.223356,6.4581745],[3.2234816,6.4580785],[3.2235838,6.4580194],[3.2237236,6.4579222],[3.2238965,6.457815],[3.2239966,6.4577376],[3.2240729,6.4576767],[3.2242111,6.4575349],[3.2243808,6.4573067],[3.2245345,6.4570926],[3.2246336,6.4569234],[3.2246839,6.4568273],[3.2247581,6.4567022],[3.224798,6.4566212],[3.2248573,6.4565643],[3.2249326,6.4565553]]},"properties":{"osm_id":"way/1089880416","name":"Unnamed (OSM way/1089880416)","named":false,"source":"OpenStreetMap contributors","source_tags":{"waterway":"river"},"retrieved_at":"2026-09-06T12:43:12.245Z","confidence":"openstreetmap_mapped_unverified","field_verified":false,"layer":"osm_waterway","waterway_type":"river","navigability":"unknown"}},{"type":"Feature","geometry":{"type":"LineString","coordinates":[[3.2225406,6.4590114],[3.2225274,6.4589895],[3.2224866,6.4589658],[3.2225173,6.458928],[3.2225601,6.4588738],[3.2226728,6.4587826],[3.2227034,6.4587503],[3.2227411,6.4587199],[3.222808,6.4586629],[3.2228266,6.4586316],[3.2228414,6.4586129],[3.2228421,6.4585837],[3.2228837,6.4585364]]},"properties":{"osm_id":"way/1089880417","name":"Unnamed (OSM way/1089880417)","named":false,"source":"OpenStreetMap contributors","source_tags":{"waterway":"river"},"retrieved_at":"2026-09-06T12:43:12.245Z","confidence":"openstreetmap_mapped_unverified","field_verified":false,"layer":"osm_waterway","waterway_type":"river","navigability":"unknown"}},{"type":"Feature","geometry":{"type":"LineString","coordinates":[[3.6361125,6.5713252],[3.6361138,6.5712727],[3.6362551,6.5710345],[3.6363657,6.5708713],[3.6365442,6.5706232],[3.6366734,6.570398],[3.6367906,6.5702555],[3.6368399,6.5700053],[3.6369034,6.5698475],[3.6370053,6.5696713],[3.6370819,6.569519],[3.6372517,6.5693765],[3.6374367,6.5692046],[3.6376284,6.5690512],[3.6378978,6.568814],[3.6381081,6.5685855],[3.6382493,6.5684311],[3.6383512,6.5682711],[3.6384815,6.5681504],[3.6385855,6.5680579],[3.6386469,6.5678642],[3.6387137,6.567713],[3.6387761,6.5675585],[3.6388867,6.5674323],[3.6390575,6.5672561],[3.6393072,6.5669895],[3.6393981,6.5668133],[3.6394693,6.5666512],[3.6395328,6.5664401],[3.6396073,6.5662769],[3.6396993,6.5660104],[3.6397672,6.5658407],[3.6398833,6.5656731],[3.6399073,6.5654675],[3.6398898,6.5651661],[3.6398767,6.5649747],[3.6399249,6.5648245],[3.6400059,6.5645656],[3.6400782,6.5644198],[3.6401264,6.5643317],[3.6401581,6.5642261],[3.6401932,6.5639759],[3.6401143,6.5636811],[3.6401592,6.5634842],[3.6401877,6.5633199],[3.6402644,6.563037],[3.6405338,6.5627324],[3.6406652,6.5625061],[3.6407199,6.5622319],[3.6407703,6.5619991],[3.6408492,6.5617902],[3.6411098,6.5616727]]},"properties":{"osm_id":"way/1090757664","name":"Unnamed (OSM way/1090757664)","named":false,"source":"OpenStreetMap contributors","source_tags":{"natural":"water","waterway":"stream"},"retrieved_at":"2026-09-06T12:43:12.245Z","confidence":"openstreetmap_mapped_unverified","field_verified":false,"layer":"osm_waterway","waterway_type":"stream","navigability":"unknown"}},{"type":"Feature","geometry":{"type":"LineString","coordinates":[[3.4081522,6.452653],[3.4082825,6.4526365]]},"properties":{"osm_id":"way/1104863974","name":"Unnamed (OSM way/1104863974)","named":false,"source":"OpenStreetMap contributors","source_tags":{"layer":"-1","tunnel":"culvert","waterway":"drain"},"retrieved_at":"2026-09-06T12:43:12.245Z","confidence":"openstreetmap_mapped_unverified","field_verified":false,"layer":"osm_waterway","waterway_type":"drain","navigability":"unknown"}},{"type":"Feature","geometry":{"type":"LineString","coordinates":[[3.4082825,6.4526365],[3.4084157,6.4524666]]},"properties":{"osm_id":"way/1104863975","name":"Unnamed (OSM way/1104863975)","named":false,"source":"OpenStreetMap contributors","source_tags":{"waterway":"drain"},"retrieved_at":"2026-09-06T12:43:12.245Z","confidence":"openstreetmap_mapped_unverified","field_verified":false,"layer":"osm_waterway","waterway_type":"drain","navigability":"unknown"}},{"type":"Feature","geometry":{"type":"LineString","coordinates":[[4.2808625,6.4527815],[4.2806845,6.4526793],[4.2805558,6.452562],[4.2805022,6.4524447],[4.2804753,6.4522688],[4.2804914,6.4521355],[4.2804914,6.4519756],[4.2804485,6.451885],[4.2803077,6.451792],[4.2801022,6.4516203],[4.2800135,6.4514161],[4.2799901,6.4512583],[4.2800321,6.4510959],[4.2800555,6.4509288],[4.2800228,6.4507803],[4.2799201,6.4506411],[4.2798967,6.4504555],[4.279892,6.4502745],[4.2799714,6.449959],[4.2802376,6.4493604],[4.280359,6.4489474],[4.2804244,6.4486921],[4.2804384,6.4484926],[4.2805458,6.4481771],[4.2806439,6.4478429],[4.2806066,6.4475645],[4.2805692,6.4473603],[4.2804898,6.4471469],[4.2804244,6.4465807],[4.2804478,6.4462513],[4.2805038,6.4460888],[4.2806112,6.4459496],[4.2806766,6.4458615],[4.2806813,6.4456851],[4.2805879,6.4455274],[4.2800415,6.4449612],[4.2796959,6.4446457],[4.2794484,6.4443765],[4.2794017,6.4442419],[4.2794344,6.4441027],[4.2797052,6.4438104],[4.2799341,6.4435134],[4.2802283,6.4432999],[4.280331,6.4431514],[4.280359,6.4429055],[4.2803835,6.4426667],[4.2804241,6.4423476],[4.2804567,6.4421617],[4.2805176,6.4420688],[4.2806111,6.4420203],[4.2807673,6.4420375],[4.2808444,6.4419518],[4.2808628,6.4418752],[4.2808197,6.4417619],[4.2807704,6.441664],[4.2807735,6.4415691],[4.2808074,6.4414803],[4.2809091,6.4413272],[4.2809029,6.4411343],[4.2808844,6.4410731],[4.2808166,6.441018],[4.2807365,6.440969],[4.2806749,6.4409016],[4.2806441,6.4408281],[4.2806472,6.4407057],[4.2806903,6.4405526],[4.2806841,6.4404638],[4.2806102,6.4403934],[4.2805239,6.4403322],[4.2804407,6.4402954],[4.280376,6.4402097],[4.2803545,6.4401427],[4.2803791,6.4400631],[4.2804161,6.4400019],[4.2804931,6.4399406],[4.2805548,6.4398488],[4.2806164,6.439711],[4.2806533,6.4396559],[4.2807489,6.4395886],[4.280946,6.439512],[4.2811894,6.4394447],[4.2813219,6.439411],[4.2814082,6.439362],[4.2815314,6.4392395],[4.2816085,6.439163],[4.2817132,6.4391109],[4.2819967,6.4389885],[4.2825101,6.4387679],[4.2827048,6.4386712],[4.2828127,6.4386044],[4.2828623,6.4385886],[4.2829631,6.4385727],[4.2830569,6.4385675],[4.2831242,6.4385464],[4.2832041,6.4385018],[4.2833546,6.4383846],[4.2835456,6.4383483],[4.2836839,6.4383806],[4.2838302,6.4384937],[4.2839034,6.4385422],[4.2839888,6.4385502],[4.2841514,6.4384977],[4.284436,6.4385341],[4.2846393,6.4385583],[4.2847002,6.4385987],[4.2847612,6.4387199],[4.2848507,6.4388452],[4.2848994,6.4389058],[4.284997,6.4389421],[4.2850743,6.4389421],[4.2852206,6.4389098],[4.2852897,6.43893],[4.2853385,6.4389664],[4.2854076,6.4390795],[4.2854564,6.4391481],[4.2855621,6.4391926],[4.2857532,6.4391805],[4.2858548,6.4391481],[4.2859809,6.4390148],[4.2860459,6.4389825],[4.2861597,6.4389866],[4.2862248,6.4389542],[4.2863386,6.4388371],[4.2865419,6.4386836],[4.2867574,6.4385745],[4.2870094,6.4384937],[4.2871273,6.438425],[4.2872655,6.4383079],[4.2874078,6.4382675],[4.2875623,6.4382634],[4.2877168,6.4382473],[4.287916,6.4381988],[4.2880258,6.4381988],[4.2881274,6.4382311],[4.2882738,6.4383402],[4.2883754,6.4383887],[4.288599,6.4384371],[4.2891601,6.4385422],[4.2896113,6.4385826],[4.2898146,6.4385664],[4.2899528,6.4385341],[4.2901195,6.4384452],[4.2905708,6.4381341],[4.2913635,6.4375322],[4.2918148,6.4372292],[4.2923352,6.4369262],[4.2929003,6.436595],[4.2929979,6.4365061],[4.2931808,6.4362435],[4.29338,6.4360617],[4.2935223,6.4359648],[4.2936605,6.4359122],[4.2938028,6.4358678],[4.294437,6.4354436],[4.2945427,6.4353669],[4.2946403,6.4353507],[4.2947704,6.4353467],[4.2951241,6.4352295],[4.2953708,6.435134],[4.2955022,6.4350033],[4.2956648,6.4348498],[4.2958315,6.4345831],[4.2959616,6.4344135],[4.2964372,6.4339489],[4.2970633,6.4333873],[4.2971609,6.4333308],[4.2974577,6.4333146],[4.2976,6.4332904],[4.2977341,6.4332419],[4.2981407,6.4330197],[4.29847,6.4329066],[4.2986895,6.4327813],[4.2988033,6.4326925],[4.2991042,6.4322925],[4.2994579,6.4319209],[4.2998563,6.4315088],[4.3000626,6.4313273],[4.3001476,6.4311725],[4.3003528,6.4306872],[4.3003953,6.4304762],[4.3004165,6.4301526],[4.3005156,6.429808],[4.3005793,6.429393],[4.3005369,6.4291397],[4.3002679,6.4285981],[4.2999918,6.427944]]},"properties":{"osm_id":"way/1112460412","name":"Unnamed (OSM way/1112460412)","named":false,"source":"OpenStreetMap contributors","source_tags":{"waterway":"stream"},"retrieved_at":"2026-09-06T12:43:12.245Z","confidence":"openstreetmap_mapped_unverified","field_verified":false,"layer":"osm_waterway","waterway_type":"stream","navigability":"unknown"}},{"type":"Feature","geometry":{"type":"LineString","coordinates":[[4.2217218,6.4481895],[4.2221406,6.4481483],[4.2228587,6.4479664],[4.2233086,6.4477766],[4.2239063,6.4472867],[4.2247197,6.4463621],[4.2255577,6.4457131],[4.225909,6.4455232],[4.2265745,6.445364],[4.2271414,6.445211],[4.2278377,6.4451191],[4.2285833,6.4450395],[4.2290886,6.4451559],[4.2298835,6.4454681],[4.2307894,6.4458906],[4.2316028,6.4461723],[4.2326503,6.4463437],[4.2334391,6.4462948],[4.2339998,6.4461907],[4.2345544,6.4458416],[4.2350166,6.4456886],[4.2353555,6.4456641],[4.2356513,6.44556],[4.2360271,6.4453028],[4.2363969,6.4447395],[4.2365817,6.4443782],[4.2366064,6.4441578],[4.2365386,6.4438822],[4.2364955,6.4435761],[4.236514,6.4432822],[4.2365694,6.4430495],[4.2365694,6.4428719],[4.2365201,6.4427066],[4.2364215,6.4425535],[4.2362428,6.4424004],[4.2360087,6.4422167],[4.2358176,6.4420453],[4.2357745,6.4419596],[4.235793,6.4418065],[4.2358546,6.4416473],[4.2358238,6.4415493],[4.2356589,6.4412873],[4.2355288,6.4407056],[4.2355288,6.4403016],[4.2357646,6.439833],[4.2360736,6.439429],[4.2367891,6.4390008],[4.2374152,6.4387423],[4.2379681,6.4386211],[4.238708,6.4386372],[4.239391,6.4386291],[4.2401553,6.4384595],[4.2413669,6.4378293],[4.2421799,6.4374657],[4.2430662,6.4370698],[4.2444403,6.4365769],[4.246343,6.435874],[4.248018,6.4355427],[4.2490018,6.4353488],[4.2494246,6.4353165],[4.2498474,6.435373],[4.250197,6.4355508],[4.2508882,6.4361245],[4.2511515,6.4362603],[4.2517431,6.4365236],[4.2521621,6.4368665],[4.2524024,6.437289],[4.252501,6.4378217],[4.252464,6.4381769],[4.252273,6.4387157],[4.2519649,6.4392484],[4.2517985,6.4397016],[4.2517492,6.4399342],[4.2519479,6.4407986],[4.2522752,6.4419713],[4.2523664,6.442515],[4.2524951,6.4427922],[4.2527633,6.4430001],[4.2530383,6.4431719],[4.253362,6.4432468],[4.2536721,6.4432788],[4.2541064,6.4432276],[4.2545711,6.443144],[4.2550214,6.4431286],[4.255397,6.4431701],[4.2557388,6.4432416],[4.2561429,6.4434425],[4.2565667,6.4435598],[4.2570441,6.4435705],[4.2576449,6.4436344],[4.257881,6.4436291],[4.2581921,6.4435598],[4.2585998,6.4435705],[4.2589646,6.4436931],[4.2594206,6.4439756],[4.2598658,6.444498],[4.2601877,6.445111],[4.2603969,6.4453349],[4.2604881,6.4454095],[4.2606115,6.4454948],[4.2607992,6.4457506],[4.2609387,6.4458892],[4.2610811,6.4459565],[4.2612737,6.4459807],[4.2614447,6.4459589],[4.2616736,6.4458359],[4.2619204,6.4456174],[4.2624139,6.4453509],[4.2631703,6.4449191],[4.2632937,6.4448125],[4.2636424,6.4446792],[4.2638677,6.4446206],[4.2640071,6.4446419],[4.2641466,6.4446526],[4.2647313,6.4444873],[4.2652195,6.444434],[4.2656594,6.44445],[4.2659061,6.4444553],[4.2660134,6.4444233],[4.2661261,6.4443327],[4.2662173,6.4442794],[4.2665821,6.4442155],[4.2671668,6.4441941],[4.2674404,6.4442048],[4.2678052,6.4442688],[4.2681163,6.4443807],[4.2682343,6.4444607],[4.2683201,6.4444873],[4.2684167,6.4444873],[4.2685776,6.444498],[4.2688995,6.4446259],[4.2690282,6.4446899],[4.2691892,6.4447059],[4.2697363,6.4445619],[4.2703854,6.444434],[4.2709111,6.4443754],[4.2711633,6.4443007],[4.2715978,6.4441408],[4.2717534,6.4440715],[4.2719894,6.4440502],[4.2721664,6.4440182],[4.2724078,6.4439703],[4.2727458,6.4439596],[4.2729643,6.4440031],[4.273196,6.4440273],[4.2733505,6.443999],[4.2734603,6.4439223],[4.273753,6.4437001],[4.2739969,6.4434698],[4.2740457,6.4433123],[4.2741433,6.4431668],[4.2742327,6.4430295],[4.2743831,6.4427265],[4.2744807,6.4424235],[4.2745661,6.4422336],[4.2746515,6.4421407],[4.2747409,6.4418579],[4.2747897,6.4416681],[4.2749482,6.4414863],[4.2750702,6.4413368],[4.2750865,6.4411793],[4.2751231,6.4410177],[4.2752003,6.4409207],[4.2753101,6.4408561],[4.275493,6.4408318],[4.2756139,6.4408136],[4.2756952,6.4406884],[4.2757074,6.4404379],[4.2757358,6.4402804],[4.2758212,6.4401794],[4.275992,6.4400582],[4.2760489,6.4399612],[4.2760936,6.4398239],[4.2761546,6.439735],[4.276431,6.4395694],[4.2768091,6.4395007],[4.2771913,6.4394562],[4.2774799,6.439472],[4.277717,6.4396443],[4.2779258,6.4397076],[4.2781665,6.4397287],[4.2783328,6.4398202],[4.2785947,6.4400065],[4.2787292,6.4401296],[4.2789363,6.4402055],[4.2791884,6.4402002],[4.279352,6.4402002],[4.2794808,6.4402508],[4.2796068,6.4403042],[4.2797597,6.4403228],[4.2799368,6.4403015],[4.2800199,6.4402562],[4.2801352,6.4401576],[4.2802533,6.4400536],[4.2803364,6.440011],[4.2804161,6.4400019]]},"properties":{"osm_id":"way/1112460413","name":"Unnamed (OSM way/1112460413)","named":false,"source":"OpenStreetMap contributors","source_tags":{"waterway":"stream"},"retrieved_at":"2026-09-06T12:43:12.245Z","confidence":"openstreetmap_mapped_unverified","field_verified":false,"layer":"osm_waterway","waterway_type":"stream","navigability":"unknown"}},{"type":"Feature","geometry":{"type":"LineString","coordinates":[[4.2236595,6.4726352],[4.2232281,6.4729842],[4.2230494,6.4731189],[4.2227647,6.4734409],[4.2226168,6.4736124],[4.2224628,6.4737348],[4.2222902,6.4737838],[4.2221978,6.4738205],[4.2219687,6.4740312],[4.2217422,6.4741367],[4.2215582,6.4741789],[4.2211689,6.4741086],[4.2208149,6.4740664],[4.2203619,6.4741156],[4.2198027,6.4740945],[4.2195479,6.4740172],[4.2193993,6.4739187],[4.2192223,6.4736022],[4.2189958,6.4733842],[4.2186844,6.4731732],[4.2184974,6.4729651],[4.21839,6.4727656],[4.2183012,6.4725846],[4.2182032,6.4724779],[4.2180958,6.4724129],[4.2175587,6.4722505],[4.2171291,6.472167],[4.2169516,6.4721484],[4.2167508,6.4721856],[4.2163398,6.4723572],[4.2162418,6.4723804],[4.2161157,6.4723433],[4.2159989,6.4722412],[4.2159289,6.4721113],[4.2158168,6.4719814],[4.2156393,6.4718375],[4.2155226,6.4716751],[4.2154946,6.4715359],[4.2155506,6.47129],[4.2156572,6.4709696],[4.2157003,6.4705563],[4.2156788,6.4703696],[4.2155986,6.470192],[4.2155709,6.4700481],[4.2155832,6.4699318],[4.2156141,6.4698154],[4.2157003,6.4696869],[4.215725,6.4695613],[4.2157311,6.4693532],[4.2157096,6.4692368],[4.2156418,6.469145],[4.2154538,6.4690103],[4.2153306,6.4689062],[4.2152905,6.4688205],[4.2152659,6.4687501],[4.2152844,6.4686368],[4.215232,6.4685205],[4.2151704,6.4684684],[4.2150441,6.4684439],[4.2149208,6.4684531],[4.2147637,6.4685572],[4.2146435,6.4686001],[4.2143046,6.468649],[4.2141567,6.4686154],[4.2139195,6.4685174],[4.2137839,6.4684072],[4.213713,6.4683062],[4.2136607,6.4680643],[4.2136145,6.4679847],[4.2135282,6.4678959],[4.2134481,6.4678286],[4.2133865,6.4677306],[4.2133433,6.4676204],[4.2132755,6.4675377],[4.2131769,6.4674643],[4.2129798,6.4673816],[4.2128842,6.467302],[4.2128103,6.4672102],[4.2127505,6.4670657],[4.2125735,6.4668456],[4.2124602,6.4666451],[4.212393,6.4665643],[4.2122939,6.4665045],[4.212216,6.4664341],[4.2121877,6.4663603],[4.2121877,6.4662337],[4.2122373,6.4659594],[4.2122408,6.4658433],[4.212216,6.4656851],[4.2121382,6.4654882],[4.212032,6.465358],[4.2119223,6.4653123],[4.2116958,6.4653299],[4.2115117,6.4653088],[4.2114516,6.4652561],[4.2112923,6.4649571],[4.2110587,6.4644648],[4.2107473,6.4640006],[4.2104181,6.4635505],[4.2097457,6.4628366]]},"properties":{"osm_id":"way/1113127659","name":"Unnamed (OSM way/1113127659)","named":false,"source":"OpenStreetMap contributors","source_tags":{"waterway":"stream"},"retrieved_at":"2026-09-06T12:43:12.245Z","confidence":"openstreetmap_mapped_unverified","field_verified":false,"layer":"osm_waterway","waterway_type":"stream","navigability":"unknown"}},{"type":"Feature","geometry":{"type":"LineString","coordinates":[[3.4882839,6.4340761],[3.4881257,6.4340441]]},"properties":{"osm_id":"way/1114865715","name":"Unnamed (OSM way/1114865715)","named":false,"source":"OpenStreetMap contributors","source_tags":{"layer":"-1","tunnel":"culvert","waterway":"ditch"},"retrieved_at":"2026-09-06T12:43:12.245Z","confidence":"openstreetmap_mapped_unverified","field_verified":false,"layer":"osm_waterway","waterway_type":"ditch","navigability":"unknown"}},{"type":"Feature","geometry":{"type":"LineString","coordinates":[[3.4881257,6.4340441],[3.4862118,6.4337694]]},"properties":{"osm_id":"way/1114865716","name":"Unnamed (OSM way/1114865716)","named":false,"source":"OpenStreetMap contributors","source_tags":{"waterway":"ditch"},"retrieved_at":"2026-09-06T12:43:12.245Z","confidence":"openstreetmap_mapped_unverified","field_verified":false,"layer":"osm_waterway","waterway_type":"ditch","navigability":"unknown"}},{"type":"Feature","geometry":{"type":"LineString","coordinates":[[3.4887452,6.4341454],[3.4886016,6.434126]]},"properties":{"osm_id":"way/1114865717","name":"Unnamed (OSM way/1114865717)","named":false,"source":"OpenStreetMap contributors","source_tags":{"layer":"-1","tunnel":"culvert","waterway":"ditch"},"retrieved_at":"2026-09-06T12:43:12.245Z","confidence":"openstreetmap_mapped_unverified","field_verified":false,"layer":"osm_waterway","waterway_type":"ditch","navigability":"unknown"}},{"type":"Feature","geometry":{"type":"LineString","coordinates":[[3.489963,6.434344],[3.4887452,6.4341454]]},"properties":{"osm_id":"way/1114865718","name":"Unnamed (OSM way/1114865718)","named":false,"source":"OpenStreetMap contributors","source_tags":{"waterway":"ditch"},"retrieved_at":"2026-09-06T12:43:12.245Z","confidence":"openstreetmap_mapped_unverified","field_verified":false,"layer":"osm_waterway","waterway_type":"ditch","navigability":"unknown"}},{"type":"Feature","geometry":{"type":"LineString","coordinates":[[3.4901413,6.4343653],[3.489963,6.434344]]},"properties":{"osm_id":"way/1114865719","name":"Unnamed (OSM way/1114865719)","named":false,"source":"OpenStreetMap contributors","source_tags":{"layer":"-1","tunnel":"culvert","waterway":"ditch"},"retrieved_at":"2026-09-06T12:43:12.245Z","confidence":"openstreetmap_mapped_unverified","field_verified":false,"layer":"osm_waterway","waterway_type":"ditch","navigability":"unknown"}},{"type":"Feature","geometry":{"type":"LineString","coordinates":[[3.4905239,6.4344125],[3.4901413,6.4343653]]},"properties":{"osm_id":"way/1114865720","name":"Unnamed (OSM way/1114865720)","named":false,"source":"OpenStreetMap contributors","source_tags":{"waterway":"ditch"},"retrieved_at":"2026-09-06T12:43:12.245Z","confidence":"openstreetmap_mapped_unverified","field_verified":false,"layer":"osm_waterway","waterway_type":"ditch","navigability":"unknown"}},{"type":"Feature","geometry":{"type":"LineString","coordinates":[[4.0262005,6.4476675],[4.0262293,6.4552087],[4.0262139,6.4552851],[4.0261732,6.4553315],[4.0261102,6.4553578],[4.026035,6.4553618],[4.0223539,6.4553603],[4.0222869,6.4553709],[4.0222306,6.4554083],[4.022193,6.4554536],[4.0221769,6.4555149],[4.0222056,6.4622148],[4.0221915,6.4623273],[4.0221384,6.4624117],[4.022103,6.4624856],[4.0220959,6.4625454],[4.0220888,6.4630236],[4.0220216,6.4635406],[4.0220322,6.4639169],[4.0220535,6.4639907],[4.0220888,6.4640224],[4.0222017,6.46404]]},"properties":{"osm_id":"way/1115468594","name":"Unnamed (OSM way/1115468594)","named":false,"source":"OpenStreetMap contributors","source_tags":{"surface":"unpaved","waterway":"drain"},"retrieved_at":"2026-09-06T12:43:12.245Z","confidence":"openstreetmap_mapped_unverified","field_verified":false,"layer":"osm_waterway","waterway_type":"drain","navigability":"unknown"}},{"type":"Feature","geometry":{"type":"LineString","coordinates":[[4.0192985,6.441263],[4.026172,6.4401538],[4.0261704,6.44021]]},"properties":{"osm_id":"way/1115468595","name":"Unnamed (OSM way/1115468595)","named":false,"source":"OpenStreetMap contributors","source_tags":{"waterway":"drain"},"retrieved_at":"2026-09-06T12:43:12.245Z","confidence":"openstreetmap_mapped_unverified","field_verified":false,"layer":"osm_waterway","waterway_type":"drain","navigability":"unknown"}},{"type":"Feature","geometry":{"type":"LineString","coordinates":[[4.0261704,6.44021],[4.0261649,6.4405019]]},"properties":{"osm_id":"way/1115468596","name":"Unnamed (OSM way/1115468596)","named":false,"source":"OpenStreetMap contributors","source_tags":{"layer":"-1","tunnel":"culvert","waterway":"drain"},"retrieved_at":"2026-09-06T12:43:12.245Z","confidence":"openstreetmap_mapped_unverified","field_verified":false,"layer":"osm_waterway","waterway_type":"drain","navigability":"unknown"}},{"type":"Feature","geometry":{"type":"LineString","coordinates":[[4.0261649,6.4405019],[4.0261861,6.442904],[4.0261967,6.4458576],[4.0262022,6.4474232]]},"properties":{"osm_id":"way/1115468597","name":"Unnamed (OSM way/1115468597)","named":false,"source":"OpenStreetMap contributors","source_tags":{"waterway":"drain"},"retrieved_at":"2026-09-06T12:43:12.245Z","confidence":"openstreetmap_mapped_unverified","field_verified":false,"layer":"osm_waterway","waterway_type":"drain","navigability":"unknown"}},{"type":"Feature","geometry":{"type":"LineString","coordinates":[[4.0262022,6.4474232],[4.0262005,6.4476675]]},"properties":{"osm_id":"way/1115468598","name":"Unnamed (OSM way/1115468598)","named":false,"source":"OpenStreetMap contributors","source_tags":{"layer":"-1","tunnel":"culvert","waterway":"drain"},"retrieved_at":"2026-09-06T12:43:12.245Z","confidence":"openstreetmap_mapped_unverified","field_verified":false,"layer":"osm_waterway","waterway_type":"drain","navigability":"unknown"}},{"type":"Feature","geometry":{"type":"LineString","coordinates":[[4.0261967,6.4458576],[4.0308743,6.4458335],[4.0309274,6.445844],[4.0309628,6.4458792],[4.0313187,6.447424],[4.0319074,6.4499015],[4.0322436,6.4515303],[4.0324249,6.4526419],[4.0325028,6.4530815],[4.0325807,6.4533663],[4.032747,6.4538376],[4.0331155,6.4549417]]},"properties":{"osm_id":"way/1115468599","name":"Unnamed (OSM way/1115468599)","named":false,"source":"OpenStreetMap contributors","source_tags":{"waterway":"drain"},"retrieved_at":"2026-09-06T12:43:12.245Z","confidence":"openstreetmap_mapped_unverified","field_verified":false,"layer":"osm_waterway","waterway_type":"drain","navigability":"unknown"}},{"type":"Feature","geometry":{"type":"LineString","coordinates":[[4.033885,6.4630898],[4.0338317,6.4634486],[4.0337707,6.4638162],[4.0334564,6.4646282]]},"properties":{"osm_id":"way/1115468600","name":"Unnamed (OSM way/1115468600)","named":false,"source":"OpenStreetMap contributors","source_tags":{"waterway":"drain"},"retrieved_at":"2026-09-06T12:43:12.245Z","confidence":"openstreetmap_mapped_unverified","field_verified":false,"layer":"osm_waterway","waterway_type":"drain","navigability":"unknown"}},{"type":"Feature","geometry":{"type":"LineString","coordinates":[[4.0339699,6.4625962],[4.033885,6.4630898]]},"properties":{"osm_id":"way/1115468601","name":"Unnamed (OSM way/1115468601)","named":false,"source":"OpenStreetMap contributors","source_tags":{"layer":"-1","tunnel":"culvert","waterway":"drain"},"retrieved_at":"2026-09-06T12:43:12.245Z","confidence":"openstreetmap_mapped_unverified","field_verified":false,"layer":"osm_waterway","waterway_type":"drain","navigability":"unknown"}},{"type":"Feature","geometry":{"type":"LineString","coordinates":[[4.0331469,6.4550358],[4.0332071,6.4552161],[4.033423,6.4558913],[4.0338583,6.4570167],[4.034014,6.4574879],[4.0341627,6.4579346],[4.0341981,6.4580999],[4.0342405,6.4582511],[4.0343007,6.4583742],[4.0343326,6.4584621],[4.0343609,6.4586203],[4.0344317,6.4588454],[4.0347537,6.4597105],[4.0348103,6.4598934],[4.0348174,6.4600024],[4.034782,6.4601079],[4.0346617,6.460326],[4.0342158,6.4615041],[4.0340636,6.4620738],[4.0339699,6.4625962]]},"properties":{"osm_id":"way/1115468613","name":"Unnamed (OSM way/1115468613)","named":false,"source":"OpenStreetMap contributors","source_tags":{"waterway":"drain"},"retrieved_at":"2026-09-06T12:43:12.245Z","confidence":"openstreetmap_mapped_unverified","field_verified":false,"layer":"osm_waterway","waterway_type":"drain","navigability":"unknown"}},{"type":"Feature","geometry":{"type":"LineString","coordinates":[[4.0331155,6.4549417],[4.0331469,6.4550358]]},"properties":{"osm_id":"way/1115468614","name":"Unnamed (OSM way/1115468614)","named":false,"source":"OpenStreetMap contributors","source_tags":{"layer":"-1","tunnel":"culvert","waterway":"drain"},"retrieved_at":"2026-09-06T12:43:12.245Z","confidence":"openstreetmap_mapped_unverified","field_verified":false,"layer":"osm_waterway","waterway_type":"drain","navigability":"unknown"}},{"type":"Feature","geometry":{"type":"LineString","coordinates":[[4.0946913,6.6093835],[4.0949378,6.6094324],[4.0953568,6.6094692],[4.0955663,6.6093345],[4.0956033,6.6087958],[4.0956156,6.608098],[4.0954923,6.6075839],[4.0955416,6.6073023],[4.0957142,6.6069595],[4.0962688,6.6065188],[4.0974765,6.6057965],[4.0980681,6.605319],[4.098216,6.6051109],[4.0982406,6.6047926],[4.0982037,6.6046212],[4.0980311,6.6043763],[4.0975505,6.6039723],[4.0969096,6.6031154],[4.0967248,6.6027971],[4.0967248,6.602589],[4.096885,6.6023196],[4.0973163,6.6020625],[4.0975628,6.6018054],[4.0975505,6.6014994],[4.0973903,6.6012545],[4.0972054,6.6009362],[4.0972301,6.6006914],[4.0973779,6.6005812],[4.0988445,6.6007771],[4.0993868,6.6007648],[4.0999291,6.60052],[4.1002372,6.6001649],[4.1005699,6.5995161],[4.1006932,6.5990876],[4.1008534,6.5987815],[4.100915,6.5985489],[4.1006685,6.5977042],[4.1004343,6.5971655],[4.1003604,6.5955372],[4.100385,6.5950965],[4.1005453,6.5947537],[4.1010875,6.5944232],[4.1019256,6.5942518],[4.1031703,6.5945211],[4.1042055,6.5951332],[4.1048218,6.5953659],[4.1053078,6.5954589],[4.1055224,6.5954056],[4.105619,6.5952457],[4.1055331,6.5950006],[4.1052033,6.5946576],[4.1051473,6.5942864],[4.105194,6.5938225],[4.1054181,6.59347],[4.105801,6.5930988],[4.1060159,6.5926256],[4.1061373,6.5922267],[4.1060906,6.5916978],[4.1058477,6.5912432],[4.1055208,6.5908721],[4.1051379,6.5904731],[4.1046616,6.5897958],[4.1045121,6.5892112],[4.1045308,6.5886731],[4.1046336,6.5881906],[4.104755,6.5878195],[4.1047363,6.5876154],[4.1046055,6.5874576],[4.1045121,6.587402],[4.104288,6.5874205],[4.1040732,6.5874669],[4.1039144,6.5874298],[4.1036715,6.5872535],[4.1036062,6.5871051],[4.1030925,6.5853422],[4.1029524,6.5848226],[4.1027562,6.5846185],[4.1024573,6.5845442],[4.1019997,6.5845164],[4.1015887,6.5843865],[4.1011591,6.5842195],[4.1008882,6.5841267],[4.1004773,6.5841453],[4.1000009,6.5842473],[4.0993378,6.5846185],[4.0987867,6.5848504],[4.0982917,6.5849061],[4.0969091,6.5849873],[4.0960879,6.5849793],[4.0955756,6.5850358],[4.0952748,6.585157],[4.0949658,6.5853831],[4.0945836,6.5856739],[4.0942991,6.5857304],[4.0939332,6.5857224],[4.0937299,6.5855689],[4.0936892,6.5853912],[4.0937868,6.5851246],[4.0939657,6.5847289],[4.0940063,6.5837757],[4.0938925,6.5830972],[4.0937136,6.5827014],[4.0935429,6.5824672],[4.0930794,6.5822491],[4.0923639,6.5822572],[4.0920387,6.5823541],[4.0917541,6.5826126],[4.0913557,6.5830407],[4.0909329,6.5832103],[4.0904206,6.5832426],[4.0900222,6.583178],[4.0894855,6.5830165],[4.0892985,6.5830003],[4.0891197,6.5830326],[4.0886968,6.5830972],[4.088331,6.5830569],[4.0874935,6.5827741],[4.0865222,6.5823795],[4.0861825,6.582274],[4.0859772,6.5821404],[4.0857224,6.582049],[4.0852835,6.5819787],[4.0849296,6.5819295],[4.0845898,6.5818451],[4.0843562,6.5816834],[4.0841439,6.581381],[4.0839315,6.580924],[4.083797,6.5807552],[4.0835847,6.5806567],[4.0832308,6.5806216],[4.0828061,6.5805653],[4.0825725,6.5803895],[4.0823177,6.5800731],[4.0822469,6.5797707],[4.0821787,6.5791256],[4.0821133,6.5788101],[4.0820246,6.5786849],[4.0818751,6.578606],[4.081254,6.5784622],[4.0807496,6.5783323],[4.0805862,6.5782395],[4.0804601,6.5781049],[4.0804134,6.5779519],[4.0804321,6.5777988],[4.0806796,6.5774091],[4.0809972,6.5770333],[4.0811046,6.5768616],[4.0811466,6.5764858],[4.0811186,6.5763281],[4.0810672,6.5762446],[4.0809551,6.5761518],[4.080773,6.5760498],[4.0806936,6.5759431],[4.0806376,6.5757807],[4.0805722,6.5754791],[4.0805722,6.575108],[4.0806095,6.5748992],[4.0807356,6.5746765],[4.0811232,6.5742776],[4.0813241,6.5740456],[4.0814688,6.5737348],[4.0815435,6.5733358],[4.0815202,6.5729322],[4.0814501,6.5726492],[4.0813754,6.5723058],[4.0812213,6.5709883],[4.0811513,6.5701346],[4.0811466,6.5699027],[4.0811886,6.5697867],[4.081296,6.5696568],[4.0818424,6.5691697],[4.0827577,6.5684784],[4.083108,6.5681954],[4.0833041,6.5679634],[4.0833835,6.5677268],[4.0834069,6.5673464],[4.0833929,6.5668917],[4.0832761,6.5662283],[4.0832761,6.565718],[4.0833368,6.5655092],[4.0834863,6.5652216],[4.0836217,6.5650174],[4.0836497,6.564818],[4.0836264,6.5644004],[4.083533,6.5641731],[4.0833648,6.5639736],[4.0830753,6.5637463],[4.0827858,6.5634586],[4.0827297,6.5633426],[4.0827251,6.5631988],[4.082807,6.5628932],[4.0830689,6.5625205],[4.0833025,6.5623588],[4.0835077,6.5622533],[4.0837272,6.5622111],[4.0840528,6.5622533],[4.0844279,6.5623447],[4.0846898,6.5623799],[4.0850013,6.5623518],[4.0853764,6.5622463],[4.0856313,6.5621408],[4.0858365,6.561965],[4.0861055,6.5616134],[4.0861409,6.5611212],[4.0861126,6.560425],[4.0858011,6.559778],[4.0852915,6.5592928],[4.0849305,6.5590889],[4.0846261,6.5589623],[4.0840528,6.5588217],[4.0834157,6.5587514],[4.0826371,6.5588006],[4.0818939,6.5589834],[4.0812568,6.5590959],[4.080464,6.5591733],[4.0784534,6.5591528],[4.0770524,6.55906],[4.0751172,6.5589149],[4.0731861,6.5585951],[4.071684,6.5581475]]},"properties":{"osm_id":"way/1115796338","name":"Saga River","named":true,"source":"OpenStreetMap contributors","source_tags":{"GNS:dsg_code":"STM","GNS:dsg_string":"stream","GNS:id":"10422074","is_in:country":"Nigeria","name":"Saga River","source":"GNS","waterway":"river"},"retrieved_at":"2026-09-06T12:43:12.245Z","confidence":"openstreetmap_mapped_unverified","field_verified":false,"layer":"osm_waterway","waterway_type":"river","navigability":"unknown"}},{"type":"Feature","geometry":{"type":"LineString","coordinates":[[3.9986652,6.451383],[3.9986903,6.4582888],[3.998839,6.4584576],[3.9988319,6.4586123]]},"properties":{"osm_id":"way/1115827546","name":"Unnamed (OSM way/1115827546)","named":false,"source":"OpenStreetMap contributors","source_tags":{"waterway":"drain"},"retrieved_at":"2026-09-06T12:43:12.245Z","confidence":"openstreetmap_mapped_unverified","field_verified":false,"layer":"osm_waterway","waterway_type":"drain","navigability":"unknown"}},{"type":"Feature","geometry":{"type":"LineString","coordinates":[[3.9996479,6.4409397],[3.9986752,6.4405684],[3.9986321,6.4406235],[3.998652,6.4442397],[3.9986533,6.4451131]]},"properties":{"osm_id":"way/1115827547","name":"Unnamed (OSM way/1115827547)","named":false,"source":"OpenStreetMap contributors","source_tags":{"waterway":"drain"},"retrieved_at":"2026-09-06T12:43:12.245Z","confidence":"openstreetmap_mapped_unverified","field_verified":false,"layer":"osm_waterway","waterway_type":"drain","navigability":"unknown"}},{"type":"Feature","geometry":{"type":"LineString","coordinates":[[3.9986597,6.4457927],[3.9986597,6.4461232]]},"properties":{"osm_id":"way/1115827548","name":"Unnamed (OSM way/1115827548)","named":false,"source":"OpenStreetMap contributors","source_tags":{"layer":"-1","tunnel":"culvert","waterway":"drain"},"retrieved_at":"2026-09-06T12:43:12.245Z","confidence":"openstreetmap_mapped_unverified","field_verified":false,"layer":"osm_waterway","waterway_type":"drain","navigability":"unknown"}},{"type":"Feature","geometry":{"type":"LineString","coordinates":[[3.9986597,6.4461232],[3.998663,6.4492494]]},"properties":{"osm_id":"way/1115827549","name":"Unnamed (OSM way/1115827549)","named":false,"source":"OpenStreetMap contributors","source_tags":{"waterway":"drain"},"retrieved_at":"2026-09-06T12:43:12.245Z","confidence":"openstreetmap_mapped_unverified","field_verified":false,"layer":"osm_waterway","waterway_type":"drain","navigability":"unknown"}},{"type":"Feature","geometry":{"type":"LineString","coordinates":[[3.998663,6.4492494],[3.998663,6.4496089]]},"properties":{"osm_id":"way/1115827550","name":"Unnamed (OSM way/1115827550)","named":false,"source":"OpenStreetMap contributors","source_tags":{"layer":"-1","tunnel":"culvert","waterway":"drain"},"retrieved_at":"2026-09-06T12:43:12.245Z","confidence":"openstreetmap_mapped_unverified","field_verified":false,"layer":"osm_waterway","waterway_type":"drain","navigability":"unknown"}},{"type":"Feature","geometry":{"type":"LineString","coordinates":[[3.998663,6.4496089],[3.9986652,6.4510961]]},"properties":{"osm_id":"way/1115827551","name":"Unnamed (OSM way/1115827551)","named":false,"source":"OpenStreetMap contributors","source_tags":{"waterway":"drain"},"retrieved_at":"2026-09-06T12:43:12.245Z","confidence":"openstreetmap_mapped_unverified","field_verified":false,"layer":"osm_waterway","waterway_type":"drain","navigability":"unknown"}},{"type":"Feature","geometry":{"type":"LineString","coordinates":[[3.9986652,6.4510961],[3.9986652,6.451383]]},"properties":{"osm_id":"way/1115827552","name":"Unnamed (OSM way/1115827552)","named":false,"source":"OpenStreetMap contributors","source_tags":{"layer":"-1","tunnel":"culvert","waterway":"drain"},"retrieved_at":"2026-09-06T12:43:12.245Z","confidence":"openstreetmap_mapped_unverified","field_verified":false,"layer":"osm_waterway","waterway_type":"drain","navigability":"unknown"}},{"type":"Feature","geometry":{"type":"LineString","coordinates":[[4.0043743,6.4587073],[3.9990159,6.4587213],[3.9988972,6.4586088],[3.9988319,6.4586123],[3.998647,6.4586115]]},"properties":{"osm_id":"way/1115827555","name":"Unnamed (OSM way/1115827555)","named":false,"source":"OpenStreetMap contributors","source_tags":{"waterway":"drain"},"retrieved_at":"2026-09-06T12:43:12.245Z","confidence":"openstreetmap_mapped_unverified","field_verified":false,"layer":"osm_waterway","waterway_type":"drain","navigability":"unknown"}},{"type":"Feature","geometry":{"type":"LineString","coordinates":[[4.0082935,6.466094],[4.0125816,6.4660491],[4.0128096,6.4660465],[4.0128793,6.4660491],[4.0129866,6.4660811],[4.0146006,6.4660628],[4.0155723,6.4660518],[4.0156179,6.4660838],[4.0156095,6.4695531]]},"properties":{"osm_id":"way/1115827556","name":"Unnamed (OSM way/1115827556)","named":false,"source":"OpenStreetMap contributors","source_tags":{"surface":"unpaved","waterway":"drain"},"retrieved_at":"2026-09-06T12:43:12.245Z","confidence":"openstreetmap_mapped_unverified","field_verified":false,"layer":"osm_waterway","waterway_type":"drain","navigability":"unknown"}},{"type":"Feature","geometry":{"type":"LineString","coordinates":[[3.9979701,6.4586698],[3.9979678,6.4590357]]},"properties":{"osm_id":"way/1115827557","name":"Unnamed (OSM way/1115827557)","named":false,"source":"OpenStreetMap contributors","source_tags":{"layer":"-1","tunnel":"culvert","waterway":"drain"},"retrieved_at":"2026-09-06T12:43:12.245Z","confidence":"openstreetmap_mapped_unverified","field_verified":false,"layer":"osm_waterway","waterway_type":"drain","navigability":"unknown"}},{"type":"Feature","geometry":{"type":"LineString","coordinates":[[3.9984189,6.4586105],[3.9980216,6.4586088],[3.9979889,6.4586251],[3.9979701,6.4586698]]},"properties":{"osm_id":"way/1115827559","name":"Unnamed (OSM way/1115827559)","named":false,"source":"OpenStreetMap contributors","source_tags":{"waterway":"drain"},"retrieved_at":"2026-09-06T12:43:12.245Z","confidence":"openstreetmap_mapped_unverified","field_verified":false,"layer":"osm_waterway","waterway_type":"drain","navigability":"unknown"}},{"type":"Feature","geometry":{"type":"LineString","coordinates":[[3.998647,6.4586115],[3.9984189,6.4586105]]},"properties":{"osm_id":"way/1115827560","name":"Unnamed (OSM way/1115827560)","named":false,"source":"OpenStreetMap contributors","source_tags":{"layer":"-1","tunnel":"culvert","waterway":"drain"},"retrieved_at":"2026-09-06T12:43:12.245Z","confidence":"openstreetmap_mapped_unverified","field_verified":false,"layer":"osm_waterway","waterway_type":"drain","navigability":"unknown"}},{"type":"Feature","geometry":{"type":"LineString","coordinates":[[4.0156095,6.4695531],[4.0155972,6.4701534],[4.0153684,6.4703297],[4.0153497,6.4708564],[4.0149364,6.4709585],[4.0150131,6.4712935]]},"properties":{"osm_id":"way/1115827561","name":"Unnamed (OSM way/1115827561)","named":false,"source":"OpenStreetMap contributors","source_tags":{"layer":"-1","surface":"unpaved","tunnel":"culvert","waterway":"drain"},"retrieved_at":"2026-09-06T12:43:12.245Z","confidence":"openstreetmap_mapped_unverified","field_verified":false,"layer":"osm_waterway","waterway_type":"drain","navigability":"unknown"}},{"type":"Feature","geometry":{"type":"LineString","coordinates":[[4.0146022,6.4657571],[4.0179122,6.4657571],[4.0179399,6.4693799]]},"properties":{"osm_id":"way/1115827564","name":"Unnamed (OSM way/1115827564)","named":false,"source":"OpenStreetMap contributors","source_tags":{"surface":"unpaved","waterway":"drain"},"retrieved_at":"2026-09-06T12:43:12.245Z","confidence":"openstreetmap_mapped_unverified","field_verified":false,"layer":"osm_waterway","waterway_type":"drain","navigability":"unknown"}},{"type":"Feature","geometry":{"type":"LineString","coordinates":[[4.0146014,6.4659016],[4.0164701,6.4658803],[4.016513,6.4658963],[4.0165532,6.4659469],[4.0165559,6.4660002],[4.0165496,6.4693613]]},"properties":{"osm_id":"way/1115827565","name":"Unnamed (OSM way/1115827565)","named":false,"source":"OpenStreetMap contributors","source_tags":{"surface":"unpaved","waterway":"drain"},"retrieved_at":"2026-09-06T12:43:12.245Z","confidence":"openstreetmap_mapped_unverified","field_verified":false,"layer":"osm_waterway","waterway_type":"drain","navigability":"unknown"}},{"type":"Feature","geometry":{"type":"LineString","coordinates":[[4.0165496,6.4693613],[4.0165496,6.4700042],[4.0166975,6.4704542],[4.0167481,6.47079]]},"properties":{"osm_id":"way/1115827566","name":"Unnamed (OSM way/1115827566)","named":false,"source":"OpenStreetMap contributors","source_tags":{"layer":"-1","surface":"unpaved","tunnel":"culvert","waterway":"drain"},"retrieved_at":"2026-09-06T12:43:12.245Z","confidence":"openstreetmap_mapped_unverified","field_verified":false,"layer":"osm_waterway","waterway_type":"drain","navigability":"unknown"}},{"type":"Feature","geometry":{"type":"LineString","coordinates":[[4.0179399,6.4693799],[4.0179361,6.469998],[4.0176957,6.4705277],[4.0177064,6.4708058]]},"properties":{"osm_id":"way/1115827567","name":"Unnamed (OSM way/1115827567)","named":false,"source":"OpenStreetMap contributors","source_tags":{"layer":"-1","surface":"unpaved","tunnel":"culvert","waterway":"drain"},"retrieved_at":"2026-09-06T12:43:12.245Z","confidence":"openstreetmap_mapped_unverified","field_verified":false,"layer":"osm_waterway","waterway_type":"drain","navigability":"unknown"}},{"type":"Feature","geometry":{"type":"LineString","coordinates":[[4.0207477,6.4690187],[4.0207396,6.4701539],[4.0204062,6.4705821],[4.0204187,6.4709172]]},"properties":{"osm_id":"way/1115827568","name":"Unnamed (OSM way/1115827568)","named":false,"source":"OpenStreetMap contributors","source_tags":{"layer":"-1","surface":"unpaved","tunnel":"culvert","waterway":"drain"},"retrieved_at":"2026-09-06T12:43:12.245Z","confidence":"openstreetmap_mapped_unverified","field_verified":false,"layer":"osm_waterway","waterway_type":"drain","navigability":"unknown"}},{"type":"Feature","geometry":{"type":"LineString","coordinates":[[3.9982088,6.4458396],[3.997458,6.4458439]]},"properties":{"osm_id":"way/1115827577","name":"Unnamed (OSM way/1115827577)","named":false,"source":"OpenStreetMap contributors","source_tags":{"waterway":"drain"},"retrieved_at":"2026-09-06T12:43:12.245Z","confidence":"openstreetmap_mapped_unverified","field_verified":false,"layer":"osm_waterway","waterway_type":"drain","navigability":"unknown"}},{"type":"Feature","geometry":{"type":"LineString","coordinates":[[3.997458,6.4458439],[3.997301,6.4458448]]},"properties":{"osm_id":"way/1115827578","name":"Unnamed (OSM way/1115827578)","named":false,"source":"OpenStreetMap contributors","source_tags":{"layer":"-1","tunnel":"culvert","waterway":"drain"},"retrieved_at":"2026-09-06T12:43:12.245Z","confidence":"openstreetmap_mapped_unverified","field_verified":false,"layer":"osm_waterway","waterway_type":"drain","navigability":"unknown"}},{"type":"Feature","geometry":{"type":"LineString","coordinates":[[3.9979678,6.4590357],[3.9979919,6.4615504],[3.9980117,6.4621097],[3.9980161,6.4655493]]},"properties":{"osm_id":"way/1115827581","name":"Unnamed (OSM way/1115827581)","named":false,"source":"OpenStreetMap contributors","source_tags":{"waterway":"drain"},"retrieved_at":"2026-09-06T12:43:12.245Z","confidence":"openstreetmap_mapped_unverified","field_verified":false,"layer":"osm_waterway","waterway_type":"drain","navigability":"unknown"}},{"type":"Feature","geometry":{"type":"LineString","coordinates":[[4.0044547,6.4661079],[4.0048517,6.4661033]]},"properties":{"osm_id":"way/1115827586","name":"Unnamed (OSM way/1115827586)","named":false,"source":"OpenStreetMap contributors","source_tags":{"layer":"-1","tunnel":"culvert","waterway":"drain"},"retrieved_at":"2026-09-06T12:43:12.245Z","confidence":"openstreetmap_mapped_unverified","field_verified":false,"layer":"osm_waterway","waterway_type":"drain","navigability":"unknown"}},{"type":"Feature","geometry":{"type":"LineString","coordinates":[[4.0048517,6.4661033],[4.0078872,6.4660986]]},"properties":{"osm_id":"way/1115827587","name":"Unnamed (OSM way/1115827587)","named":false,"source":"OpenStreetMap contributors","source_tags":{"waterway":"drain"},"retrieved_at":"2026-09-06T12:43:12.245Z","confidence":"openstreetmap_mapped_unverified","field_verified":false,"layer":"osm_waterway","waterway_type":"drain","navigability":"unknown"}},{"type":"Feature","geometry":{"type":"LineString","coordinates":[[4.0078872,6.4660986],[4.0082935,6.466094]]},"properties":{"osm_id":"way/1115827588","name":"Unnamed (OSM way/1115827588)","named":false,"source":"OpenStreetMap contributors","source_tags":{"layer":"-1","tunnel":"culvert","waterway":"drain"},"retrieved_at":"2026-09-06T12:43:12.245Z","confidence":"openstreetmap_mapped_unverified","field_verified":false,"layer":"osm_waterway","waterway_type":"drain","navigability":"unknown"}},{"type":"Feature","geometry":{"type":"LineString","coordinates":[[3.4860219,6.441827],[3.4861042,6.4422099],[3.4861396,6.4427491],[3.4861425,6.444249],[3.4861528,6.4452884]]},"properties":{"osm_id":"way/1120189808","name":"Unnamed (OSM way/1120189808)","named":false,"source":"OpenStreetMap contributors","source_tags":{"waterway":"ditch"},"retrieved_at":"2026-09-06T12:43:12.245Z","confidence":"openstreetmap_mapped_unverified","field_verified":false,"layer":"osm_waterway","waterway_type":"ditch","navigability":"unknown"}},{"type":"Feature","geometry":{"type":"LineString","coordinates":[[3.4862625,6.4526626],[3.4860961,6.4536556],[3.4860031,6.4541925],[3.4858153,6.4547765],[3.4857663,6.4551103]]},"properties":{"osm_id":"way/1120189809","name":"Unnamed (OSM way/1120189809)","named":false,"source":"OpenStreetMap contributors","source_tags":{"waterway":"ditch"},"retrieved_at":"2026-09-06T12:43:12.245Z","confidence":"openstreetmap_mapped_unverified","field_verified":false,"layer":"osm_waterway","waterway_type":"ditch","navigability":"unknown"}},{"type":"Feature","geometry":{"type":"LineString","coordinates":[[3.4857581,6.4552073],[3.4857433,6.4557136],[3.4854388,6.456171],[3.4850031,6.4569264],[3.4847653,6.45757],[3.4848336,6.4582773],[3.4851703,6.4589015]]},"properties":{"osm_id":"way/1120189810","name":"Unnamed (OSM way/1120189810)","named":false,"source":"OpenStreetMap contributors","source_tags":{"waterway":"ditch"},"retrieved_at":"2026-09-06T12:43:12.245Z","confidence":"openstreetmap_mapped_unverified","field_verified":false,"layer":"osm_waterway","waterway_type":"ditch","navigability":"unknown"}},{"type":"Feature","geometry":{"type":"LineString","coordinates":[[3.4862057,6.450221],[3.4862345,6.4504115],[3.4862373,6.4504449]]},"properties":{"osm_id":"way/1120189811","name":"Unnamed (OSM way/1120189811)","named":false,"source":"OpenStreetMap contributors","source_tags":{"waterway":"ditch"},"retrieved_at":"2026-09-06T12:43:12.245Z","confidence":"openstreetmap_mapped_unverified","field_verified":false,"layer":"osm_waterway","waterway_type":"ditch","navigability":"unknown"}},{"type":"Feature","geometry":{"type":"LineString","coordinates":[[3.4862373,6.4504449],[3.4862407,6.4504865],[3.4862456,6.4505452]]},"properties":{"osm_id":"way/1120189812","name":"Unnamed (OSM way/1120189812)","named":false,"source":"OpenStreetMap contributors","source_tags":{"waterway":"ditch"},"retrieved_at":"2026-09-06T12:43:12.245Z","confidence":"openstreetmap_mapped_unverified","field_verified":false,"layer":"osm_waterway","waterway_type":"ditch","navigability":"unknown"}},{"type":"Feature","geometry":{"type":"LineString","coordinates":[[3.4862456,6.4505452],[3.4863052,6.4511543],[3.4865261,6.4515669],[3.4863305,6.4520273],[3.4862912,6.4524145]]},"properties":{"osm_id":"way/1120189813","name":"Unnamed (OSM way/1120189813)","named":false,"source":"OpenStreetMap contributors","source_tags":{"waterway":"ditch"},"retrieved_at":"2026-09-06T12:43:12.245Z","confidence":"openstreetmap_mapped_unverified","field_verified":false,"layer":"osm_waterway","waterway_type":"ditch","navigability":"unknown"}},{"type":"Feature","geometry":{"type":"LineString","coordinates":[[3.4907421,6.4441775],[3.4907407,6.4444715]]},"properties":{"osm_id":"way/1120189815","name":"Unnamed (OSM way/1120189815)","named":false,"source":"OpenStreetMap contributors","source_tags":{"waterway":"drain"},"retrieved_at":"2026-09-06T12:43:12.245Z","confidence":"openstreetmap_mapped_unverified","field_verified":false,"layer":"osm_waterway","waterway_type":"drain","navigability":"unknown"}},{"type":"Feature","geometry":{"type":"LineString","coordinates":[[3.4907407,6.4444715],[3.4907402,6.4445703]]},"properties":{"osm_id":"way/1120189816","name":"Unnamed (OSM way/1120189816)","named":false,"source":"OpenStreetMap contributors","source_tags":{"layer":"-1","tunnel":"culvert","waterway":"drain"},"retrieved_at":"2026-09-06T12:43:12.245Z","confidence":"openstreetmap_mapped_unverified","field_verified":false,"layer":"osm_waterway","waterway_type":"drain","navigability":"unknown"}},{"type":"Feature","geometry":{"type":"LineString","coordinates":[[3.4907402,6.4445703],[3.4907365,6.4453184]]},"properties":{"osm_id":"way/1120189817","name":"Unnamed (OSM way/1120189817)","named":false,"source":"OpenStreetMap contributors","source_tags":{"waterway":"drain"},"retrieved_at":"2026-09-06T12:43:12.245Z","confidence":"openstreetmap_mapped_unverified","field_verified":false,"layer":"osm_waterway","waterway_type":"drain","navigability":"unknown"}},{"type":"Feature","geometry":{"type":"LineString","coordinates":[[3.4907365,6.4453184],[3.490736,6.4454172]]},"properties":{"osm_id":"way/1120189818","name":"Unnamed (OSM way/1120189818)","named":false,"source":"OpenStreetMap contributors","source_tags":{"layer":"-1","tunnel":"culvert","waterway":"drain"},"retrieved_at":"2026-09-06T12:43:12.245Z","confidence":"openstreetmap_mapped_unverified","field_verified":false,"layer":"osm_waterway","waterway_type":"drain","navigability":"unknown"}},{"type":"Feature","geometry":{"type":"LineString","coordinates":[[3.4907284,6.4469552],[3.4907279,6.4470573]]},"properties":{"osm_id":"way/1120189819","name":"Unnamed (OSM way/1120189819)","named":false,"source":"OpenStreetMap contributors","source_tags":{"waterway":"drain"},"retrieved_at":"2026-09-06T12:43:12.245Z","confidence":"openstreetmap_mapped_unverified","field_verified":false,"layer":"osm_waterway","waterway_type":"drain","navigability":"unknown"}},{"type":"Feature","geometry":{"type":"LineString","coordinates":[[3.4907289,6.4468532],[3.4907284,6.4469552]]},"properties":{"osm_id":"way/1120189820","name":"Unnamed (OSM way/1120189820)","named":false,"source":"OpenStreetMap contributors","source_tags":{"layer":"-1","tunnel":"culvert","waterway":"drain"},"retrieved_at":"2026-09-06T12:43:12.245Z","confidence":"openstreetmap_mapped_unverified","field_verified":false,"layer":"osm_waterway","waterway_type":"drain","navigability":"unknown"}},{"type":"Feature","geometry":{"type":"LineString","coordinates":[[3.4860883,6.4483532],[3.4861071,6.4486016],[3.4861604,6.4490555],[3.4861693,6.4499499],[3.4862057,6.450221]]},"properties":{"osm_id":"way/1120189828","name":"Unnamed (OSM way/1120189828)","named":false,"source":"OpenStreetMap contributors","source_tags":{"waterway":"ditch"},"retrieved_at":"2026-09-06T12:43:12.245Z","confidence":"openstreetmap_mapped_unverified","field_verified":false,"layer":"osm_waterway","waterway_type":"ditch","navigability":"unknown"}},{"type":"Feature","geometry":{"type":"LineString","coordinates":[[3.4860787,6.4482438],[3.4860883,6.4483532]]},"properties":{"osm_id":"way/1120189829","name":"Unnamed (OSM way/1120189829)","named":false,"source":"OpenStreetMap contributors","source_tags":{"layer":"-1","tunnel":"culvert","waterway":"ditch"},"retrieved_at":"2026-09-06T12:43:12.245Z","confidence":"openstreetmap_mapped_unverified","field_verified":false,"layer":"osm_waterway","waterway_type":"ditch","navigability":"unknown"}},{"type":"Feature","geometry":{"type":"LineString","coordinates":[[3.4862812,6.4525136],[3.4862716,6.4526083],[3.4862625,6.4526626]]},"properties":{"osm_id":"way/1120189835","name":"Unnamed (OSM way/1120189835)","named":false,"source":"OpenStreetMap contributors","source_tags":{"waterway":"ditch"},"retrieved_at":"2026-09-06T12:43:12.245Z","confidence":"openstreetmap_mapped_unverified","field_verified":false,"layer":"osm_waterway","waterway_type":"ditch","navigability":"unknown"}},{"type":"Feature","geometry":{"type":"LineString","coordinates":[[3.4862912,6.4524145],[3.4862812,6.4525136]]},"properties":{"osm_id":"way/1120189836","name":"Unnamed (OSM way/1120189836)","named":false,"source":"OpenStreetMap contributors","source_tags":{"layer":"-1","tunnel":"culvert","waterway":"ditch"},"retrieved_at":"2026-09-06T12:43:12.245Z","confidence":"openstreetmap_mapped_unverified","field_verified":false,"layer":"osm_waterway","waterway_type":"ditch","navigability":"unknown"}},{"type":"Feature","geometry":{"type":"LineString","coordinates":[[3.4907191,6.4488433],[3.4907186,6.4489497]]},"properties":{"osm_id":"way/1120189837","name":"Unnamed (OSM way/1120189837)","named":false,"source":"OpenStreetMap contributors","source_tags":{"layer":"-1","tunnel":"culvert","waterway":"ditch"},"retrieved_at":"2026-09-06T12:43:12.245Z","confidence":"openstreetmap_mapped_unverified","field_verified":false,"layer":"osm_waterway","waterway_type":"ditch","navigability":"unknown"}},{"type":"Feature","geometry":{"type":"LineString","coordinates":[[3.4857663,6.4551103],[3.4857581,6.4552073]]},"properties":{"osm_id":"way/1120197962","name":"Unnamed (OSM way/1120197962)","named":false,"source":"OpenStreetMap contributors","source_tags":{"layer":"-1","tunnel":"culvert","waterway":"ditch"},"retrieved_at":"2026-09-06T12:43:12.245Z","confidence":"openstreetmap_mapped_unverified","field_verified":false,"layer":"osm_waterway","waterway_type":"ditch","navigability":"unknown"}},{"type":"Feature","geometry":{"type":"LineString","coordinates":[[3.5020849,6.450146],[3.5016692,6.4510916]]},"properties":{"osm_id":"way/1120197972","name":"Unnamed (OSM way/1120197972)","named":false,"source":"OpenStreetMap contributors","source_tags":{"waterway":"ditch"},"retrieved_at":"2026-09-06T12:43:12.245Z","confidence":"openstreetmap_mapped_unverified","field_verified":false,"layer":"osm_waterway","waterway_type":"ditch","navigability":"unknown"}},{"type":"Feature","geometry":{"type":"LineString","coordinates":[[3.5005615,6.4536115],[3.5001889,6.4544588],[3.5000359,6.4548175],[3.5000017,6.4549264]]},"properties":{"osm_id":"way/1120197973","name":"Unnamed (OSM way/1120197973)","named":false,"source":"OpenStreetMap contributors","source_tags":{"waterway":"ditch"},"retrieved_at":"2026-09-06T12:43:12.245Z","confidence":"openstreetmap_mapped_unverified","field_verified":false,"layer":"osm_waterway","waterway_type":"ditch","navigability":"unknown"}},{"type":"Feature","geometry":{"type":"LineString","coordinates":[[3.5005908,6.4535448],[3.5005615,6.4536115]]},"properties":{"osm_id":"way/1120197974","name":"Unnamed (OSM way/1120197974)","named":false,"source":"OpenStreetMap contributors","source_tags":{"layer":"-1","tunnel":"culvert","waterway":"ditch"},"retrieved_at":"2026-09-06T12:43:12.245Z","confidence":"openstreetmap_mapped_unverified","field_verified":false,"layer":"osm_waterway","waterway_type":"ditch","navigability":"unknown"}},{"type":"Feature","geometry":{"type":"LineString","coordinates":[[3.5006688,6.4533673],[3.5005908,6.4535448]]},"properties":{"osm_id":"way/1120197975","name":"Unnamed (OSM way/1120197975)","named":false,"source":"OpenStreetMap contributors","source_tags":{"waterway":"ditch"},"retrieved_at":"2026-09-06T12:43:12.245Z","confidence":"openstreetmap_mapped_unverified","field_verified":false,"layer":"osm_waterway","waterway_type":"ditch","navigability":"unknown"}},{"type":"Feature","geometry":{"type":"LineString","coordinates":[[3.5006982,6.4533005],[3.5006688,6.4533673]]},"properties":{"osm_id":"way/1120197976","name":"Unnamed (OSM way/1120197976)","named":false,"source":"OpenStreetMap contributors","source_tags":{"layer":"-1","tunnel":"culvert","waterway":"ditch"},"retrieved_at":"2026-09-06T12:43:12.245Z","confidence":"openstreetmap_mapped_unverified","field_verified":false,"layer":"osm_waterway","waterway_type":"ditch","navigability":"unknown"}},{"type":"Feature","geometry":{"type":"LineString","coordinates":[[3.501083,6.452425],[3.5006982,6.4533005]]},"properties":{"osm_id":"way/1120197977","name":"Unnamed (OSM way/1120197977)","named":false,"source":"OpenStreetMap contributors","source_tags":{"waterway":"ditch"},"retrieved_at":"2026-09-06T12:43:12.245Z","confidence":"openstreetmap_mapped_unverified","field_verified":false,"layer":"osm_waterway","waterway_type":"ditch","navigability":"unknown"}},{"type":"Feature","geometry":{"type":"LineString","coordinates":[[3.5011229,6.4523344],[3.501083,6.452425]]},"properties":{"osm_id":"way/1120197978","name":"Unnamed (OSM way/1120197978)","named":false,"source":"OpenStreetMap contributors","source_tags":{"layer":"-1","tunnel":"culvert","waterway":"ditch"},"retrieved_at":"2026-09-06T12:43:12.245Z","confidence":"openstreetmap_mapped_unverified","field_verified":false,"layer":"osm_waterway","waterway_type":"ditch","navigability":"unknown"}},{"type":"Feature","geometry":{"type":"LineString","coordinates":[[3.5016293,6.4511822],[3.5011229,6.4523344]]},"properties":{"osm_id":"way/1120197979","name":"Unnamed (OSM way/1120197979)","named":false,"source":"OpenStreetMap contributors","source_tags":{"waterway":"ditch"},"retrieved_at":"2026-09-06T12:43:12.245Z","confidence":"openstreetmap_mapped_unverified","field_verified":false,"layer":"osm_waterway","waterway_type":"ditch","navigability":"unknown"}},{"type":"Feature","geometry":{"type":"LineString","coordinates":[[3.5016692,6.4510916],[3.5016293,6.4511822]]},"properties":{"osm_id":"way/1120197980","name":"Unnamed (OSM way/1120197980)","named":false,"source":"OpenStreetMap contributors","source_tags":{"layer":"-1","tunnel":"culvert","waterway":"ditch"},"retrieved_at":"2026-09-06T12:43:12.245Z","confidence":"openstreetmap_mapped_unverified","field_verified":false,"layer":"osm_waterway","waterway_type":"ditch","navigability":"unknown"}},{"type":"Feature","geometry":{"type":"LineString","coordinates":[[3.5022424,6.4493975],[3.5022356,6.4496372],[3.5021381,6.4500249],[3.5021102,6.4500883]]},"properties":{"osm_id":"way/1120197981","name":"Unnamed (OSM way/1120197981)","named":false,"source":"OpenStreetMap contributors","source_tags":{"waterway":"ditch"},"retrieved_at":"2026-09-06T12:43:12.245Z","confidence":"openstreetmap_mapped_unverified","field_verified":false,"layer":"osm_waterway","waterway_type":"ditch","navigability":"unknown"}},{"type":"Feature","geometry":{"type":"LineString","coordinates":[[3.5021102,6.4500883],[3.5020849,6.450146]]},"properties":{"osm_id":"way/1120197982","name":"Unnamed (OSM way/1120197982)","named":false,"source":"OpenStreetMap contributors","source_tags":{"layer":"-1","tunnel":"culvert","waterway":"ditch"},"retrieved_at":"2026-09-06T12:43:12.245Z","confidence":"openstreetmap_mapped_unverified","field_verified":false,"layer":"osm_waterway","waterway_type":"ditch","navigability":"unknown"}},{"type":"Feature","geometry":{"type":"LineString","coordinates":[[4.0145499,6.4586311],[4.0145429,6.4590377]]},"properties":{"osm_id":"way/1122912882","name":"Unnamed (OSM way/1122912882)","named":false,"source":"OpenStreetMap contributors","source_tags":{"layer":"-1","tunnel":"culvert","waterway":"drain"},"retrieved_at":"2026-09-06T12:43:12.245Z","confidence":"openstreetmap_mapped_unverified","field_verified":false,"layer":"osm_waterway","waterway_type":"drain","navigability":"unknown"}},{"type":"Feature","geometry":{"type":"LineString","coordinates":[[4.0145856,6.4565575],[4.0145499,6.4586311]]},"properties":{"osm_id":"way/1122912883","name":"Unnamed (OSM way/1122912883)","named":false,"source":"OpenStreetMap contributors","source_tags":{"waterway":"drain"},"retrieved_at":"2026-09-06T12:43:12.245Z","confidence":"openstreetmap_mapped_unverified","field_verified":false,"layer":"osm_waterway","waterway_type":"drain","navigability":"unknown"}},{"type":"Feature","geometry":{"type":"LineString","coordinates":[[3.998656,6.4453583],[3.9986597,6.4457927]]},"properties":{"osm_id":"way/1176083615","name":"Unnamed (OSM way/1176083615)","named":false,"source":"OpenStreetMap contributors","source_tags":{"waterway":"drain"},"retrieved_at":"2026-09-06T12:43:12.245Z","confidence":"openstreetmap_mapped_unverified","field_verified":false,"layer":"osm_waterway","waterway_type":"drain","navigability":"unknown"}},{"type":"Feature","geometry":{"type":"LineString","coordinates":[[3.9986533,6.4451131],[3.998656,6.4453583]]},"properties":{"osm_id":"way/1176083616","name":"Unnamed (OSM way/1176083616)","named":false,"source":"OpenStreetMap contributors","source_tags":{"layer":"-1","tunnel":"culvert","waterway":"drain"},"retrieved_at":"2026-09-06T12:43:12.245Z","confidence":"openstreetmap_mapped_unverified","field_verified":false,"layer":"osm_waterway","waterway_type":"drain","navigability":"unknown"}},{"type":"Feature","geometry":{"type":"LineString","coordinates":[[3.5576901,6.4459526],[3.5574433,6.4456088],[3.5572422,6.4453156],[3.5571617,6.445129]]},"properties":{"osm_id":"way/1185471902","name":"Unnamed (OSM way/1185471902)","named":false,"source":"OpenStreetMap contributors","source_tags":{"waterway":"drain"},"retrieved_at":"2026-09-06T12:43:12.245Z","confidence":"openstreetmap_mapped_unverified","field_verified":false,"layer":"osm_waterway","waterway_type":"drain","navigability":"unknown"}},{"type":"Feature","geometry":{"type":"LineString","coordinates":[[3.5577598,6.4461792],[3.5576901,6.4459526]]},"properties":{"osm_id":"way/1185471903","name":"Unnamed (OSM way/1185471903)","named":false,"source":"OpenStreetMap contributors","source_tags":{"layer":"-1","tunnel":"culvert","waterway":"drain"},"retrieved_at":"2026-09-06T12:43:12.245Z","confidence":"openstreetmap_mapped_unverified","field_verified":false,"layer":"osm_waterway","waterway_type":"drain","navigability":"unknown"}},{"type":"Feature","geometry":{"type":"LineString","coordinates":[[3.3921203,6.4595689],[3.3925899,6.4603033],[3.3926379,6.4603692],[3.3926929,6.4604176],[3.3927627,6.4604424],[3.3929065,6.4604312],[3.3934954,6.4600952],[3.3936795,6.4599566],[3.3938401,6.4596686]]},"properties":{"osm_id":"way/1207723664","name":"Unnamed (OSM way/1207723664)","named":false,"source":"OpenStreetMap contributors","source_tags":{"waterway":"stream"},"retrieved_at":"2026-09-06T12:43:12.245Z","confidence":"openstreetmap_mapped_unverified","field_verified":false,"layer":"osm_waterway","waterway_type":"stream","navigability":"unknown"}},{"type":"Feature","geometry":{"type":"LineString","coordinates":[[3.3938401,6.4596686],[3.3940626,6.4593868]]},"properties":{"osm_id":"way/1207723665","name":"Unnamed (OSM way/1207723665)","named":false,"source":"OpenStreetMap contributors","source_tags":{"layer":"-1","tunnel":"culvert","waterway":"stream"},"retrieved_at":"2026-09-06T12:43:12.245Z","confidence":"openstreetmap_mapped_unverified","field_verified":false,"layer":"osm_waterway","waterway_type":"stream","navigability":"unknown"}},{"type":"Feature","geometry":{"type":"LineString","coordinates":[[3.392415,6.4611426],[3.3924665,6.4609828],[3.3924781,6.4605786],[3.3925144,6.4605415],[3.3927411,6.4605072],[3.3929065,6.4604312]]},"properties":{"osm_id":"way/1207723668","name":"Unnamed (OSM way/1207723668)","named":false,"source":"OpenStreetMap contributors","source_tags":{"waterway":"stream"},"retrieved_at":"2026-09-06T12:43:12.245Z","confidence":"openstreetmap_mapped_unverified","field_verified":false,"layer":"osm_waterway","waterway_type":"stream","navigability":"unknown"}},{"type":"Feature","geometry":{"type":"LineString","coordinates":[[3.3907376,6.4594947],[3.3919874,6.4595355]]},"properties":{"osm_id":"way/1207723669","name":"Unnamed (OSM way/1207723669)","named":false,"source":"OpenStreetMap contributors","source_tags":{"waterway":"stream"},"retrieved_at":"2026-09-06T12:43:12.245Z","confidence":"openstreetmap_mapped_unverified","field_verified":false,"layer":"osm_waterway","waterway_type":"stream","navigability":"unknown"}},{"type":"Feature","geometry":{"type":"LineString","coordinates":[[3.3919874,6.4595355],[3.3920687,6.4595413],[3.3921203,6.4595689]]},"properties":{"osm_id":"way/1207723670","name":"Unnamed (OSM way/1207723670)","named":false,"source":"OpenStreetMap contributors","source_tags":{"layer":"-1","tunnel":"culvert","waterway":"stream"},"retrieved_at":"2026-09-06T12:43:12.245Z","confidence":"openstreetmap_mapped_unverified","field_verified":false,"layer":"osm_waterway","waterway_type":"stream","navigability":"unknown"}},{"type":"Feature","geometry":{"type":"LineString","coordinates":[[3.4807549,6.4325022],[3.4811106,6.4325585]]},"properties":{"osm_id":"way/1227276958","name":"Unnamed (OSM way/1227276958)","named":false,"source":"OpenStreetMap contributors","source_tags":{"waterway":"ditch"},"retrieved_at":"2026-09-06T12:43:12.245Z","confidence":"openstreetmap_mapped_unverified","field_verified":false,"layer":"osm_waterway","waterway_type":"ditch","navigability":"unknown"}},{"type":"Feature","geometry":{"type":"LineString","coordinates":[[3.4806745,6.4324969],[3.4807549,6.4325022]]},"properties":{"osm_id":"way/1227276959","name":"Unnamed (OSM way/1227276959)","named":false,"source":"OpenStreetMap contributors","source_tags":{"layer":"-1","tunnel":"culvert","waterway":"ditch"},"retrieved_at":"2026-09-06T12:43:12.245Z","confidence":"openstreetmap_mapped_unverified","field_verified":false,"layer":"osm_waterway","waterway_type":"ditch","navigability":"unknown"}},{"type":"Feature","geometry":{"type":"LineString","coordinates":[[3.3405754,6.5690841],[3.3408911,6.5685653],[3.3408968,6.5685396],[3.3408944,6.5685138],[3.3408834,6.5684892]]},"properties":{"osm_id":"way/1232991927","name":"Unnamed (OSM way/1232991927)","named":false,"source":"OpenStreetMap contributors","source_tags":{"waterway":"ditch"},"retrieved_at":"2026-09-06T12:43:12.245Z","confidence":"openstreetmap_mapped_unverified","field_verified":false,"layer":"osm_waterway","waterway_type":"ditch","navigability":"unknown"}},{"type":"Feature","geometry":{"type":"LineString","coordinates":[[3.3408755,6.5684795],[3.3408124,6.5684023]]},"properties":{"osm_id":"way/1232991928","name":"Unnamed (OSM way/1232991928)","named":false,"source":"OpenStreetMap contributors","source_tags":{"layer":"-1","tunnel":"culvert","waterway":"ditch"},"retrieved_at":"2026-09-06T12:43:12.245Z","confidence":"openstreetmap_mapped_unverified","field_verified":false,"layer":"osm_waterway","waterway_type":"ditch","navigability":"unknown"}},{"type":"Feature","geometry":{"type":"LineString","coordinates":[[3.3408834,6.5684892],[3.3408755,6.5684795]]},"properties":{"osm_id":"way/1232991929","name":"Unnamed (OSM way/1232991929)","named":false,"source":"OpenStreetMap contributors","source_tags":{"waterway":"ditch"},"retrieved_at":"2026-09-06T12:43:12.245Z","confidence":"openstreetmap_mapped_unverified","field_verified":false,"layer":"osm_waterway","waterway_type":"ditch","navigability":"unknown"}},{"type":"Feature","geometry":{"type":"LineString","coordinates":[[3.3401383,6.5699796],[3.3401321,6.5699615],[3.3401297,6.5699321],[3.3401358,6.5699018],[3.3403628,6.5693228],[3.3403757,6.5693012],[3.3403923,6.5692838],[3.3404119,6.5692684],[3.3404832,6.5692253],[3.3405029,6.5692042]]},"properties":{"osm_id":"way/1232991930","name":"Unnamed (OSM way/1232991930)","named":false,"source":"OpenStreetMap contributors","source_tags":{"waterway":"ditch"},"retrieved_at":"2026-09-06T12:43:12.245Z","confidence":"openstreetmap_mapped_unverified","field_verified":false,"layer":"osm_waterway","waterway_type":"ditch","navigability":"unknown"}},{"type":"Feature","geometry":{"type":"LineString","coordinates":[[3.3405029,6.5692042],[3.3405518,6.5691231]]},"properties":{"osm_id":"way/1232991931","name":"Unnamed (OSM way/1232991931)","named":false,"source":"OpenStreetMap contributors","source_tags":{"layer":"-1","tunnel":"culvert","waterway":"ditch"},"retrieved_at":"2026-09-06T12:43:12.245Z","confidence":"openstreetmap_mapped_unverified","field_verified":false,"layer":"osm_waterway","waterway_type":"ditch","navigability":"unknown"}},{"type":"Feature","geometry":{"type":"LineString","coordinates":[[3.3405518,6.5691231],[3.3405754,6.5690841]]},"properties":{"osm_id":"way/1232991932","name":"Unnamed (OSM way/1232991932)","named":false,"source":"OpenStreetMap contributors","source_tags":{"waterway":"ditch"},"retrieved_at":"2026-09-06T12:43:12.245Z","confidence":"openstreetmap_mapped_unverified","field_verified":false,"layer":"osm_waterway","waterway_type":"ditch","navigability":"unknown"}},{"type":"Feature","geometry":{"type":"LineString","coordinates":[[3.3406122,6.5708028],[3.3408533,6.5703305],[3.3408585,6.5703099],[3.3408572,6.5702922],[3.3408488,6.5702785],[3.3401859,6.57002]]},"properties":{"osm_id":"way/1232991933","name":"Unnamed (OSM way/1232991933)","named":false,"source":"OpenStreetMap contributors","source_tags":{"waterway":"ditch"},"retrieved_at":"2026-09-06T12:43:12.245Z","confidence":"openstreetmap_mapped_unverified","field_verified":false,"layer":"osm_waterway","waterway_type":"ditch","navigability":"unknown"}},{"type":"Feature","geometry":{"type":"LineString","coordinates":[[3.3401859,6.57002],[3.340156,6.5700013],[3.3401383,6.5699796]]},"properties":{"osm_id":"way/1232991934","name":"Unnamed (OSM way/1232991934)","named":false,"source":"OpenStreetMap contributors","source_tags":{"layer":"-1","tunnel":"culvert","waterway":"ditch"},"retrieved_at":"2026-09-06T12:43:12.245Z","confidence":"openstreetmap_mapped_unverified","field_verified":false,"layer":"osm_waterway","waterway_type":"ditch","navigability":"unknown"}},{"type":"Feature","geometry":{"type":"LineString","coordinates":[[3.3407764,6.5722681],[3.3407781,6.5722332],[3.3401092,6.5717585],[3.3402818,6.5713856],[3.3403773,6.5711821],[3.3404016,6.5711354],[3.3405668,6.570881]]},"properties":{"osm_id":"way/1232991937","name":"Unnamed (OSM way/1232991937)","named":false,"source":"OpenStreetMap contributors","source_tags":{"layer":"1","waterway":"ditch"},"retrieved_at":"2026-09-06T12:43:12.245Z","confidence":"openstreetmap_mapped_unverified","field_verified":false,"layer":"osm_waterway","waterway_type":"ditch","navigability":"unknown"}},{"type":"Feature","geometry":{"type":"LineString","coordinates":[[3.3405668,6.570881],[3.3406122,6.5708028]]},"properties":{"osm_id":"way/1232991938","name":"Unnamed (OSM way/1232991938)","named":false,"source":"OpenStreetMap contributors","source_tags":{"layer":"-1","tunnel":"culvert","waterway":"ditch"},"retrieved_at":"2026-09-06T12:43:12.245Z","confidence":"openstreetmap_mapped_unverified","field_verified":false,"layer":"osm_waterway","waterway_type":"ditch","navigability":"unknown"}},{"type":"Feature","geometry":{"type":"LineString","coordinates":[[3.3403788,6.5776218],[3.3402256,6.5775575],[3.3401884,6.5775019],[3.3401692,6.5773986],[3.340097,6.5768599],[3.3400935,6.5768199],[3.3401054,6.5767593],[3.3401805,6.5767584],[3.3402785,6.5767206],[3.340293,6.5767012],[3.3402987,6.5766763],[3.3402563,6.5759006],[3.3402847,6.5756816]]},"properties":{"osm_id":"way/1232991945","name":"Unnamed (OSM way/1232991945)","named":false,"source":"OpenStreetMap contributors","source_tags":{"waterway":"ditch"},"retrieved_at":"2026-09-06T12:43:12.245Z","confidence":"openstreetmap_mapped_unverified","field_verified":false,"layer":"osm_waterway","waterway_type":"ditch","navigability":"unknown"}},{"type":"Feature","geometry":{"type":"LineString","coordinates":[[3.3409888,6.5778239],[3.3405868,6.5776842]]},"properties":{"osm_id":"way/1232991947","name":"Unnamed (OSM way/1232991947)","named":false,"source":"OpenStreetMap contributors","source_tags":{"waterway":"ditch"},"retrieved_at":"2026-09-06T12:43:12.245Z","confidence":"openstreetmap_mapped_unverified","field_verified":false,"layer":"osm_waterway","waterway_type":"ditch","navigability":"unknown"}},{"type":"Feature","geometry":{"type":"LineString","coordinates":[[3.3405235,6.5776681],[3.3403788,6.5776218]]},"properties":{"osm_id":"way/1232991948","name":"Unnamed (OSM way/1232991948)","named":false,"source":"OpenStreetMap contributors","source_tags":{"layer":"-1","tunnel":"culvert","waterway":"ditch"},"retrieved_at":"2026-09-06T12:43:12.245Z","confidence":"openstreetmap_mapped_unverified","field_verified":false,"layer":"osm_waterway","waterway_type":"ditch","navigability":"unknown"}},{"type":"Feature","geometry":{"type":"LineString","coordinates":[[3.3405868,6.5776842],[3.3405235,6.5776681]]},"properties":{"osm_id":"way/1232991949","name":"Unnamed (OSM way/1232991949)","named":false,"source":"OpenStreetMap contributors","source_tags":{"waterway":"ditch"},"retrieved_at":"2026-09-06T12:43:12.245Z","confidence":"openstreetmap_mapped_unverified","field_verified":false,"layer":"osm_waterway","waterway_type":"ditch","navigability":"unknown"}},{"type":"Feature","geometry":{"type":"LineString","coordinates":[[3.3416904,6.5784003],[3.3413019,6.578021],[3.3412333,6.5779621],[3.3411665,6.5779116],[3.3410668,6.5778537]]},"properties":{"osm_id":"way/1232991950","name":"Unnamed (OSM way/1232991950)","named":false,"source":"OpenStreetMap contributors","source_tags":{"waterway":"ditch"},"retrieved_at":"2026-09-06T12:43:12.245Z","confidence":"openstreetmap_mapped_unverified","field_verified":false,"layer":"osm_waterway","waterway_type":"ditch","navigability":"unknown"}},{"type":"Feature","geometry":{"type":"LineString","coordinates":[[3.3410668,6.5778537],[3.3409888,6.5778239]]},"properties":{"osm_id":"way/1232991951","name":"Unnamed (OSM way/1232991951)","named":false,"source":"OpenStreetMap contributors","source_tags":{"layer":"-1","tunnel":"culvert","waterway":"ditch"},"retrieved_at":"2026-09-06T12:43:12.245Z","confidence":"openstreetmap_mapped_unverified","field_verified":false,"layer":"osm_waterway","waterway_type":"ditch","navigability":"unknown"}},{"type":"Feature","geometry":{"type":"LineString","coordinates":[[3.3421813,6.5786731],[3.341933,6.5785479],[3.3418161,6.5784912]]},"properties":{"osm_id":"way/1232991952","name":"Unnamed (OSM way/1232991952)","named":false,"source":"OpenStreetMap contributors","source_tags":{"waterway":"ditch"},"retrieved_at":"2026-09-06T12:43:12.245Z","confidence":"openstreetmap_mapped_unverified","field_verified":false,"layer":"osm_waterway","waterway_type":"ditch","navigability":"unknown"}},{"type":"Feature","geometry":{"type":"LineString","coordinates":[[3.3418161,6.5784912],[3.3416904,6.5784003]]},"properties":{"osm_id":"way/1232991953","name":"Unnamed (OSM way/1232991953)","named":false,"source":"OpenStreetMap contributors","source_tags":{"layer":"-1","tunnel":"culvert","waterway":"ditch"},"retrieved_at":"2026-09-06T12:43:12.245Z","confidence":"openstreetmap_mapped_unverified","field_verified":false,"layer":"osm_waterway","waterway_type":"ditch","navigability":"unknown"}},{"type":"Feature","geometry":{"type":"LineString","coordinates":[[3.3490269,6.5155206],[3.3486002,6.5155212],[3.348003,6.5156348],[3.347826,6.5156841],[3.347594,6.515812],[3.3473875,6.5159813],[3.3467786,6.5164037],[3.3463414,6.5166741],[3.3458881,6.5169116],[3.3456228,6.5169417]]},"properties":{"osm_id":"way/1265196807","name":"Unnamed (OSM way/1265196807)","named":false,"source":"OpenStreetMap contributors","source_tags":{"layer":"-1","tunnel":"culvert","waterway":"stream"},"retrieved_at":"2026-09-06T12:43:12.245Z","confidence":"openstreetmap_mapped_unverified","field_verified":false,"layer":"osm_waterway","waterway_type":"stream","navigability":"unknown"}},{"type":"Feature","geometry":{"type":"LineString","coordinates":[[3.355304,6.5157388],[3.3552136,6.5158502],[3.3551297,6.5159321],[3.3550814,6.515936],[3.3550358,6.515928],[3.3549852,6.5158717],[3.3547642,6.5155821],[3.3545198,6.5154658],[3.3539701,6.5153596],[3.3527411,6.5152731],[3.3518015,6.5153089],[3.3509293,6.5153438],[3.3497978,6.5154542],[3.3490269,6.5155206]]},"properties":{"osm_id":"way/1265196808","name":"Unnamed (OSM way/1265196808)","named":false,"source":"OpenStreetMap contributors","source_tags":{"waterway":"stream"},"retrieved_at":"2026-09-06T12:43:12.245Z","confidence":"openstreetmap_mapped_unverified","field_verified":false,"layer":"osm_waterway","waterway_type":"stream","navigability":"unknown"}},{"type":"Feature","geometry":{"type":"LineString","coordinates":[[3.3521916,6.5405861],[3.3521064,6.5406032],[3.3520082,6.5406229]]},"properties":{"osm_id":"way/1265502926","name":"Unnamed (OSM way/1265502926)","named":false,"source":"OpenStreetMap contributors","source_tags":{"layer":"-1","waterway":"drain"},"retrieved_at":"2026-09-06T12:43:12.245Z","confidence":"openstreetmap_mapped_unverified","field_verified":false,"layer":"osm_waterway","waterway_type":"drain","navigability":"unknown"}},{"type":"Feature","geometry":{"type":"LineString","coordinates":[[3.3527973,6.5403607],[3.3526392,6.5404416],[3.3524072,6.5404949],[3.3521916,6.5405861]]},"properties":{"osm_id":"way/1265502927","name":"Unnamed (OSM way/1265502927)","named":false,"source":"OpenStreetMap contributors","source_tags":{"waterway":"drain"},"retrieved_at":"2026-09-06T12:43:12.245Z","confidence":"openstreetmap_mapped_unverified","field_verified":false,"layer":"osm_waterway","waterway_type":"drain","navigability":"unknown"}},{"type":"Feature","geometry":{"type":"LineString","coordinates":[[3.347524,6.5414312],[3.3474213,6.5414801]]},"properties":{"osm_id":"way/1265502928","name":"Unnamed (OSM way/1265502928)","named":false,"source":"OpenStreetMap contributors","source_tags":{"layer":"-1","waterway":"drain"},"retrieved_at":"2026-09-06T12:43:12.245Z","confidence":"openstreetmap_mapped_unverified","field_verified":false,"layer":"osm_waterway","waterway_type":"drain","navigability":"unknown"}},{"type":"Feature","geometry":{"type":"LineString","coordinates":[[3.3520082,6.5406229],[3.3506691,6.5408027],[3.3499718,6.5410372],[3.3495212,6.5407068],[3.3492261,6.5406482],[3.3489016,6.5407014],[3.347524,6.5414312]]},"properties":{"osm_id":"way/1265502929","name":"Unnamed (OSM way/1265502929)","named":false,"source":"OpenStreetMap contributors","source_tags":{"waterway":"drain"},"retrieved_at":"2026-09-06T12:43:12.245Z","confidence":"openstreetmap_mapped_unverified","field_verified":false,"layer":"osm_waterway","waterway_type":"drain","navigability":"unknown"}},{"type":"Feature","geometry":{"type":"LineString","coordinates":[[3.2686713,6.478417],[3.2682529,6.4787022]]},"properties":{"osm_id":"way/1266395289","name":"Unnamed (OSM way/1266395289)","named":false,"source":"OpenStreetMap contributors","source_tags":{"waterway":"stream"},"retrieved_at":"2026-09-06T12:43:12.245Z","confidence":"openstreetmap_mapped_unverified","field_verified":false,"layer":"osm_waterway","waterway_type":"stream","navigability":"unknown"}},{"type":"Feature","geometry":{"type":"LineString","coordinates":[[3.2690361,6.4782225],[3.2686713,6.478417]]},"properties":{"osm_id":"way/1266395290","name":"Unnamed (OSM way/1266395290)","named":false,"source":"OpenStreetMap contributors","source_tags":{"layer":"-1","tunnel":"culvert","waterway":"stream"},"retrieved_at":"2026-09-06T12:43:12.245Z","confidence":"openstreetmap_mapped_unverified","field_verified":false,"layer":"osm_waterway","waterway_type":"stream","navigability":"unknown"}},{"type":"Feature","geometry":{"type":"LineString","coordinates":[[3.2700609,6.4778151],[3.2694384,6.4779826],[3.2690361,6.4782225]]},"properties":{"osm_id":"way/1266395291","name":"Unnamed (OSM way/1266395291)","named":false,"source":"OpenStreetMap contributors","source_tags":{"waterway":"stream"},"retrieved_at":"2026-09-06T12:43:12.245Z","confidence":"openstreetmap_mapped_unverified","field_verified":false,"layer":"osm_waterway","waterway_type":"stream","navigability":"unknown"}},{"type":"Feature","geometry":{"type":"LineString","coordinates":[[3.285698,6.4954173],[3.285706,6.4953133],[3.285757,6.49526],[3.2858294,6.4952174],[3.2859206,6.4951428],[3.2860494,6.4951455],[3.2862747,6.4950922],[3.2864034,6.4950389],[3.2865241,6.4948923],[3.2865375,6.4947217],[3.2866421,6.4945885],[3.2867253,6.4944605],[3.2868621,6.4944739],[3.2869559,6.4943833],[3.2871062,6.4943326],[3.2871652,6.4942314],[3.2871973,6.4939462],[3.2872564,6.493805],[3.2874656,6.4936531],[3.2883858,6.4931481],[3.2902266,6.4926518]]},"properties":{"osm_id":"way/1268386154","name":"Unnamed (OSM way/1268386154)","named":false,"source":"OpenStreetMap contributors","source_tags":{"water":"river","waterway":"stream"},"retrieved_at":"2026-09-06T12:43:12.245Z","confidence":"openstreetmap_mapped_unverified","field_verified":false,"layer":"osm_waterway","waterway_type":"stream","navigability":"unknown"}},{"type":"Feature","geometry":{"type":"LineString","coordinates":[[3.4861528,6.4452884],[3.4861391,6.4453998]]},"properties":{"osm_id":"way/1269288124","name":"Unnamed (OSM way/1269288124)","named":false,"source":"OpenStreetMap contributors","source_tags":{"layer":"-1","tunnel":"culvert","waterway":"ditch"},"retrieved_at":"2026-09-06T12:43:12.245Z","confidence":"openstreetmap_mapped_unverified","field_verified":false,"layer":"osm_waterway","waterway_type":"ditch","navigability":"unknown"}},{"type":"Feature","geometry":{"type":"LineString","coordinates":[[3.4861391,6.4453998],[3.4860886,6.4461769],[3.4860866,6.4466096],[3.4860882,6.4479499],[3.4860787,6.4482438]]},"properties":{"osm_id":"way/1269288125","name":"Unnamed (OSM way/1269288125)","named":false,"source":"OpenStreetMap contributors","source_tags":{"waterway":"ditch"},"retrieved_at":"2026-09-06T12:43:12.245Z","confidence":"openstreetmap_mapped_unverified","field_verified":false,"layer":"osm_waterway","waterway_type":"ditch","navigability":"unknown"}},{"type":"Feature","geometry":{"type":"LineString","coordinates":[[3.1980852,6.5733584],[3.1979692,6.57332],[3.1978571,6.5733084],[3.1978017,6.5732854],[3.1977386,6.5732201],[3.19768,6.5731766],[3.1976516,6.5731651],[3.1975814,6.5730518],[3.1975563,6.5730294],[3.1973926,6.5730384],[3.197276,6.5730377],[3.1972187,6.5730729],[3.197162,6.5730723],[3.1970396,6.5730403],[3.1970099,6.5730416],[3.1969732,6.5730217],[3.1969288,6.5729936],[3.1968882,6.5729936],[3.1968147,6.5730096],[3.1967574,6.5729347],[3.1967336,6.5729136],[3.1966872,6.5728764],[3.1966401,6.5728464],[3.196615,6.5727894],[3.1965957,6.5727126],[3.1965603,6.5726729],[3.1965023,6.5726499],[3.1964701,6.5725948],[3.1964437,6.5725526],[3.1963618,6.5725206],[3.1963219,6.5725027],[3.1962903,6.5724419]]},"properties":{"osm_id":"way/1270586764","name":"Unnamed (OSM way/1270586764)","named":false,"source":"OpenStreetMap contributors","source_tags":{"waterway":"river"},"retrieved_at":"2026-09-06T12:43:12.245Z","confidence":"openstreetmap_mapped_unverified","field_verified":false,"layer":"osm_waterway","waterway_type":"river","navigability":"unknown"}},{"type":"Feature","geometry":{"type":"LineString","coordinates":[[3.1982076,6.573256],[3.1980852,6.5733584],[3.1980655,6.5734483],[3.1980726,6.5735235],[3.1980549,6.5735616],[3.1980491,6.5736121],[3.1980717,6.5736457],[3.1980414,6.5737187],[3.1980237,6.5737577],[3.1980311,6.5737824],[3.1980237,6.5738275],[3.198032,6.5738688],[3.1980204,6.5738928],[3.1980143,6.5739744],[3.1979889,6.5740364],[3.1979876,6.5740976],[3.1979357,6.5741465],[3.1979193,6.5742012],[3.1978835,6.5742624],[3.1978661,6.5742937],[3.1978967,6.5743475],[3.1979404,6.5743686],[3.1979476,6.5744345],[3.1979357,6.574463],[3.1978835,6.5744694],[3.1978552,6.5744557],[3.1978062,6.5745341],[3.1977553,6.5745891],[3.1977238,6.5746128],[3.1976664,6.5746153],[3.19766,6.5746941],[3.1976903,6.5747024],[3.1976903,6.5747485],[3.1976793,6.5747894],[3.1976999,6.5748547],[3.1976812,6.5748835],[3.197698,6.5749065],[3.1976954,6.5749437],[3.1976928,6.575007],[3.1977238,6.5750096],[3.1977135,6.5751459],[3.1976845,6.5751683],[3.1976851,6.5752086],[3.1976523,6.5752445],[3.1976484,6.5752816]]},"properties":{"osm_id":"way/1270586765","name":"Unnamed (OSM way/1270586765)","named":false,"source":"OpenStreetMap contributors","source_tags":{"waterway":"river"},"retrieved_at":"2026-09-06T12:43:12.245Z","confidence":"openstreetmap_mapped_unverified","field_verified":false,"layer":"osm_waterway","waterway_type":"river","navigability":"unknown"}},{"type":"Feature","geometry":{"type":"LineString","coordinates":[[3.2038778,6.492768],[3.2038257,6.4915978],[3.2039729,6.4914098],[3.2041943,6.4913166],[3.2048722,6.4909038],[3.2054681,6.490366],[3.2064084,6.4894263],[3.2071941,6.4886302],[3.2074073,6.4884727],[3.2077244,6.4883369],[3.2079321,6.4881468],[3.2082656,6.4880545],[3.208621,6.4880708]]},"properties":{"osm_id":"way/1287372061","name":"Unnamed (OSM way/1287372061)","named":false,"source":"OpenStreetMap contributors","source_tags":{"waterway":"drain"},"retrieved_at":"2026-09-06T12:43:12.245Z","confidence":"openstreetmap_mapped_unverified","field_verified":false,"layer":"osm_waterway","waterway_type":"drain","navigability":"unknown"}},{"type":"Feature","geometry":{"type":"LineString","coordinates":[[3.2038778,6.4928695],[3.2038778,6.492768]]},"properties":{"osm_id":"way/1287372062","name":"Unnamed (OSM way/1287372062)","named":false,"source":"OpenStreetMap contributors","source_tags":{"layer":"-1","tunnel":"yes","waterway":"drain"},"retrieved_at":"2026-09-06T12:43:12.245Z","confidence":"openstreetmap_mapped_unverified","field_verified":false,"layer":"osm_waterway","waterway_type":"drain","navigability":"unknown"}},{"type":"Feature","geometry":{"type":"LineString","coordinates":[[3.4907716,6.4401437],[3.490773,6.4402489]]},"properties":{"osm_id":"way/1292979695","name":"Unnamed (OSM way/1292979695)","named":false,"source":"OpenStreetMap contributors","source_tags":{"layer":"-1","tunnel":"culvert","waterway":"drain"},"retrieved_at":"2026-09-06T12:43:12.245Z","confidence":"openstreetmap_mapped_unverified","field_verified":false,"layer":"osm_waterway","waterway_type":"drain","navigability":"unknown"}},{"type":"Feature","geometry":{"type":"LineString","coordinates":[[3.4907787,6.43946],[3.4907716,6.4401437]]},"properties":{"osm_id":"way/1292979696","name":"Unnamed (OSM way/1292979696)","named":false,"source":"OpenStreetMap contributors","source_tags":{"waterway":"drain"},"retrieved_at":"2026-09-06T12:43:12.245Z","confidence":"openstreetmap_mapped_unverified","field_verified":false,"layer":"osm_waterway","waterway_type":"drain","navigability":"unknown"}},{"type":"Feature","geometry":{"type":"LineString","coordinates":[[3.4907509,6.4423912],[3.4907503,6.4425011]]},"properties":{"osm_id":"way/1292979697","name":"Unnamed (OSM way/1292979697)","named":false,"source":"OpenStreetMap contributors","source_tags":{"waterway":"drain"},"retrieved_at":"2026-09-06T12:43:12.245Z","confidence":"openstreetmap_mapped_unverified","field_verified":false,"layer":"osm_waterway","waterway_type":"drain","navigability":"unknown"}},{"type":"Feature","geometry":{"type":"LineString","coordinates":[[3.4907522,6.4422992],[3.4907509,6.4423912]]},"properties":{"osm_id":"way/1292979698","name":"Unnamed (OSM way/1292979698)","named":false,"source":"OpenStreetMap contributors","source_tags":{"layer":"-1","tunnel":"culvert","waterway":"drain"},"retrieved_at":"2026-09-06T12:43:12.245Z","confidence":"openstreetmap_mapped_unverified","field_verified":false,"layer":"osm_waterway","waterway_type":"drain","navigability":"unknown"}},{"type":"Feature","geometry":{"type":"LineString","coordinates":[[3.34138,6.4404611],[3.3409469,6.440546],[3.3403434,6.4406405],[3.3398515,6.4406446],[3.3397647,6.4406035],[3.339682,6.4404556],[3.3396366,6.4402585],[3.3396035,6.4399997],[3.339496,6.4396218],[3.3392342,6.4388894],[3.3390381,6.4383103]]},"properties":{"osm_id":"way/1319734953","name":"Unnamed (OSM way/1319734953)","named":false,"source":"OpenStreetMap contributors","source_tags":{"waterway":"drain"},"retrieved_at":"2026-09-06T12:43:12.245Z","confidence":"openstreetmap_mapped_unverified","field_verified":false,"layer":"osm_waterway","waterway_type":"drain","navigability":"unknown"}},{"type":"Feature","geometry":{"type":"LineString","coordinates":[[3.3652689,6.5477457],[3.3652944,6.5478244],[3.3653414,6.5480686],[3.3653607,6.548208]]},"properties":{"osm_id":"way/1322492567","name":"haug huo","named":true,"source":"OpenStreetMap contributors","source_tags":{"name":"haug huo","waterway":"stream"},"retrieved_at":"2026-09-06T12:43:12.245Z","confidence":"openstreetmap_mapped_unverified","field_verified":false,"layer":"osm_waterway","waterway_type":"stream","navigability":"unknown"}},{"type":"Feature","geometry":{"type":"LineString","coordinates":[[3.3129569,6.4793848],[3.3126905,6.4794508],[3.311788,6.4789609],[3.3111979,6.4790142],[3.3107902,6.4792167],[3.310479,6.4794726],[3.310243,6.479835],[3.3100928,6.4802508],[3.3101035,6.4807838],[3.3102215,6.4813168],[3.3106049,6.4817971],[3.3109618,6.4819985]]},"properties":{"osm_id":"way/1327885592","name":"Unnamed (OSM way/1327885592)","named":false,"source":"OpenStreetMap contributors","source_tags":{"waterway":"stream"},"retrieved_at":"2026-09-06T12:43:12.245Z","confidence":"openstreetmap_mapped_unverified","field_verified":false,"layer":"osm_waterway","waterway_type":"stream","navigability":"unknown"}},{"type":"Feature","geometry":{"type":"LineString","coordinates":[[3.3130003,6.4794606],[3.3129569,6.4793848]]},"properties":{"osm_id":"way/1327885593","name":"Unnamed (OSM way/1327885593)","named":false,"source":"OpenStreetMap contributors","source_tags":{"layer":"-1","tunnel":"culvert","waterway":"stream"},"retrieved_at":"2026-09-06T12:43:12.245Z","confidence":"openstreetmap_mapped_unverified","field_verified":false,"layer":"osm_waterway","waterway_type":"stream","navigability":"unknown"}},{"type":"Feature","geometry":{"type":"LineString","coordinates":[[3.3643912,6.5084385],[3.3645029,6.5087424]]},"properties":{"osm_id":"way/1327905464","name":"Unnamed (OSM way/1327905464)","named":false,"source":"OpenStreetMap contributors","source_tags":{"waterway":"drain"},"retrieved_at":"2026-09-06T12:43:12.245Z","confidence":"openstreetmap_mapped_unverified","field_verified":false,"layer":"osm_waterway","waterway_type":"drain","navigability":"unknown"}},{"type":"Feature","geometry":{"type":"LineString","coordinates":[[3.3645029,6.5087424],[3.3645375,6.5088347]]},"properties":{"osm_id":"way/1327905465","name":"Unnamed (OSM way/1327905465)","named":false,"source":"OpenStreetMap contributors","source_tags":{"layer":"-1","tunnel":"culvert","waterway":"drain"},"retrieved_at":"2026-09-06T12:43:12.245Z","confidence":"openstreetmap_mapped_unverified","field_verified":false,"layer":"osm_waterway","waterway_type":"drain","navigability":"unknown"}},{"type":"Feature","geometry":{"type":"LineString","coordinates":[[3.2518538,6.5527374],[3.2518315,6.5526957]]},"properties":{"osm_id":"way/1327914072","name":"Unnamed (OSM way/1327914072)","named":false,"source":"OpenStreetMap contributors","source_tags":{"layer":"-1","tunnel":"culvert","waterway":"drain"},"retrieved_at":"2026-09-06T12:43:12.245Z","confidence":"openstreetmap_mapped_unverified","field_verified":false,"layer":"osm_waterway","waterway_type":"drain","navigability":"unknown"}},{"type":"Feature","geometry":{"type":"LineString","coordinates":[[3.2940927,6.6248087],[3.2937765,6.624537],[3.2937389,6.6243179],[3.2935816,6.623859],[3.2933921,6.6231296],[3.2933444,6.622425],[3.2932794,6.6220716],[3.2931835,6.6218454],[3.2928351,6.6213019],[3.2919887,6.6201725],[3.2914331,6.6195614],[3.29001,6.6183278],[3.2894215,6.6176547],[3.2890536,6.6174893],[3.2886897,6.6172547],[3.2882715,6.6169124],[3.2874274,6.6165162],[3.2864284,6.6161931],[3.285441,6.6159431],[3.2845581,6.6159277],[3.2838031,6.6159931],[3.2832494,6.6159739],[3.2828351,6.6160085],[3.2826415,6.6160931],[3.2822155,6.6164739],[3.2815495,6.6166701],[3.2808874,6.616697],[3.2800201,6.6166278],[3.2795322,6.6164739],[3.2793579,6.6164355],[3.2787307,6.6164124],[3.2779756,6.6162229],[3.2770432,6.6162746],[3.276173,6.6164516],[3.2755841,6.616654],[3.2753389,6.6168002],[3.2751848,6.6168709]]},"properties":{"osm_id":"way/1327914466","name":"Unnamed (OSM way/1327914466)","named":false,"source":"OpenStreetMap contributors","source_tags":{"waterway":"river"},"retrieved_at":"2026-09-06T12:43:12.245Z","confidence":"openstreetmap_mapped_unverified","field_verified":false,"layer":"osm_waterway","waterway_type":"river","navigability":"unknown"}},{"type":"Feature","geometry":{"type":"LineString","coordinates":[[3.2751848,6.6168709],[3.2750937,6.6169127]]},"properties":{"osm_id":"way/1327914467","name":"Unnamed (OSM way/1327914467)","named":false,"source":"OpenStreetMap contributors","source_tags":{"layer":"-1","tunnel":"culvert","waterway":"river"},"retrieved_at":"2026-09-06T12:43:12.245Z","confidence":"openstreetmap_mapped_unverified","field_verified":false,"layer":"osm_waterway","waterway_type":"river","navigability":"unknown"}},{"type":"Feature","geometry":{"type":"LineString","coordinates":[[3.3699778,6.4346562],[3.3699936,6.4346321]]},"properties":{"osm_id":"way/1327918322","name":"Unnamed (OSM way/1327918322)","named":false,"source":"OpenStreetMap contributors","source_tags":{"waterway":"stream"},"retrieved_at":"2026-09-06T12:43:12.245Z","confidence":"openstreetmap_mapped_unverified","field_verified":false,"layer":"osm_waterway","waterway_type":"stream","navigability":"unknown"}},{"type":"Feature","geometry":{"type":"LineString","coordinates":[[3.1770229,6.4704244],[3.1765991,6.4702991],[3.1758642,6.4700939],[3.1751856,6.4698647],[3.1746921,6.4697634],[3.1741959,6.4697661],[3.1739502,6.469794]]},"properties":{"osm_id":"way/1330584576","name":"Unnamed (OSM way/1330584576)","named":false,"source":"OpenStreetMap contributors","source_tags":{"waterway":"drain"},"retrieved_at":"2026-09-06T12:43:12.245Z","confidence":"openstreetmap_mapped_unverified","field_verified":false,"layer":"osm_waterway","waterway_type":"drain","navigability":"unknown"}},{"type":"Feature","geometry":{"type":"LineString","coordinates":[[3.1739502,6.469794],[3.1738498,6.4698054]]},"properties":{"osm_id":"way/1330584577","name":"Unnamed (OSM way/1330584577)","named":false,"source":"OpenStreetMap contributors","source_tags":{"layer":"-1","tunnel":"culvert","waterway":"drain"},"retrieved_at":"2026-09-06T12:43:12.245Z","confidence":"openstreetmap_mapped_unverified","field_verified":false,"layer":"osm_waterway","waterway_type":"drain","navigability":"unknown"}},{"type":"Feature","geometry":{"type":"LineString","coordinates":[[3.3149084,6.4773614],[3.3145429,6.4777414],[3.3143412,6.4780546],[3.3140133,6.4784305],[3.3136739,6.4788356],[3.3131538,6.4795195],[3.3132281,6.4800141]]},"properties":{"osm_id":"way/1340911090","name":"Unnamed (OSM way/1340911090)","named":false,"source":"OpenStreetMap contributors","source_tags":{"waterway":"stream"},"retrieved_at":"2026-09-06T12:43:12.245Z","confidence":"openstreetmap_mapped_unverified","field_verified":false,"layer":"osm_waterway","waterway_type":"stream","navigability":"unknown"}},{"type":"Feature","geometry":{"type":"LineString","coordinates":[[3.4187268,6.4279059],[3.418747,6.4286915]]},"properties":{"osm_id":"way/1364220869","name":"Unnamed (OSM way/1364220869)","named":false,"source":"OpenStreetMap contributors","source_tags":{"waterway":"drain"},"retrieved_at":"2026-09-06T12:43:12.245Z","confidence":"openstreetmap_mapped_unverified","field_verified":false,"layer":"osm_waterway","waterway_type":"drain","navigability":"unknown"}},{"type":"Feature","geometry":{"type":"LineString","coordinates":[[3.4187255,6.4277946],[3.4187268,6.4279059]]},"properties":{"osm_id":"way/1364220870","name":"Unnamed (OSM way/1364220870)","named":false,"source":"OpenStreetMap contributors","source_tags":{"layer":"-1","tunnel":"culvert","waterway":"drain"},"retrieved_at":"2026-09-06T12:43:12.245Z","confidence":"openstreetmap_mapped_unverified","field_verified":false,"layer":"osm_waterway","waterway_type":"drain","navigability":"unknown"}},{"type":"Feature","geometry":{"type":"LineString","coordinates":[[3.418747,6.4287861],[3.4187496,6.4290353]]},"properties":{"osm_id":"way/1364220871","name":"Unnamed (OSM way/1364220871)","named":false,"source":"OpenStreetMap contributors","source_tags":{"waterway":"drain"},"retrieved_at":"2026-09-06T12:43:12.245Z","confidence":"openstreetmap_mapped_unverified","field_verified":false,"layer":"osm_waterway","waterway_type":"drain","navigability":"unknown"}},{"type":"Feature","geometry":{"type":"LineString","coordinates":[[3.418747,6.4286915],[3.418747,6.4287861]]},"properties":{"osm_id":"way/1364220872","name":"Unnamed (OSM way/1364220872)","named":false,"source":"OpenStreetMap contributors","source_tags":{"layer":"-1","tunnel":"culvert","waterway":"drain"},"retrieved_at":"2026-09-06T12:43:12.245Z","confidence":"openstreetmap_mapped_unverified","field_verified":false,"layer":"osm_waterway","waterway_type":"drain","navigability":"unknown"}},{"type":"Feature","geometry":{"type":"LineString","coordinates":[[3.4187503,6.4291279],[3.4187597,6.4296257]]},"properties":{"osm_id":"way/1364220873","name":"Unnamed (OSM way/1364220873)","named":false,"source":"OpenStreetMap contributors","source_tags":{"waterway":"drain"},"retrieved_at":"2026-09-06T12:43:12.245Z","confidence":"openstreetmap_mapped_unverified","field_verified":false,"layer":"osm_waterway","waterway_type":"drain","navigability":"unknown"}},{"type":"Feature","geometry":{"type":"LineString","coordinates":[[3.4187496,6.4290353],[3.4187503,6.4291279]]},"properties":{"osm_id":"way/1364220874","name":"Unnamed (OSM way/1364220874)","named":false,"source":"OpenStreetMap contributors","source_tags":{"layer":"-1","tunnel":"culvert","waterway":"drain"},"retrieved_at":"2026-09-06T12:43:12.245Z","confidence":"openstreetmap_mapped_unverified","field_verified":false,"layer":"osm_waterway","waterway_type":"drain","navigability":"unknown"}},{"type":"Feature","geometry":{"type":"LineString","coordinates":[[3.4187584,6.429701],[3.4187545,6.4300486]]},"properties":{"osm_id":"way/1364220875","name":"Unnamed (OSM way/1364220875)","named":false,"source":"OpenStreetMap contributors","source_tags":{"waterway":"drain"},"retrieved_at":"2026-09-06T12:43:12.245Z","confidence":"openstreetmap_mapped_unverified","field_verified":false,"layer":"osm_waterway","waterway_type":"drain","navigability":"unknown"}},{"type":"Feature","geometry":{"type":"LineString","coordinates":[[3.4187597,6.4296257],[3.4187584,6.429701]]},"properties":{"osm_id":"way/1364220876","name":"Unnamed (OSM way/1364220876)","named":false,"source":"OpenStreetMap contributors","source_tags":{"layer":"-1","tunnel":"culvert","waterway":"drain"},"retrieved_at":"2026-09-06T12:43:12.245Z","confidence":"openstreetmap_mapped_unverified","field_verified":false,"layer":"osm_waterway","waterway_type":"drain","navigability":"unknown"}},{"type":"Feature","geometry":{"type":"LineString","coordinates":[[3.2347619,6.5372363],[3.234711,6.5371986]]},"properties":{"osm_id":"way/1364443746","name":"Unnamed (OSM way/1364443746)","named":false,"source":"OpenStreetMap contributors","source_tags":{"layer":"-1","tunnel":"yes","waterway":"drain"},"retrieved_at":"2026-09-06T12:43:12.245Z","confidence":"openstreetmap_mapped_unverified","field_verified":false,"layer":"osm_waterway","waterway_type":"drain","navigability":"unknown"}},{"type":"Feature","geometry":{"type":"LineString","coordinates":[[3.2418042,6.5430479],[3.2415752,6.5429064],[3.2412957,6.5427699],[3.2410304,6.5426052],[3.2408504,6.5423463],[3.2406087,6.5421016],[3.2402203,6.5418239],[3.2398744,6.5414332],[3.2395191,6.5409814],[3.2390833,6.5404307],[3.2386711,6.53996],[3.2384743,6.5396597],[3.2381203,6.5394252],[3.2377287,6.5393559],[3.2372727,6.5393186],[3.2368972,6.53918],[3.2365861,6.5387643],[3.2362105,6.5383806],[3.2357599,6.5381301],[3.2352074,6.5377144],[3.2347619,6.5372363]]},"properties":{"osm_id":"way/1364443747","name":"Unnamed (OSM way/1364443747)","named":false,"source":"OpenStreetMap contributors","source_tags":{"waterway":"drain"},"retrieved_at":"2026-09-06T12:43:12.245Z","confidence":"openstreetmap_mapped_unverified","field_verified":false,"layer":"osm_waterway","waterway_type":"drain","navigability":"unknown"}},{"type":"Feature","geometry":{"type":"LineString","coordinates":[[3.4255193,6.4247266],[3.4268054,6.4246903]]},"properties":{"osm_id":"way/1364680263","name":"Unnamed (OSM way/1364680263)","named":false,"source":"OpenStreetMap contributors","source_tags":{"waterway":"drain"},"retrieved_at":"2026-09-06T12:43:12.245Z","confidence":"openstreetmap_mapped_unverified","field_verified":false,"layer":"osm_waterway","waterway_type":"drain","navigability":"unknown"}},{"type":"Feature","geometry":{"type":"LineString","coordinates":[[3.4247662,6.4247476],[3.4255193,6.4247266]]},"properties":{"osm_id":"way/1364680264","name":"Unnamed (OSM way/1364680264)","named":false,"source":"OpenStreetMap contributors","source_tags":{"layer":"-1","tunnel":"culvert","waterway":"drain"},"retrieved_at":"2026-09-06T12:43:12.245Z","confidence":"openstreetmap_mapped_unverified","field_verified":false,"layer":"osm_waterway","waterway_type":"drain","navigability":"unknown"}},{"type":"Feature","geometry":{"type":"LineString","coordinates":[[3.2736468,6.5908487],[3.2737476,6.5910913]]},"properties":{"osm_id":"way/1365253635","name":"Unnamed (OSM way/1365253635)","named":false,"source":"OpenStreetMap contributors","source_tags":{"waterway":"drain"},"retrieved_at":"2026-09-06T12:43:12.245Z","confidence":"openstreetmap_mapped_unverified","field_verified":false,"layer":"osm_waterway","waterway_type":"drain","navigability":"unknown"}},{"type":"Feature","geometry":{"type":"LineString","coordinates":[[3.2733216,6.5901742],[3.2735392,6.5904859],[3.2735894,6.5906604],[3.2736468,6.5908487]]},"properties":{"osm_id":"way/1365253636","name":"Unnamed (OSM way/1365253636)","named":false,"source":"OpenStreetMap contributors","source_tags":{"waterway":"drain"},"retrieved_at":"2026-09-06T12:43:12.245Z","confidence":"openstreetmap_mapped_unverified","field_verified":false,"layer":"osm_waterway","waterway_type":"drain","navigability":"unknown"}},{"type":"Feature","geometry":{"type":"LineString","coordinates":[[3.2402721,6.6559838],[3.2399654,6.6547031],[3.2397672,6.6537929],[3.2397509,6.6537081],[3.2397881,6.6532754],[3.2396951,6.6529542],[3.2394737,6.652402],[3.2393347,6.6519214],[3.2392164,6.6515226],[3.2392884,6.651226],[3.2394175,6.650827],[3.2397147,6.650497],[3.2398838,6.6502481],[3.2399129,6.6499586],[3.2399187,6.6495996],[3.2398572,6.6491626],[3.2398017,6.6489298],[3.2396613,6.6486074],[3.2395555,6.6478894],[3.23926,6.6467377],[3.2391202,6.6459839],[3.2390481,6.6452991],[3.2388879,6.6449224],[3.2383382,6.6426657],[3.2393194,6.6395478],[3.2395832,6.637428],[3.2393199,6.6353338],[3.2391322,6.6348729],[3.239049,6.634665],[3.2392147,6.6334077],[3.2393807,6.6326684],[3.239218,6.6318169],[3.2392839,6.6312023],[3.2389712,6.630245],[3.2389659,6.6296429],[3.2388226,6.6291171],[3.2392973,6.6278545],[3.2397277,6.6267007],[3.2406456,6.6260224],[3.2406663,6.625112],[3.2405895,6.6246986],[3.2399135,6.6243367],[3.2396471,6.6239253],[3.2394402,6.6234442],[3.2392614,6.6230522],[3.2393222,6.6224565],[3.2393422,6.6220974],[3.2391657,6.6209963],[3.2391181,6.6205372],[3.2390705,6.6195988],[3.239004,6.6187229],[3.2391169,6.6175764],[3.239174,6.6169708],[3.2391072,6.61638],[3.2397912,6.61628],[3.2403373,6.6164579],[3.2408099,6.6164755]]},"properties":{"osm_id":"way/1366037345","name":"Unnamed (OSM way/1366037345)","named":false,"source":"OpenStreetMap contributors","source_tags":{"surface":"unpaved","waterway":"stream"},"retrieved_at":"2026-09-06T12:43:12.245Z","confidence":"openstreetmap_mapped_unverified","field_verified":false,"layer":"osm_waterway","waterway_type":"stream","navigability":"unknown"}},{"type":"Feature","geometry":{"type":"LineString","coordinates":[[3.5005201,6.4358565],[3.5006113,6.4358712]]},"properties":{"osm_id":"way/1387112305","name":"Unnamed (OSM way/1387112305)","named":false,"source":"OpenStreetMap contributors","source_tags":{"layer":"-1","tunnel":"culvert","waterway":"ditch"},"retrieved_at":"2026-09-06T12:43:12.245Z","confidence":"openstreetmap_mapped_unverified","field_verified":false,"layer":"osm_waterway","waterway_type":"ditch","navigability":"unknown"}},{"type":"Feature","geometry":{"type":"LineString","coordinates":[[3.5006113,6.4358712],[3.5009962,6.4359112]]},"properties":{"osm_id":"way/1387112306","name":"Unnamed (OSM way/1387112306)","named":false,"source":"OpenStreetMap contributors","source_tags":{"waterway":"ditch"},"retrieved_at":"2026-09-06T12:43:12.245Z","confidence":"openstreetmap_mapped_unverified","field_verified":false,"layer":"osm_waterway","waterway_type":"ditch","navigability":"unknown"}},{"type":"Feature","geometry":{"type":"LineString","coordinates":[[3.5009962,6.4359112],[3.5010807,6.4359192]]},"properties":{"osm_id":"way/1387112307","name":"Unnamed (OSM way/1387112307)","named":false,"source":"OpenStreetMap contributors","source_tags":{"layer":"-1","tunnel":"culvert","waterway":"ditch"},"retrieved_at":"2026-09-06T12:43:12.245Z","confidence":"openstreetmap_mapped_unverified","field_verified":false,"layer":"osm_waterway","waterway_type":"ditch","navigability":"unknown"}},{"type":"Feature","geometry":{"type":"LineString","coordinates":[[3.5010807,6.4359192],[3.5013997,6.4359736],[3.5016846,6.4360422],[3.502019,6.4360797]]},"properties":{"osm_id":"way/1387112308","name":"Unnamed (OSM way/1387112308)","named":false,"source":"OpenStreetMap contributors","source_tags":{"waterway":"ditch"},"retrieved_at":"2026-09-06T12:43:12.245Z","confidence":"openstreetmap_mapped_unverified","field_verified":false,"layer":"osm_waterway","waterway_type":"ditch","navigability":"unknown"}},{"type":"Feature","geometry":{"type":"LineString","coordinates":[[3.9439384,6.5641084],[3.9438552,6.5627861],[3.9437443,6.5620791],[3.9433561,6.5610323],[3.9429956,6.5603528],[3.9427183,6.55971],[3.9423116,6.5588193],[3.9420898,6.5582316],[3.9414982,6.5570103]]},"properties":{"osm_id":"way/1429044312","name":"Unnamed (OSM way/1429044312)","named":false,"source":"OpenStreetMap contributors","source_tags":{"waterway":"drain"},"retrieved_at":"2026-09-06T12:43:12.245Z","confidence":"openstreetmap_mapped_unverified","field_verified":false,"layer":"osm_waterway","waterway_type":"drain","navigability":"unknown"}},{"type":"Feature","geometry":{"type":"LineString","coordinates":[[3.4314828,6.4361051],[3.431484,6.4360318]]},"properties":{"osm_id":"way/1460726766","name":"Unnamed (OSM way/1460726766)","named":false,"source":"OpenStreetMap contributors","source_tags":{"layer":"-1","tunnel":"culvert","waterway":"drain"},"retrieved_at":"2026-09-06T12:43:12.245Z","confidence":"openstreetmap_mapped_unverified","field_verified":false,"layer":"osm_waterway","waterway_type":"drain","navigability":"unknown"}},{"type":"Feature","geometry":{"type":"LineString","coordinates":[[3.4314739,6.436306],[3.4314828,6.4361051]]},"properties":{"osm_id":"way/1460726767","name":"Unnamed (OSM way/1460726767)","named":false,"source":"OpenStreetMap contributors","source_tags":{"waterway":"drain"},"retrieved_at":"2026-09-06T12:43:12.245Z","confidence":"openstreetmap_mapped_unverified","field_verified":false,"layer":"osm_waterway","waterway_type":"drain","navigability":"unknown"}},{"type":"Feature","geometry":{"type":"LineString","coordinates":[[4.1930963,6.4052828],[4.1925597,6.4043778],[4.1920068,6.4027779],[4.1916815,6.4018891],[4.1904782,6.4018568],[4.1894374,6.4007902],[4.1884617,6.4001761],[4.1879088,6.4002084],[4.1880226,6.3995782],[4.1876974,6.3990934],[4.1864452,6.3985762],[4.1857297,6.3972026],[4.1851931,6.3955703],[4.1855996,6.393421],[4.1857362,6.3927006]]},"properties":{"osm_id":"way/1482807124","name":"Unnamed (OSM way/1482807124)","named":false,"source":"OpenStreetMap contributors","source_tags":{"waterway":"stream"},"retrieved_at":"2026-09-06T12:43:12.245Z","confidence":"openstreetmap_mapped_unverified","field_verified":false,"layer":"osm_waterway","waterway_type":"stream","navigability":"unknown"}},{"type":"Feature","geometry":{"type":"LineString","coordinates":[[4.2098461,6.404394],[4.2102201,6.4040223],[4.2100087,6.4035698],[4.2107567,6.4034405],[4.2110332,6.4026163],[4.2104803,6.4016306],[4.2104477,6.4008872],[4.209407,6.4003862],[4.2083012,6.3999499],[4.2069352,6.3997721],[4.2061709,6.3990449],[4.2055204,6.3982853],[4.2054879,6.3970248],[4.2054879,6.3965561],[4.204561,6.3961844],[4.2036178,6.3953279],[4.2034877,6.3940997],[4.2035039,6.3922897],[4.2040484,6.390067]]},"properties":{"osm_id":"way/1482807125","name":"Unnamed (OSM way/1482807125)","named":false,"source":"OpenStreetMap contributors","source_tags":{"waterway":"stream"},"retrieved_at":"2026-09-06T12:43:12.245Z","confidence":"openstreetmap_mapped_unverified","field_verified":false,"layer":"osm_waterway","waterway_type":"stream","navigability":"unknown"}},{"type":"Feature","geometry":{"type":"LineString","coordinates":[[4.2226503,6.4010795],[4.2220806,6.4004762],[4.2220339,6.3997244],[4.2214455,6.3991211],[4.2209131,6.3988055],[4.2202593,6.3983043],[4.218849,6.3980258],[4.2177188,6.3978123],[4.2171491,6.3971069],[4.2166167,6.3966428],[4.2163272,6.3960488],[4.2158975,6.3956404],[4.2147954,6.3948421],[4.213329,6.3939511],[4.2122363,6.3931343],[4.2116572,6.392336],[4.2113116,6.3907488],[4.2114898,6.3890759]]},"properties":{"osm_id":"way/1482807126","name":"Unnamed (OSM way/1482807126)","named":false,"source":"OpenStreetMap contributors","source_tags":{"waterway":"stream"},"retrieved_at":"2026-09-06T12:43:12.245Z","confidence":"openstreetmap_mapped_unverified","field_verified":false,"layer":"osm_waterway","waterway_type":"stream","navigability":"unknown"}},{"type":"Feature","geometry":{"type":"LineString","coordinates":[[4.2321432,6.400613],[4.2316749,6.3997312],[4.2308738,6.3987392],[4.2299372,6.3975022],[4.229247,6.3966816],[4.2284336,6.3966938],[4.2271765,6.396057],[4.2256607,6.3956283],[4.2238926,6.3949907],[4.2230144,6.3941018],[4.2214533,6.39331],[4.2200547,6.3925666],[4.2196319,6.3910475],[4.2197946,6.3901424],[4.2205426,6.3895122],[4.2213232,6.389189],[4.2217135,6.3889142],[4.2220577,6.3876294]]},"properties":{"osm_id":"way/1482807127","name":"Unnamed (OSM way/1482807127)","named":false,"source":"OpenStreetMap contributors","source_tags":{"waterway":"stream"},"retrieved_at":"2026-09-06T12:43:12.245Z","confidence":"openstreetmap_mapped_unverified","field_verified":false,"layer":"osm_waterway","waterway_type":"stream","navigability":"unknown"}},{"type":"Feature","geometry":{"type":"LineString","coordinates":[[4.1519546,6.4126361],[4.1512251,6.4114419],[4.1501522,6.4101625],[4.1507959,6.4097361],[4.1521478,6.409203],[4.1530061,6.4077743],[4.1528344,6.4069],[4.1531777,6.4063669],[4.1523623,6.405386],[4.1528344,6.4026139],[4.1534271,6.3986709]]},"properties":{"osm_id":"way/1482807128","name":"Unnamed (OSM way/1482807128)","named":false,"source":"OpenStreetMap contributors","source_tags":{"waterway":"stream"},"retrieved_at":"2026-09-06T12:43:12.245Z","confidence":"openstreetmap_mapped_unverified","field_verified":false,"layer":"osm_waterway","waterway_type":"stream","navigability":"unknown"}},{"type":"Feature","geometry":{"type":"LineString","coordinates":[[4.1565282,6.4072197],[4.1558982,6.4069243],[4.1554664,6.4063404],[4.1549072,6.4061505],[4.1542348,6.4062279],[4.1537275,6.4062552],[4.1531777,6.4063669]]},"properties":{"osm_id":"way/1482807129","name":"Unnamed (OSM way/1482807129)","named":false,"source":"OpenStreetMap contributors","source_tags":{"waterway":"stream"},"retrieved_at":"2026-09-06T12:43:12.245Z","confidence":"openstreetmap_mapped_unverified","field_verified":false,"layer":"osm_waterway","waterway_type":"stream","navigability":"unknown"}}]}
