{"type":"FeatureCollection","features":[{"type":"Feature","geometry":{"type":"Point","coordinates":[3.3353271,6.4328981]},"properties":{"osm_id":"node/1693429425","name":"Tin Can Island Jetty","named":true,"source":"OpenStreetMap contributors","source_tags":{"amenity":"ferry_terminal","ferry":"yes","name":"Tin Can Island Jetty","public_transport":"station"},"retrieved_at":"2026-09-06T12:43:12.245Z","confidence":"openstreetmap_mapped_unverified","field_verified":false,"layer":"osm_marine_access","access_kind":"ferry_terminal","official_status":"unknown","navigability":"unknown"}},{"type":"Feature","geometry":{"type":"Point","coordinates":[3.3348663,6.4275549]},"properties":{"osm_id":"node/1931521270","name":"Snake Island","named":true,"source":"OpenStreetMap contributors","source_tags":{"amenity":"ferry_terminal","ferry":"yes","name":"Snake Island","public_transport":"station"},"retrieved_at":"2026-09-06T12:43:12.245Z","confidence":"openstreetmap_mapped_unverified","field_verified":false,"layer":"osm_marine_access","access_kind":"ferry_terminal","official_status":"unknown","navigability":"unknown"}},{"type":"Feature","geometry":{"type":"Point","coordinates":[3.3492876,6.422177]},"properties":{"osm_id":"node/5608986816","name":"Ilutuntun","named":true,"source":"OpenStreetMap contributors","source_tags":{"admin_level":"6","admin_name":"Amuwo_Odofin","amenity":"ferry_terminal","amenity:note":"this location is a ferry landing with active commercial ferry activity; however, the facility is less developed and lacks well-engineered structures.","boat:rental":"false","cargo":"passengers","ferry_stop_id":"78","name":"Ilutuntun","notes":"admin_level 6 represents local government areas","operational_status":"operational","operator":"private","public_transport":"stop_position","source":"survey","source:name":"stears open data","survey:date":"2025-02-22"},"retrieved_at":"2026-09-06T12:43:12.245Z","confidence":"openstreetmap_mapped_unverified","field_verified":false,"layer":"osm_marine_access","access_kind":"ferry_terminal","official_status":"unknown","navigability":"unknown"}},{"type":"Feature","geometry":{"type":"Point","coordinates":[3.6152347,6.5121953]},"properties":{"osm_id":"node/6274161420","name":"Badore Ferry Terminal","named":true,"source":"OpenStreetMap contributors","source_tags":{"admin_level":"6","admin_name":"eti osa","amenity":"ferry_terminal","boat_rental":"true","cargo":"passengers","ferry":"yes","ferry_stop_id":"200","name":"Badore Ferry Terminal","notes":"admin_level 6 represents local government areas","operational_status":"operational","operator":"public","operator_name":"lagos state waterways authority (laswa)","public_transport":"station","source":"survey","source:name":"public tech studio","source_date":"2026-04-21"},"retrieved_at":"2026-09-06T12:43:12.245Z","confidence":"openstreetmap_mapped_unverified","field_verified":false,"layer":"osm_marine_access","access_kind":"ferry_terminal","official_status":"unknown","navigability":"unknown"}},{"type":"Feature","geometry":{"type":"Point","coordinates":[3.5893558,6.5631532]},"properties":{"osm_id":"node/6274179100","name":"Unnamed (OSM node/6274179100)","named":false,"source":"OpenStreetMap contributors","source_tags":{"amenity":"ferry_terminal","ferry":"yes","public_transport":"station"},"retrieved_at":"2026-09-06T12:43:12.245Z","confidence":"openstreetmap_mapped_unverified","field_verified":false,"layer":"osm_marine_access","access_kind":"ferry_terminal","official_status":"unknown","navigability":"unknown"}},{"type":"Feature","geometry":{"type":"Point","coordinates":[3.5529637,6.5360487]},"properties":{"osm_id":"node/6274197913","name":"Bayeku Ferry Terminal","named":true,"source":"OpenStreetMap contributors","source_tags":{"amenity":"ferry_terminal","ferry":"yes","name":"Bayeku Ferry Terminal","public_transport":"station"},"retrieved_at":"2026-09-06T12:43:12.245Z","confidence":"openstreetmap_mapped_unverified","field_verified":false,"layer":"osm_marine_access","access_kind":"ferry_terminal","official_status":"unknown","navigability":"unknown"}},{"type":"Feature","geometry":{"type":"Point","coordinates":[3.3898032,6.449149]},"properties":{"osm_id":"node/6274484744","name":"Marina/CMS Ferry Terminal","named":true,"source":"OpenStreetMap contributors","source_tags":{"amenity":"ferry_terminal","ferry":"yes","name":"Marina/CMS Ferry Terminal","public_transport":"station"},"retrieved_at":"2026-09-06T12:43:12.245Z","confidence":"openstreetmap_mapped_unverified","field_verified":false,"layer":"osm_marine_access","access_kind":"ferry_terminal","official_status":"unknown","navigability":"unknown"}},{"type":"Feature","geometry":{"type":"Point","coordinates":[3.2055279,6.4529056]},"properties":{"osm_id":"node/6274563687","name":"Ebute Ojo/Sifax Ferry Terminal","named":true,"source":"OpenStreetMap contributors","source_tags":{"admin_level":"6","admin_name":"Ojo","amenity":"ferry_terminal","amenity:note":"this location is a ferry terminal with active commercial ferry activity.","boat:rental":"false","cargo":"passengers","ferry":"yes","ferry_stop_id":"9","name":"Ebute Ojo/Sifax Ferry Terminal","notes":"admin_level 6 represents local government areas","operational_status":"operational","operator":"public","operator:name":"Lagos State Waterways Authority (LASWA)","public_transport":"stop_position","source":"survey","source:name":"stears open data","survey:date":"2025-02-22"},"retrieved_at":"2026-09-06T12:43:12.245Z","confidence":"openstreetmap_mapped_unverified","field_verified":false,"layer":"osm_marine_access","access_kind":"ferry_terminal","official_status":"unknown","navigability":"unknown"}},{"type":"Feature","geometry":{"type":"Point","coordinates":[3.4000365,6.5283141]},"properties":{"osm_id":"node/6274678046","name":"Ilaje Waterfront Jetty Terminal Bariga","named":true,"source":"OpenStreetMap contributors","source_tags":{"amenity":"ferry_terminal","ferry":"yes","name":"Ilaje Waterfront Jetty Terminal Bariga","public_transport":"station"},"retrieved_at":"2026-09-06T12:43:12.245Z","confidence":"openstreetmap_mapped_unverified","field_verified":false,"layer":"osm_marine_access","access_kind":"ferry_terminal","official_status":"unknown","navigability":"unknown"}},{"type":"Feature","geometry":{"type":"Point","coordinates":[3.4419567,6.4367766]},"properties":{"osm_id":"node/6274815661","name":"Addax Jetty","named":true,"source":"OpenStreetMap contributors","source_tags":{"admin_level":"6","admin_name":"eti osa","amenity":"ferry_terminal","boat_rental":"true","cargo":"passengers","description":"addax/sandfill/maroko (victoria island)","ferry":"yes","ferry_stop_id":"7","name":"Addax Jetty","notes":"admin_level 6 represents local government areas","operational_status":"operational","operator":"private","operator_name":"private","public_transport":"station","source":"survey","source:name":"public tech studio","source_date":"2026-04-21"},"retrieved_at":"2026-09-06T12:43:12.245Z","confidence":"openstreetmap_mapped_unverified","field_verified":false,"layer":"osm_marine_access","access_kind":"ferry_terminal","official_status":"unknown","navigability":"unknown"}},{"type":"Feature","geometry":{"type":"Point","coordinates":[3.007838,6.4136127]},"properties":{"osm_id":"node/6274968417","name":"Iworo Ajido Jetty","named":true,"source":"OpenStreetMap contributors","source_tags":{"amenity":"ferry_terminal","ferry":"yes","name":"Iworo Ajido Jetty","public_transport":"station"},"retrieved_at":"2026-09-06T12:43:12.245Z","confidence":"openstreetmap_mapped_unverified","field_verified":false,"layer":"osm_marine_access","access_kind":"ferry_terminal","official_status":"unknown","navigability":"unknown"}},{"type":"Feature","geometry":{"type":"Point","coordinates":[3.3591741,6.4390651]},"properties":{"osm_id":"node/6275791741","name":"Apapa Liverpool Jetty","named":true,"source":"OpenStreetMap contributors","source_tags":{"amenity":"ferry_terminal","ferry":"yes","name":"Apapa Liverpool Jetty","public_transport":"station"},"retrieved_at":"2026-09-06T12:43:12.245Z","confidence":"openstreetmap_mapped_unverified","field_verified":false,"layer":"osm_marine_access","access_kind":"ferry_terminal","official_status":"unknown","navigability":"unknown"}},{"type":"Feature","geometry":{"type":"Point","coordinates":[3.4072016,6.5479311]},"properties":{"osm_id":"node/6275791800","name":"Oworonsoki Jetty","named":true,"source":"OpenStreetMap contributors","source_tags":{"amenity":"ferry_terminal","ferry":"yes","name":"Oworonsoki Jetty","public_transport":"station"},"retrieved_at":"2026-09-06T12:43:12.245Z","confidence":"openstreetmap_mapped_unverified","field_verified":false,"layer":"osm_marine_access","access_kind":"ferry_terminal","official_status":"unknown","navigability":"unknown"}},{"type":"Feature","geometry":{"type":"Point","coordinates":[3.3350936,6.4334868]},"properties":{"osm_id":"node/6275791838","name":"Tin Can Island","named":true,"source":"OpenStreetMap contributors","source_tags":{"amenity":"ferry_terminal","ferry":"yes","name":"Tin Can Island","public_transport":"station"},"retrieved_at":"2026-09-06T12:43:12.245Z","confidence":"openstreetmap_mapped_unverified","field_verified":false,"layer":"osm_marine_access","access_kind":"ferry_terminal","official_status":"unknown","navigability":"unknown"}},{"type":"Feature","geometry":{"type":"Point","coordinates":[3.3345224,6.4274708]},"properties":{"osm_id":"node/6275791856","name":"igbologun/snake island","named":true,"source":"OpenStreetMap contributors","source_tags":{"admin_level":"6","admin_name":"Amuwo_Odofin","amenity":"ferry_terminal","amenity:note":"this location is a ferry landing with active commercial ferry activity; however, the facility is less developed and lacks well-engineered structures.","boat:rental":"false","cargo":"passengers","ferry":"yes","ferry_stop_id":"67","name":"igbologun/snake island","notes":"admin_level 6 represents local government areas","operational_status":"operational","operator":"private","public_transport":"stop_position","source":"survey","source:name":"stears open data","survey:date":"2025-02-22"},"retrieved_at":"2026-09-06T12:43:12.245Z","confidence":"openstreetmap_mapped_unverified","field_verified":false,"layer":"osm_marine_access","access_kind":"ferry_terminal","official_status":"unknown","navigability":"unknown"}},{"type":"Feature","geometry":{"type":"Point","coordinates":[3.1438995,6.4493808]},"properties":{"osm_id":"node/6275791888","name":"Etegbin Jetty","named":true,"source":"OpenStreetMap contributors","source_tags":{"amenity":"ferry_terminal","ferry":"yes","name":"Etegbin Jetty","public_transport":"station"},"retrieved_at":"2026-09-06T12:43:12.245Z","confidence":"openstreetmap_mapped_unverified","field_verified":false,"layer":"osm_marine_access","access_kind":"ferry_terminal","official_status":"unknown","navigability":"unknown"}},{"type":"Feature","geometry":{"type":"Point","coordinates":[3.6004257,6.5596115]},"properties":{"osm_id":"node/6275791912","name":"Ijede Ferry terminal","named":true,"source":"OpenStreetMap contributors","source_tags":{"amenity":"ferry_terminal","ferry":"yes","name":"Ijede Ferry terminal","public_transport":"station"},"retrieved_at":"2026-09-06T12:43:12.245Z","confidence":"openstreetmap_mapped_unverified","field_verified":false,"layer":"osm_marine_access","access_kind":"ferry_terminal","official_status":"unknown","navigability":"unknown"}},{"type":"Feature","geometry":{"type":"Point","coordinates":[3.3749228,6.4477053]},"properties":{"osm_id":"node/6288815547","name":"flour mills (apapa)","named":true,"source":"OpenStreetMap contributors","source_tags":{"admin_level":"6","admin_name":"apapa","amenity":"ferry_terminal","boat_rental":"true","cargo":"passengers","ferry":"yes","ferry_stop_id":"5","name":"flour mills (apapa)","notes":"admin_level 6 represents local government areas","operational_status":"operational","operator":"private","operator_name":"private","public_transport":"stop_position","source":"survey","source:name":"public tech studio","source_date":"2026-04-21"},"retrieved_at":"2026-09-06T12:43:12.245Z","confidence":"openstreetmap_mapped_unverified","field_verified":false,"layer":"osm_marine_access","access_kind":"ferry_terminal","official_status":"unknown","navigability":"unknown"}},{"type":"Feature","geometry":{"type":"Point","coordinates":[3.4076895,6.5824363]},"properties":{"osm_id":"node/6650429120","name":"Unnamed (OSM node/6650429120)","named":false,"source":"OpenStreetMap contributors","source_tags":{"amenity":"ferry_terminal","ferry":"yes","public_transport":"stop_position"},"retrieved_at":"2026-09-06T12:43:12.245Z","confidence":"openstreetmap_mapped_unverified","field_verified":false,"layer":"osm_marine_access","access_kind":"ferry_terminal","official_status":"unknown","navigability":"unknown"}},{"type":"Feature","geometry":{"type":"Point","coordinates":[3.4080514,6.5823956]},"properties":{"osm_id":"node/7373636137","name":"Unnamed (OSM node/7373636137)","named":false,"source":"OpenStreetMap contributors","source_tags":{"amenity":"ferry_terminal","ferry":"yes","public_transport":"stop_position"},"retrieved_at":"2026-09-06T12:43:12.245Z","confidence":"openstreetmap_mapped_unverified","field_verified":false,"layer":"osm_marine_access","access_kind":"ferry_terminal","official_status":"unknown","navigability":"unknown"}},{"type":"Feature","geometry":{"type":"Point","coordinates":[3.4109586,6.5779141]},"properties":{"osm_id":"node/9199486279","name":"Unnamed (OSM node/9199486279)","named":false,"source":"OpenStreetMap contributors","source_tags":{"amenity":"ferry_terminal","ferry":"yes","public_transport":"stop_position"},"retrieved_at":"2026-09-06T12:43:12.245Z","confidence":"openstreetmap_mapped_unverified","field_verified":false,"layer":"osm_marine_access","access_kind":"ferry_terminal","official_status":"unknown","navigability":"unknown"}},{"type":"Feature","geometry":{"type":"Point","coordinates":[3.4081182,6.5806821]},"properties":{"osm_id":"node/9202448060","name":"Unnamed (OSM node/9202448060)","named":false,"source":"OpenStreetMap contributors","source_tags":{"amenity":"ferry_terminal","ferry":"yes","public_transport":"stop_position"},"retrieved_at":"2026-09-06T12:43:12.245Z","confidence":"openstreetmap_mapped_unverified","field_verified":false,"layer":"osm_marine_access","access_kind":"ferry_terminal","official_status":"unknown","navigability":"unknown"}},{"type":"Feature","geometry":{"type":"Point","coordinates":[3.4123068,6.5808405]},"properties":{"osm_id":"node/9202448061","name":"Unnamed (OSM node/9202448061)","named":false,"source":"OpenStreetMap contributors","source_tags":{"amenity":"ferry_terminal","ferry":"yes","public_transport":"stop_position"},"retrieved_at":"2026-09-06T12:43:12.245Z","confidence":"openstreetmap_mapped_unverified","field_verified":false,"layer":"osm_marine_access","access_kind":"ferry_terminal","official_status":"unknown","navigability":"unknown"}},{"type":"Feature","geometry":{"type":"Point","coordinates":[3.4081789,6.5824294]},"properties":{"osm_id":"node/9202454634","name":"agboyi 3","named":true,"source":"OpenStreetMap contributors","source_tags":{"admin_level":"6","admin_name":"kosofe","amenity":"ferry_terminal","boat_rental":"false","cargo":"passengers","ferry_stop_id":"20","name":"agboyi 3","notes":"admin_level 6 represents local government areas","operational_status":"operational","operator":"private","operator_name":"private","public_transport":"stop_position","source":"survey","source:name":"public tech studio","source_date":"2026-04-21"},"retrieved_at":"2026-09-06T12:43:12.245Z","confidence":"openstreetmap_mapped_unverified","field_verified":false,"layer":"osm_marine_access","access_kind":"ferry_terminal","official_status":"unknown","navigability":"unknown"}},{"type":"Feature","geometry":{"type":"Point","coordinates":[3.2165277,6.4076367]},"properties":{"osm_id":"node/11761389011","name":"Mikano","named":true,"source":"OpenStreetMap contributors","source_tags":{"admin_level":"6","admin_name":"Amuwo_Odofin","amenity":"ferry_terminal","amenity:note":"this location is a ferry landing with active commercial ferry activity.","boat:rental":"false","cargo":"passengers","ferry_stop_id":"100","name":"Mikano","notes":"admin_level 6 represents local government areas","operational_status":"operational","operator":"private","public_transport":"stop_position","source":"survey","source:name":"stears open data","survey:date":"2025-02-22"},"retrieved_at":"2026-09-06T12:43:12.245Z","confidence":"openstreetmap_mapped_unverified","field_verified":false,"layer":"osm_marine_access","access_kind":"ferry_terminal","official_status":"unknown","navigability":"unknown"}},{"type":"Feature","geometry":{"type":"Point","coordinates":[3.3699936,6.4346321]},"properties":{"osm_id":"node/12285854990","name":"Allens Unit/Alex Apapa","named":true,"source":"OpenStreetMap contributors","source_tags":{"admin_level":"6","admin_name":"Apapa","amenity":"ferry_terminal","amenity:note":"this location is a ferry landing with active commercial ferry activity; however, the facility is less developed and lacks well-engineered structures.","boat:rental":"true","cargo":"passengers","ferry_stop_id":"27","name":"Allens Unit/Alex Apapa","notes":"admin_level 6 represents local government areas","operational_status":"operational","operator":"private","public_transport":"stop_position","source":"survey","source:name":"stears open data","survey:date":"2025-02-22"},"retrieved_at":"2026-09-06T12:43:12.245Z","confidence":"openstreetmap_mapped_unverified","field_verified":false,"layer":"osm_marine_access","access_kind":"ferry_terminal","official_status":"unknown","navigability":"unknown"}},{"type":"Feature","geometry":{"type":"Point","coordinates":[3.2807528,6.4302244]},"properties":{"osm_id":"node/12814049767","name":"Imore Jetty","named":true,"source":"OpenStreetMap contributors","source_tags":{"admin_level":"6","admin_name":"Amuwo_Odofin","amenity":"ferry_terminal","amenity:note":"this location is a ferry jetty with active commercial ferry activity.","boat:rental":"false","cargo":"passengers","ferry_stop_id":"138","name":"Imore Jetty","notes":"admin_level 6 represents local government areas","operational_status":"operational","operator":"private","public_transport":"stop_position","source":"survey","source:name":"stears open data","survey:date":"2025-02-22"},"retrieved_at":"2026-09-06T12:43:12.245Z","confidence":"openstreetmap_mapped_unverified","field_verified":false,"layer":"osm_marine_access","access_kind":"ferry_terminal","official_status":"unknown","navigability":"unknown"}},{"type":"Feature","geometry":{"type":"Point","coordinates":[3.4357618,6.4891958]},"properties":{"osm_id":"node/12814049769","name":"Kirikiri","named":true,"source":"OpenStreetMap contributors","source_tags":{"admin_level":"6","admin_name":"Amuwo_Odofin","amenity":"ferry_terminal","amenity:note":"this location is a ferry jetty with active commercial ferry activity.","boat:rental":"false","cargo":"passengers","ferry_stop_id":"136","name":"Kirikiri","notes":"admin_level 6 represents local government areas","operational_status":"operational","operator":"private","public_transport":"stop_position","source":"survey","source:name":"stears open data","survey:date":"2025-02-22"},"retrieved_at":"2026-09-06T12:43:12.245Z","confidence":"openstreetmap_mapped_unverified","field_verified":false,"layer":"osm_marine_access","access_kind":"ferry_terminal","official_status":"unknown","navigability":"unknown"}},{"type":"Feature","geometry":{"type":"Point","coordinates":[3.4245956,6.4392275]},"properties":{"osm_id":"node/12814049771","name":"Fiki Marine (VI)","named":true,"source":"OpenStreetMap contributors","source_tags":{"admin_level":"6","admin_name":"Eti_Osa","amenity":"ferry_terminal","amenity:note":"this location is a ferry terminal with active commercial ferry activity.","boat:rental":"true","cargo":"passengers","ferry_stop_id":"134","name":"Fiki Marine (VI)","notes":"admin_level 6 represents local government areas","operational_status":"operational","operator":"private","public_transport":"stop_position","source":"survey","source:name":"stears open data","survey:date":"2025-02-22"},"retrieved_at":"2026-09-06T12:43:12.245Z","confidence":"openstreetmap_mapped_unverified","field_verified":false,"layer":"osm_marine_access","access_kind":"ferry_terminal","official_status":"unknown","navigability":"unknown"}},{"type":"Feature","geometry":{"type":"Point","coordinates":[3.4253303,6.4395559]},"properties":{"osm_id":"node/12814049788","name":"Law School (VI)","named":true,"source":"OpenStreetMap contributors","source_tags":{"admin_level":"6","admin_name":"Eti_Osa","amenity":"ferry_terminal","amenity:note":"this location is a ferry landing with active commercial ferry activity.","boat:rental":"false","cargo":"passengers","ferry_stop_id":"111","name":"Law School (VI)","notes":"admin_level 6 represents local government areas","operational_status":"operational","operator":"private","public_transport":"stop_position","source":"survey","source:name":"stears open data","survey:date":"2025-02-22"},"retrieved_at":"2026-09-06T12:43:12.245Z","confidence":"openstreetmap_mapped_unverified","field_verified":false,"layer":"osm_marine_access","access_kind":"ferry_terminal","official_status":"unknown","navigability":"unknown"}},{"type":"Feature","geometry":{"type":"Point","coordinates":[3.1415476,6.4473649]},"properties":{"osm_id":"node/12814049794","name":"Egan Landing","named":true,"source":"OpenStreetMap contributors","source_tags":{"admin_level":"6","admin_name":"Ojo","amenity":"ferry_terminal","amenity:note":"this location is a ferry landing with active commercial ferry activity; however, the facility is less developed and lacks well-engineered structures.","boat:rental":"false","cargo":"passengers","ferry_stop_id":"105","name":"Egan Landing","notes":"admin_level 6 represents local government areas","operational_status":"operational","operator":"private","public_transport":"stop_position","source":"survey","source:name":"stears open data","survey:date":"2025-02-22"},"retrieved_at":"2026-09-06T12:43:12.245Z","confidence":"openstreetmap_mapped_unverified","field_verified":false,"layer":"osm_marine_access","access_kind":"ferry_terminal","official_status":"unknown","navigability":"unknown"}},{"type":"Feature","geometry":{"type":"Point","coordinates":[3.2524696,6.4119709]},"properties":{"osm_id":"node/12814049800","name":"Police","named":true,"source":"OpenStreetMap contributors","source_tags":{"admin_level":"6","admin_name":"Amuwo_Odofin","amenity":"ferry_terminal","amenity:note":"this location is a ferry jetty with active commercial ferry activity.","boat:rental":"false","cargo":"passengers","ferry":"yes","ferry_stop_id":"95","name":"Police","notes":"admin_level 6 represents local government areas","operational_status":"operational","operator":"private","public_transport":"station","source":"survey","source:name":"stears open data","survey:date":"2025-02-22"},"retrieved_at":"2026-09-06T12:43:12.245Z","confidence":"openstreetmap_mapped_unverified","field_verified":false,"layer":"osm_marine_access","access_kind":"ferry_terminal","official_status":"unknown","navigability":"unknown"}},{"type":"Feature","geometry":{"type":"Point","coordinates":[3.6361125,6.5713252]},"properties":{"osm_id":"node/12814051312","name":"Gberigbe","named":true,"source":"OpenStreetMap contributors","source_tags":{"admin_level":"6","admin_name":"Ikorodu","amenity":"ferry_terminal","amenity:note":"this location is a ferry landing with active commercial ferry activity; however, the facility is less developed and lacks well-engineered structures.","boat:rental":"false","cargo":"passengers","ferry_stop_id":"58","name":"Gberigbe","notes":"admin_level 6 represents local government areas","operational_status":"operational","operator":"private","public_transport":"stop_position","source":"survey","source:name":"stears open data","survey:date":"2025-02-22"},"retrieved_at":"2026-09-06T12:43:12.245Z","confidence":"openstreetmap_mapped_unverified","field_verified":false,"layer":"osm_marine_access","access_kind":"ferry_terminal","official_status":"unknown","navigability":"unknown"}},{"type":"Feature","geometry":{"type":"Point","coordinates":[3.6001959,6.5602161]},"properties":{"osm_id":"node/12814051313","name":"Egbin","named":true,"source":"OpenStreetMap contributors","source_tags":{"admin_level":"6","admin_name":"Ikorodu","amenity":"ferry_terminal","amenity:note":"this location is a ferry landing with active commercial ferry activity; however, the facility is less developed and lacks well-engineered structures.","boat:rental":"false","cargo":"passengers","ferry_stop_id":"81","name":"Egbin","notes":"admin_level 6 represents local government areas","operational_status":"operational","operator":"private","public_transport":"stop_position","source":"survey","source:name":"stears open data","survey:date":"2025-02-22"},"retrieved_at":"2026-09-06T12:43:12.245Z","confidence":"openstreetmap_mapped_unverified","field_verified":false,"layer":"osm_marine_access","access_kind":"ferry_terminal","official_status":"unknown","navigability":"unknown"}},{"type":"Feature","geometry":{"type":"Point","coordinates":[3.4096251,6.5796715]},"properties":{"osm_id":"node/12814051315","name":"Olookan Stop","named":true,"source":"OpenStreetMap contributors","source_tags":{"admin_level":"6","admin_name":"Kosofe","amenity":"ferry_terminal","amenity:note":"this location is a ferry landing with active commercial ferry activity; however, the facility is less developed and lacks well-engineered structures.","boat:rental":"false","cargo":"passengers","ferry_stop_id":"78","name":"Olookan Stop","notes":"admin_level 6 represents local government areas","operational_status":"operational","operator":"private","public_transport":"stop_position","source":"survey","source:name":"stears open data","survey:date":"2025-02-22"},"retrieved_at":"2026-09-06T12:43:12.245Z","confidence":"openstreetmap_mapped_unverified","field_verified":false,"layer":"osm_marine_access","access_kind":"ferry_terminal","official_status":"unknown","navigability":"unknown"}},{"type":"Feature","geometry":{"type":"Point","coordinates":[3.5790296,6.4906331]},"properties":{"osm_id":"node/12814051317","name":"Oke Ira Nla (Ajah)","named":true,"source":"OpenStreetMap contributors","source_tags":{"admin_level":"6","admin_name":"Eti_Osa","amenity":"ferry_terminal","amenity:note":"this location is a ferry jetty with active commercial ferry activity.","boat:rental":"false","cargo":"passengers","ferry":"yes","ferry_stop_id":"109","name":"Oke Ira Nla (Ajah)","notes":"admin_level 6 represents local government areas","operational_status":"operational","operator":"private","public_transport":"station","source":"survey","source:name":"stears open data","survey:date":"2025-02-22"},"retrieved_at":"2026-09-06T12:43:12.245Z","confidence":"openstreetmap_mapped_unverified","field_verified":false,"layer":"osm_marine_access","access_kind":"ferry_terminal","official_status":"unknown","navigability":"unknown"}},{"type":"Feature","geometry":{"type":"Point","coordinates":[3.4041996,6.4405074]},"properties":{"osm_id":"node/12814051318","name":"Port/Checkpoint","named":true,"source":"OpenStreetMap contributors","source_tags":{"admin_level":"6","admin_name":"Lagos Island","amenity":"ferry_terminal","amenity:note":"this location is a ferry landing with active commercial ferry activity.","boat:rental":"true","cargo":"passengers","ferry":"yes","ferry_stop_id":"73","name":"Port/Checkpoint","notes":"admin_level 6 represents local government areas","operational_status":"operational","operator":"private","public_transport":"station","source":"survey","source:name":"stears open data","survey:date":"2025-02-22"},"retrieved_at":"2026-09-06T12:43:12.245Z","confidence":"openstreetmap_mapped_unverified","field_verified":false,"layer":"osm_marine_access","access_kind":"ferry_terminal","official_status":"unknown","navigability":"unknown"}},{"type":"Feature","geometry":{"type":"Point","coordinates":[3.4108125,6.5798309]},"properties":{"osm_id":"node/12814051325","name":"Agboyi 3/Oko Agbon","named":true,"source":"OpenStreetMap contributors","source_tags":{"admin_level":"6","admin_name":"Kosofe","amenity":"ferry_terminal","amenity:note":"this location is a ferry landing with active commercial ferry activity; however, the facility is less developed and lacks well-engineered structures.","boat:rental":"false","cargo":"passengers","ferry_stop_id":"66","name":"Agboyi 3/Oko Agbon","notes":"admin_level 6 represents local government areas","operational_status":"operational","operator":"private","public_transport":"stop_position","source":"survey","source:name":"stears open data","survey:date":"2025-02-22"},"retrieved_at":"2026-09-06T12:43:12.245Z","confidence":"openstreetmap_mapped_unverified","field_verified":false,"layer":"osm_marine_access","access_kind":"ferry_terminal","official_status":"unknown","navigability":"unknown"}},{"type":"Feature","geometry":{"type":"Point","coordinates":[3.1439265,6.4494166]},"properties":{"osm_id":"node/12814051330","name":"Etegbin","named":true,"source":"OpenStreetMap contributors","source_tags":{"admin_level":"6","admin_name":"Ojo","amenity":"ferry_terminal","amenity:note":"this location is a ferry landing with active commercial ferry activity; however, the facility is less developed and lacks well-engineered structures.","boat:rental":"false","cargo":"passengers","ferry_stop_id":"59","name":"Etegbin","notes":"admin_level 6 represents local government areas","operational_status":"operational","operator":"public","operator:name":"Lagos State Waterways Authority (LASWA)","public_transport":"stop_position","source":"survey","source:name":"stears open data","survey:date":"2025-02-22"},"retrieved_at":"2026-09-06T12:43:12.245Z","confidence":"openstreetmap_mapped_unverified","field_verified":false,"layer":"osm_marine_access","access_kind":"ferry_terminal","official_status":"unknown","navigability":"unknown"}},{"type":"Feature","geometry":{"type":"Point","coordinates":[3.5890471,6.5632172]},"properties":{"osm_id":"node/12814051341","name":"Ijede","named":true,"source":"OpenStreetMap contributors","source_tags":{"admin_level":"6","admin_name":"Ikorodu","amenity":"ferry_terminal","amenity:note":"this location is a ferry jetty with active commercial ferry activity.","boat:rental":"false","cargo":"passengers","ferry_stop_id":"30","name":"Ijede","notes":"admin_level 6 represents local government areas","operational_status":"operational","operator":"public","operator:name":"Lagos State Waterways Authority (LASWA)","public_transport":"stop_position","source":"survey","source:name":"stears open data","survey:date":"2025-02-22"},"retrieved_at":"2026-09-06T12:43:12.245Z","confidence":"openstreetmap_mapped_unverified","field_verified":false,"layer":"osm_marine_access","access_kind":"ferry_terminal","official_status":"unknown","navigability":"unknown"}},{"type":"Feature","geometry":{"type":"Point","coordinates":[3.4861459,6.6017281]},"properties":{"osm_id":"node/12814051343","name":"Ikorodu Terminal","named":true,"source":"OpenStreetMap contributors","source_tags":{"admin_level":"6","admin_name":"Ikorodu","amenity":"ferry_terminal","amenity:note":"this location is a ferry terminal with active commercial ferry activity.","boat:rental":"true","cargo":"passengers","ferry":"yes","ferry_stop_id":"3","name":"Ikorodu Terminal","notes":"admin_level 6 represents local government areas","operational_status":"operational","operator":"public","operator:name":"Lagos State Waterways Authority (LASWA)","public_transport":"station","source":"survey","source:name":"stears open data","survey:date":"2025-02-22"},"retrieved_at":"2026-09-06T12:43:12.245Z","confidence":"openstreetmap_mapped_unverified","field_verified":false,"layer":"osm_marine_access","access_kind":"ferry_terminal","official_status":"unknown","navigability":"unknown"}},{"type":"Feature","geometry":{"type":"Point","coordinates":[3.553069,6.536139]},"properties":{"osm_id":"node/12814051344","name":"Baiyeku","named":true,"source":"OpenStreetMap contributors","source_tags":{"admin_level":"6","admin_name":"Ikorodu","amenity":"ferry_terminal","amenity:note":"this location is a ferry jetty with active commercial ferry activity.","boat:rental":"false","cargo":"passengers","ferry_stop_id":"19","name":"Baiyeku","notes":"admin_level 6 represents local government areas","operational_status":"operational","operator":"public","operator:name":"Lagos State Waterways Authority (LASWA)","public_transport":"stop_position","source":"survey","source:name":"stears open data","survey:date":"2025-02-22"},"retrieved_at":"2026-09-06T12:43:12.245Z","confidence":"openstreetmap_mapped_unverified","field_verified":false,"layer":"osm_marine_access","access_kind":"ferry_terminal","official_status":"unknown","navigability":"unknown"}},{"type":"Feature","geometry":{"type":"Point","coordinates":[3.3897778,6.4494976]},"properties":{"osm_id":"node/12814051346","name":"Marina/CMS","named":true,"source":"OpenStreetMap contributors","source_tags":{"admin_level":"6","admin_name":"Lagos Island","amenity":"ferry_terminal","amenity:note":"this location is a ferry jetty with active commercial ferry activity.","boat:rental":"true","cargo":"passengers","ferry_stop_id":"17","name":"Marina/CMS","notes":"admin_level 6 represents local government areas","operational_status":"operational","operator":"public","operator:name":"Lagos State Waterways Authority (LASWA)","public_transport":"stop_position","source":"survey","source:name":"stears open data","survey:date":"2025-02-22"},"retrieved_at":"2026-09-06T12:43:12.245Z","confidence":"openstreetmap_mapped_unverified","field_verified":false,"layer":"osm_marine_access","access_kind":"ferry_terminal","official_status":"unknown","navigability":"unknown"}},{"type":"Feature","geometry":{"type":"Point","coordinates":[3.5008848,6.5393678]},"properties":{"osm_id":"node/12814051351","name":"Offin, Ikorodu","named":true,"source":"OpenStreetMap contributors","source_tags":{"admin_level":"6","admin_name":"Ikorodu","amenity":"ferry_terminal","amenity:note":"this location is a ferry jetty with active commercial ferry activity.","boat:rental":"false","cargo":"passengers","ferry":"yes","ferry_stop_id":"14","name":"Offin, Ikorodu","notes":"admin_level 6 represents local government areas","operational_status":"operational","operator":"public","operator:name":"Lagos State Waterways Authority (LASWA)","public_transport":"station","source":"survey","source:name":"stears open data","survey:date":"2025-02-22"},"retrieved_at":"2026-09-06T12:43:12.245Z","confidence":"openstreetmap_mapped_unverified","field_verified":false,"layer":"osm_marine_access","access_kind":"ferry_terminal","official_status":"unknown","navigability":"unknown"}},{"type":"Feature","geometry":{"type":"Point","coordinates":[3.2622631,6.4257939]},"properties":{"osm_id":"node/12814687041","name":"second rainbow landing","named":true,"source":"OpenStreetMap contributors","source_tags":{"admin_level":"6","admin_name":"Amuwo_Odofin","amenity":"ferry_terminal","amenity:note":"this location is a ferry landing with active commercial ferry activity; however, the facility is less developed and lacks well-engineered structures.","boat:rental":"true","cargo":"passengers","ferry":"yes","ferry_stop_id":"125","name":"second rainbow landing","notes":"admin_level 6 represents local government areas","operational_status":"operational","operator":"private","public_transport":"station","source":"survey","source:name":"stears open data","survey:date":"2025-02-22"},"retrieved_at":"2026-09-06T12:43:12.245Z","confidence":"openstreetmap_mapped_unverified","field_verified":false,"layer":"osm_marine_access","access_kind":"ferry_terminal","official_status":"unknown","navigability":"unknown"}},{"type":"Feature","geometry":{"type":"Point","coordinates":[3.2587021,6.4278627]},"properties":{"osm_id":"node/12814687042","name":"Ijegun Egba","named":true,"source":"OpenStreetMap contributors","source_tags":{"admin_level":"6","admin_name":"Amuwo_Odofin","amenity":"ferry_terminal","amenity:note":"this location is a ferry jetty with active commercial ferry activity.","boat:rental":"false","cargo":"passengers","ferry":"yes","ferry_stop_id":"70","name":"Ijegun Egba","notes":"admin_level 6 represents local government areas","operational_status":"operational","operator":"public","operator:name":"Lagos State Waterways Authority (LASWA)","public_transport":"station","source":"survey","source:name":"stears open data","survey:date":"2025-02-22"},"retrieved_at":"2026-09-06T12:43:12.245Z","confidence":"openstreetmap_mapped_unverified","field_verified":false,"layer":"osm_marine_access","access_kind":"ferry_terminal","official_status":"unknown","navigability":"unknown"}},{"type":"Feature","geometry":{"type":"Point","coordinates":[3.4593349,6.4477684]},"properties":{"osm_id":"node/12814687055","name":"Alluvia Marine/Afisco (Lekki 1)","named":true,"source":"OpenStreetMap contributors","source_tags":{"admin_level":"6","admin_name":"Eti_Osa","amenity":"ferry_terminal","amenity:note":"this location is a ferry jetty with active commercial ferry activity.","boat:rental":"true","cargo":"passengers","ferry":"yes","ferry_stop_id":"68","name":"Alluvia Marine/Afisco (Lekki 1)","notes":"admin_level 6 represents local government areas","operational_status":"operational","operator":"private","public_transport":"station","source":"survey","source:name":"stears open data","survey:date":"2025-02-22"},"retrieved_at":"2026-09-06T12:43:12.245Z","confidence":"openstreetmap_mapped_unverified","field_verified":false,"layer":"osm_marine_access","access_kind":"ferry_terminal","official_status":"unknown","navigability":"unknown"}},{"type":"Feature","geometry":{"type":"Point","coordinates":[3.3824785,6.4627403]},"properties":{"osm_id":"node/12814705879","name":"Ebute Ero","named":true,"source":"OpenStreetMap contributors","source_tags":{"admin_level":"6","admin_name":"Lagos Island","amenity":"ferry_terminal","amenity:note":"this location is a ferry landing with active commercial ferry activity.","boat:rental":"false","cargo":"passengers","ferry":"yes","ferry_stop_id":"1","name":"Ebute Ero","notes":"admin_level 6 represents local government areas","operational_status":"operational","operator":"public","operator:name":"Lagos State Waterways Authority (LASWA)","public_transport":"station","source":"survey","source:name":"stears open data","survey:date":"2025-02-22"},"retrieved_at":"2026-09-06T12:43:12.245Z","confidence":"openstreetmap_mapped_unverified","field_verified":false,"layer":"osm_marine_access","access_kind":"ferry_terminal","official_status":"unknown","navigability":"unknown"}},{"type":"Feature","geometry":{"type":"Point","coordinates":[3.3592549,6.4276603]},"properties":{"osm_id":"node/12814706436","name":"itu agan/itun agan","named":true,"source":"OpenStreetMap contributors","source_tags":{"admin_level":"6","admin_name":"Amuwo_Odofin","amenity":"ferry_terminal","amenity:note":"this location is a ferry landing with active commercial ferry activity; however, the facility is less developed and lacks well-engineered structures.","boat:rental":"true","cargo":"passengers","ferry":"yes","ferry_stop_id":"85","name":"itu agan/itun agan","notes":"admin_level 6 represents local government areas","operational_status":"operational","operator":"private","public_transport":"station","source":"survey","source:name":"stears open data","survey:date":"2025-02-22"},"retrieved_at":"2026-09-06T12:43:12.245Z","confidence":"openstreetmap_mapped_unverified","field_verified":false,"layer":"osm_marine_access","access_kind":"ferry_terminal","official_status":"unknown","navigability":"unknown"}},{"type":"Feature","geometry":{"type":"Point","coordinates":[3.3591748,6.4390664]},"properties":{"osm_id":"node/12814706438","name":"Liverpool (Apapa)","named":true,"source":"OpenStreetMap contributors","source_tags":{"admin_level":"6","admin_name":"Apapa","amenity":"ferry_terminal","amenity:note":"this location is a ferry jetty with active commercial ferry activity.","boat:rental":"true","cargo":"passengers","ferry":"yes","ferry_stop_id":"10","name":"Liverpool (Apapa)","notes":"admin_level 6 represents local government areas","operational_status":"operational","operator":"public","operator:name":"Lagos State Waterways Authority (LASWA)","public_transport":"station","source":"survey","source:name":"stears open data","survey:date":"2025-02-22"},"retrieved_at":"2026-09-06T12:43:12.245Z","confidence":"openstreetmap_mapped_unverified","field_verified":false,"layer":"osm_marine_access","access_kind":"ferry_terminal","official_status":"unknown","navigability":"unknown"}},{"type":"Feature","geometry":{"type":"Point","coordinates":[3.2943095,6.4745902]},"properties":{"osm_id":"node/12814706439","name":"Capital Oil","named":true,"source":"OpenStreetMap contributors","source_tags":{"admin_level":"6","admin_name":"Amuwo_Odofin","amenity":"ferry_terminal","amenity:note":"this location is a ferry jetty with active commercial ferry activity; however, the facility is less developed and lacks well-engineered structures.","boat:rental":"true","cargo":"passengers","ferry":"yes","ferry_stop_id":"133","name":"Capital Oil","notes":"admin_level 6 represents local government areas","operational_status":"operational","operator":"private","public_transport":"station","source":"survey","source:name":"stears open data","survey:date":"2025-02-22"},"retrieved_at":"2026-09-06T12:43:12.245Z","confidence":"openstreetmap_mapped_unverified","field_verified":false,"layer":"osm_marine_access","access_kind":"ferry_terminal","official_status":"unknown","navigability":"unknown"}},{"type":"Feature","geometry":{"type":"Point","coordinates":[3.4048651,6.4359713]},"properties":{"osm_id":"node/12814706460","name":"Bonny Camp (VI)","named":true,"source":"OpenStreetMap contributors","source_tags":{"admin_level":"6","admin_name":"Eti_Osa","amenity":"ferry_terminal","amenity:note":"this location is a ferry jetty with active commercial ferry activity.","boat:rental":"false","cargo":"passengers","ferry":"yes","ferry_stop_id":"104","name":"Bonny Camp (VI)","notes":"admin_level 6 represents local government areas","operational_status":"operational","operator":"private","public_transport":"station","source":"survey","source:name":"stears open data","survey:date":"2025-02-22"},"retrieved_at":"2026-09-06T12:43:12.245Z","confidence":"openstreetmap_mapped_unverified","field_verified":false,"layer":"osm_marine_access","access_kind":"ferry_terminal","official_status":"unknown","navigability":"unknown"}},{"type":"Feature","geometry":{"type":"Point","coordinates":[3.204243,6.4531681]},"properties":{"osm_id":"node/12814706466","name":"Ojo Market waterside","named":true,"source":"OpenStreetMap contributors","source_tags":{"admin_level":"6","admin_name":"Ojo","amenity":"ferry_terminal","amenity:note":"this location is a ferry landing with active commercial ferry activity.","boat:rental":"true","cargo":"passengers","ferry_stop_id":"107","name":"Ojo Market waterside","notes":"admin_level 6 represents local government areas","operational_status":"operational","operator":"private","public_transport":"stop_position","source":"survey","source:name":"stears open data","survey:date":"2025-02-22"},"retrieved_at":"2026-09-06T12:43:12.245Z","confidence":"openstreetmap_mapped_unverified","field_verified":false,"layer":"osm_marine_access","access_kind":"ferry_terminal","official_status":"unknown","navigability":"unknown"}},{"type":"Feature","geometry":{"type":"Point","coordinates":[3.1993161,6.4195553]},"properties":{"osm_id":"node/12814706541","name":"Iyagbe","named":true,"source":"OpenStreetMap contributors","source_tags":{"admin_level":"6","admin_name":"Ojo","amenity":"ferry_terminal","amenity:note":"this location is a ferry jetty with active commercial ferry activity.","boat:rental":"true","cargo":"passengers","ferry_stop_id":"89","name":"Iyagbe","notes":"admin_level 6 represents local government areas","operational_status":"operational","operator":"private","public_transport":"stop_position","source":"survey","source:name":"stears open data","survey:date":"2025-02-22"},"retrieved_at":"2026-09-06T12:43:12.245Z","confidence":"openstreetmap_mapped_unverified","field_verified":false,"layer":"osm_marine_access","access_kind":"ferry_terminal","official_status":"unknown","navigability":"unknown"}},{"type":"Feature","geometry":{"type":"Point","coordinates":[3.2236757,6.406095]},"properties":{"osm_id":"node/12814706557","name":"Salt Beach","named":true,"source":"OpenStreetMap contributors","source_tags":{"admin_level":"6","admin_name":"Amuwo_Odofin","amenity":"ferry_terminal","amenity:note":"this location is a ferry landing with active commercial ferry activity.","boat:rental":"true","cargo":"passengers","ferry_stop_id":"122","name":"Salt Beach","notes":"admin_level 6 represents local government areas","operational_status":"operational","operator":"private","public_transport":"stop_position","source":"survey","source:name":"stears open data","survey:date":"2025-02-22"},"retrieved_at":"2026-09-06T12:43:12.245Z","confidence":"openstreetmap_mapped_unverified","field_verified":false,"layer":"osm_marine_access","access_kind":"ferry_terminal","official_status":"unknown","navigability":"unknown"}},{"type":"Feature","geometry":{"type":"Point","coordinates":[3.3999032,6.528356]},"properties":{"osm_id":"node/12814706577","name":"Bariga Waterfront","named":true,"source":"OpenStreetMap contributors","source_tags":{"admin_level":"6","admin_name":"Somolu","amenity":"ferry_terminal","amenity:note":"this location is a ferry jetty with active commercial ferry activity.","boat:rental":"true","cargo":"passengers","ferry":"yes","ferry_stop_id":"32","name":"Bariga Waterfront","notes":"admin_level 6 represents local government areas","operational_status":"operational","operator":"private","public_transport":"station","source":"survey","source:name":"stears open data","survey:date":"2025-02-22"},"retrieved_at":"2026-09-06T12:43:12.245Z","confidence":"openstreetmap_mapped_unverified","field_verified":false,"layer":"osm_marine_access","access_kind":"ferry_terminal","official_status":"unknown","navigability":"unknown"}},{"type":"Feature","geometry":{"type":"Point","coordinates":[3.2553638,6.4250556]},"properties":{"osm_id":"node/12814706580","name":"Ibasa","named":true,"source":"OpenStreetMap contributors","source_tags":{"admin_level":"6","admin_name":"Amuwo_Odofin","amenity":"ferry_terminal","amenity:note":"this location is a ferry jetty with active commercial ferry activity.","boat:rental":"false","cargo":"passengers","ferry":"yes","ferry_stop_id":"59","name":"Ibasa","notes":"admin_level 6 represents local government areas","operational_status":"operational","operator":"private","public_transport":"station","source":"survey","source:name":"stears open data","survey:date":"2025-02-22"},"retrieved_at":"2026-09-06T12:43:12.245Z","confidence":"openstreetmap_mapped_unverified","field_verified":false,"layer":"osm_marine_access","access_kind":"ferry_terminal","official_status":"unknown","navigability":"unknown"}},{"type":"Feature","geometry":{"type":"Point","coordinates":[3.2556393,6.4115215]},"properties":{"osm_id":"node/12814706589","name":"Ibeshe Palace","named":true,"source":"OpenStreetMap contributors","source_tags":{"admin_level":"6","admin_name":"Amuwo_Odofin","amenity":"ferry_terminal","amenity:note":"this location is a ferry jetty with active commercial ferry activity.","boat:rental":"false","cargo":"passengers","ferry":"yes","ferry_stop_id":"62","name":"Ibeshe Palace","notes":"admin_level 6 represents local government areas","operational_status":"operational","operator":"private","public_transport":"station","source":"survey","source:name":"stears open data","survey:date":"2025-02-22"},"retrieved_at":"2026-09-06T12:43:12.245Z","confidence":"openstreetmap_mapped_unverified","field_verified":false,"layer":"osm_marine_access","access_kind":"ferry_terminal","official_status":"unknown","navigability":"unknown"}},{"type":"Feature","geometry":{"type":"Point","coordinates":[3.144247,6.4497033]},"properties":{"osm_id":"node/12814706591","name":"Ese Ofin","named":true,"source":"OpenStreetMap contributors","source_tags":{"admin_level":"6","admin_name":"Ojo","amenity":"ferry_terminal","amenity:note":"this location is a ferry jetty with active commercial ferry activity.","boat:rental":"false","cargo":"passengers","ferry_stop_id":"106","name":"Ese Ofin","notes":"admin_level 6 represents local government areas","operational_status":"operational","operator":"private","public_transport":"stop_position","source":"survey","source:name":"stears open data","survey:date":"2025-02-22"},"retrieved_at":"2026-09-06T12:43:12.245Z","confidence":"openstreetmap_mapped_unverified","field_verified":false,"layer":"osm_marine_access","access_kind":"ferry_terminal","official_status":"unknown","navigability":"unknown"}},{"type":"Feature","geometry":{"type":"Point","coordinates":[3.3441432,6.4368636]},"properties":{"osm_id":"node/12814706594","name":"IKO/Temidire","named":true,"source":"OpenStreetMap contributors","source_tags":{"admin_level":"6","admin_name":"Ajeromi_Ifelodun","amenity":"ferry_terminal","amenity:note":"this location is a ferry jetty with active commercial ferry activity.","boat:rental":"false","cargo":"passengers","ferry_stop_id":"75","name":"IKO/Temidire","notes":"admin_level 6 represents local government areas","operational_status":"operational","operator":"private","public_transport":"stop_position","source":"survey","source:name":"stears open data","survey:date":"2025-02-22"},"retrieved_at":"2026-09-06T12:43:12.245Z","confidence":"openstreetmap_mapped_unverified","field_verified":false,"layer":"osm_marine_access","access_kind":"ferry_terminal","official_status":"unknown","navigability":"unknown"}},{"type":"Feature","geometry":{"type":"Point","coordinates":[3.3493073,6.4426193]},"properties":{"osm_id":"node/12814706605","name":"Number 1A Waterside","named":true,"source":"OpenStreetMap contributors","source_tags":{"admin_level":"6","admin_name":"Ajeromi_Ifelodun","amenity":"ferry_terminal","amenity:note":"this location is a ferry landing with active commercial ferry activity; however, the facility is less developed and lacks well-engineered structures.","boat:rental":"false","cargo":"passengers","ferry_stop_id":"104","name":"Number 1A Waterside","notes":"admin_level 6 represents local government areas","operational_status":"operational","operator":"private","public_transport":"stop_position","source":"survey","source:name":"stears open data","survey:date":"2025-02-22"},"retrieved_at":"2026-09-06T12:43:12.245Z","confidence":"openstreetmap_mapped_unverified","field_verified":false,"layer":"osm_marine_access","access_kind":"ferry_terminal","official_status":"unknown","navigability":"unknown"}},{"type":"Feature","geometry":{"type":"Point","coordinates":[3.4076019,6.5825691]},"properties":{"osm_id":"node/12814706624","name":"Agboyi Ketu","named":true,"source":"OpenStreetMap contributors","source_tags":{"admin_level":"6","admin_name":"Kosofe","amenity":"ferry_terminal","amenity:note":"this location is a ferry terminal with active commercial ferry activity.","boat:rental":"false","cargo":"passengers","ferry_stop_id":"23","name":"Agboyi Ketu","notes":"admin_level 6 represents local government areas","operational_status":"operational","operator":"public","operator:name":"Lagos State Waterways Authority (LASWA)","public_transport":"stop_position","source":"survey","source:name":"stears open data","survey:date":"2025-02-22"},"retrieved_at":"2026-09-06T12:43:12.245Z","confidence":"openstreetmap_mapped_unverified","field_verified":false,"layer":"osm_marine_access","access_kind":"ferry_terminal","official_status":"unknown","navigability":"unknown"}},{"type":"Feature","geometry":{"type":"Point","coordinates":[3.3507032,6.4175204]},"properties":{"osm_id":"node/12814706730","name":"Jemuje","named":true,"source":"OpenStreetMap contributors","source_tags":{"admin_level":"6","admin_name":"Amuwo_Odofin","amenity":"ferry_terminal","amenity:note":"this location is a ferry landing with active commercial ferry activity; however, the facility is less developed and lacks well-engineered structures.","boat:rental":"false","cargo":"passengers","ferry":"yes","ferry_stop_id":"90","name":"Jemuje","notes":"admin_level 6 represents local government areas","operational_status":"operational","operator":"private","public_transport":"station","source":"survey","source:name":"stears open data","survey:date":"2025-02-22"},"retrieved_at":"2026-09-06T12:43:12.245Z","confidence":"openstreetmap_mapped_unverified","field_verified":false,"layer":"osm_marine_access","access_kind":"ferry_terminal","official_status":"unknown","navigability":"unknown"}},{"type":"Feature","geometry":{"type":"Point","coordinates":[3.3588512,6.4176319]},"properties":{"osm_id":"node/12814706733","name":"agojedo/agbejedo","named":true,"source":"OpenStreetMap contributors","source_tags":{"admin_level":"6","admin_name":"Amuwo_Odofin","amenity":"ferry_terminal","amenity:note":"this location is a ferry landing with active commercial ferry activity; however, the facility is less developed and lacks well-engineered structures.","boat:rental":"false","cargo":"passengers","ferry":"yes","ferry_stop_id":"24","name":"agojedo/agbejedo","notes":"admin_level 6 represents local government areas","operational_status":"operational","operator":"private","public_transport":"station","source":"survey","source:name":"stears open data","survey:date":"2025-02-22"},"retrieved_at":"2026-09-06T12:43:12.245Z","confidence":"openstreetmap_mapped_unverified","field_verified":false,"layer":"osm_marine_access","access_kind":"ferry_terminal","official_status":"unknown","navigability":"unknown"}},{"type":"Feature","geometry":{"type":"Point","coordinates":[3.3622931,6.4179592]},"properties":{"osm_id":"node/12814706734","name":"Itomoro","named":true,"source":"OpenStreetMap contributors","source_tags":{"admin_level":"6","admin_name":"Amuwo_Odofin","amenity":"ferry_terminal","amenity:note":"this location is a ferry landing with active commercial ferry activity; however, the facility is less developed and lacks well-engineered structures.","boat:rental":"false","cargo":"passengers","ferry":"yes","ferry_stop_id":"129","name":"Itomoro","notes":"admin_level 6 represents local government areas","operational_status":"operational","operator":"private","public_transport":"station","source":"survey","source:name":"stears open data","survey:date":"2025-02-22"},"retrieved_at":"2026-09-06T12:43:12.245Z","confidence":"openstreetmap_mapped_unverified","field_verified":false,"layer":"osm_marine_access","access_kind":"ferry_terminal","official_status":"unknown","navigability":"unknown"}},{"type":"Feature","geometry":{"type":"Point","coordinates":[3.2381104,6.4176494]},"properties":{"osm_id":"node/12814706752","name":"Ikare Palace","named":true,"source":"OpenStreetMap contributors","source_tags":{"admin_level":"6","admin_name":"Amuwo_Odofin","amenity":"ferry_terminal","amenity:note":"this location is a ferry jetty with active commercial ferry activity.","boat:rental":"false","cargo":"passengers","ferry_stop_id":"73","name":"Ikare Palace","notes":"admin_level 6 represents local government areas","operational_status":"operational","operator":"private","public_transport":"stop_position","source":"survey","source:name":"stears open data","survey:date":"2025-02-22"},"retrieved_at":"2026-09-06T12:43:12.245Z","confidence":"openstreetmap_mapped_unverified","field_verified":false,"layer":"osm_marine_access","access_kind":"ferry_terminal","official_status":"unknown","navigability":"unknown"}},{"type":"Feature","geometry":{"type":"Point","coordinates":[3.2575102,6.4246842]},"properties":{"osm_id":"node/12814706829","name":"Baba Shino","named":true,"source":"OpenStreetMap contributors","source_tags":{"admin_level":"6","admin_name":"Amuwo_Odofin","amenity":"ferry_terminal","amenity:note":"this location is a ferry landing with active commercial ferry activity; however, the facility is less developed and lacks well-engineered structures.","boat:rental":"true","cargo":"passengers","ferry":"yes","ferry_stop_id":"30","name":"Baba Shino","notes":"admin_level 6 represents local government areas","operational_status":"operational","operator":"private","public_transport":"station","source":"survey","source:name":"stears open data","survey:date":"2025-02-22"},"retrieved_at":"2026-09-06T12:43:12.245Z","confidence":"openstreetmap_mapped_unverified","field_verified":false,"layer":"osm_marine_access","access_kind":"ferry_terminal","official_status":"unknown","navigability":"unknown"}},{"type":"Feature","geometry":{"type":"Point","coordinates":[3.2055818,6.4063128]},"properties":{"osm_id":"node/12814706833","name":"ilashe","named":true,"source":"OpenStreetMap contributors","source_tags":{"admin_level":"6","admin_name":"amuwo odofin","amenity":"ferry_terminal","boat_rental":"true","cargo":"passengers","ferry_stop_id":"77","name":"ilashe","notes":"admin_level 6 represents local government areas","operational_status":"operational","operator":"private","operator_name":"private","public_transport":"stop_position","source":"survey","source:name":"public tech studio","source_date":"2026-04-21"},"retrieved_at":"2026-09-06T12:43:12.245Z","confidence":"openstreetmap_mapped_unverified","field_verified":false,"layer":"osm_marine_access","access_kind":"ferry_terminal","official_status":"unknown","navigability":"unknown"}},{"type":"Feature","geometry":{"type":"Point","coordinates":[3.4084022,6.580283]},"properties":{"osm_id":"node/12814706991","name":"agboyi 2","named":true,"source":"OpenStreetMap contributors","source_tags":{"admin_level":"6","admin_name":"kosofe","amenity":"ferry_terminal","boat_rental":"false","cargo":"passengers","ferry_stop_id":"21","name":"agboyi 2","notes":"admin_level 6 represents local government areas","operational_status":"operational","operator":"private","operator_name":"private","public_transport":"stop_position","source":"survey","source:name":"public tech studio","source_date":"2026-04-21"},"retrieved_at":"2026-09-06T12:43:12.245Z","confidence":"openstreetmap_mapped_unverified","field_verified":false,"layer":"osm_marine_access","access_kind":"ferry_terminal","official_status":"unknown","navigability":"unknown"}},{"type":"Feature","geometry":{"type":"Point","coordinates":[2.8760273,6.4160118]},"properties":{"osm_id":"node/12814707188","name":"jegba marina badagry/commando jetty","named":true,"source":"OpenStreetMap contributors","source_tags":{"admin_level":"6","admin_name":"badagry","amenity":"ferry_terminal","boat_rental":"true","cargo":"passengers","ferry_stop_id":"13","name":"jegba marina badagry/commando jetty","notes":"admin_level 6 represents local government areas","operational_status":"operational","operator":"private","operator_name":"private","public_transport":"stop_position","source":"survey","source:name":"public tech studio","source_date":"2026-04-21"},"retrieved_at":"2026-09-06T12:43:12.245Z","confidence":"openstreetmap_mapped_unverified","field_verified":false,"layer":"osm_marine_access","access_kind":"ferry_terminal","official_status":"unknown","navigability":"unknown"}},{"type":"Feature","geometry":{"type":"Point","coordinates":[3.3358476,6.4379319]},"properties":{"osm_id":"node/12814707236","name":"Coconut Landing","named":true,"source":"OpenStreetMap contributors","source_tags":{"admin_level":"6","admin_name":"Amuwo_Odofin","amenity":"ferry_terminal","amenity:note":"this location is a ferry landing with active commercial ferry activity; however, the facility is less developed and lacks well-engineered structures.","boat:rental":"true","cargo":"passengers","ferry":"yes","ferry_stop_id":"38","name":"Coconut Landing","notes":"admin_level 6 represents local government areas","operational_status":"operational","operator":"private","public_transport":"station","source":"survey","source:name":"stears open data","survey:date":"2025-02-22"},"retrieved_at":"2026-09-06T12:43:12.245Z","confidence":"openstreetmap_mapped_unverified","field_verified":false,"layer":"osm_marine_access","access_kind":"ferry_terminal","official_status":"unknown","navigability":"unknown"}},{"type":"Feature","geometry":{"type":"Point","coordinates":[3.3769683,6.4327803]},"properties":{"osm_id":"node/12814707241","name":"sagbokoji","named":true,"source":"OpenStreetMap contributors","source_tags":{"admin_level":"6","admin_name":"apapa","amenity":"ferry_terminal","boat_rental":"true","cargo":"passengers","ferry_stop_id":"121","name":"sagbokoji","notes":"admin_level 6 represents local government areas","operational_status":"operational","operator":"public","operator_name":"lagos state waterways authority (laswa)","public_transport":"stop_position","source":"survey","source:name":"public tech studio","source_date":"2026-04-21"},"retrieved_at":"2026-09-06T12:43:12.245Z","confidence":"openstreetmap_mapped_unverified","field_verified":false,"layer":"osm_marine_access","access_kind":"ferry_terminal","official_status":"unknown","navigability":"unknown"}},{"type":"Feature","geometry":{"type":"Point","coordinates":[3.2152237,6.4079284]},"properties":{"osm_id":"node/12814707702","name":"Uncle Ben","named":true,"source":"OpenStreetMap contributors","source_tags":{"admin_level":"6","admin_name":"Amuwo_Odofin","amenity":"ferry_terminal","amenity:note":"this location is a ferry jetty with active commercial ferry activity.","boat:rental":"false","cargo":"passengers","ferry_stop_id":"135","name":"Uncle Ben","notes":"admin_level 6 represents local government areas","operational_status":"operational","operator":"private","public_transport":"stop_position","source":"survey","source:name":"stears open data","survey:date":"2025-02-22"},"retrieved_at":"2026-09-06T12:43:12.245Z","confidence":"openstreetmap_mapped_unverified","field_verified":false,"layer":"osm_marine_access","access_kind":"ferry_terminal","official_status":"unknown","navigability":"unknown"}},{"type":"Feature","geometry":{"type":"Point","coordinates":[3.2366016,6.4174615]},"properties":{"osm_id":"node/12814707706","name":"ikare town landing","named":true,"source":"OpenStreetMap contributors","source_tags":{"admin_level":"6","admin_name":"Amuwo_Odofin","amenity":"ferry_terminal","amenity:note":"this location is a ferry landing with active commercial ferry activity; however, the facility is less developed and lacks well-engineered structures.","boat:rental":"false","cargo":"passengers","ferry_stop_id":"74","name":"ikare town landing","notes":"admin_level 6 represents local government areas","operational_status":"operational","operator":"private","public_transport":"stop_position","source":"survey","source:name":"stears open data","survey:date":"2025-02-22"},"retrieved_at":"2026-09-06T12:43:12.245Z","confidence":"openstreetmap_mapped_unverified","field_verified":false,"layer":"osm_marine_access","access_kind":"ferry_terminal","official_status":"unknown","navigability":"unknown"}},{"type":"Feature","geometry":{"type":"Point","coordinates":[3.280746,6.426853]},"properties":{"osm_id":"node/13749439553","name":"imore community","named":true,"source":"OpenStreetMap contributors","source_tags":{"admin_level":"6","admin_name":"amuwo odofin","amenity":"ferry_terminal","boat_rental":"false","cargo":"passengers","ferry_stop_id":"222","name":"imore community","notes":"admin_level 6 represents local government areas","operational_status":"operational","operator":"private","operator_name":"private","public_transport":"stop_position","source":"survey","source:name":"public tech studio","source_date":"2026-04-21"},"retrieved_at":"2026-09-06T12:43:12.245Z","confidence":"openstreetmap_mapped_unverified","field_verified":false,"layer":"osm_marine_access","access_kind":"ferry_terminal","official_status":"unknown","navigability":"unknown"}},{"type":"Feature","geometry":{"type":"Point","coordinates":[2.884629,6.405508]},"properties":{"osm_id":"node/13749439554","name":"point of no return","named":true,"source":"OpenStreetMap contributors","source_tags":{"admin_level":"6","admin_name":"badagry","amenity":"ferry_terminal","boat_rental":"true","cargo":"passengers","ferry_stop_id":"221","name":"point of no return","notes":"admin_level 6 represents local government areas","operational_status":"operational","operator":"private","operator_name":"private","public_transport":"stop_position","source":"survey","source:name":"public tech studio","source_date":"2026-04-21"},"retrieved_at":"2026-09-06T12:43:12.245Z","confidence":"openstreetmap_mapped_unverified","field_verified":false,"layer":"osm_marine_access","access_kind":"ferry_terminal","official_status":"unknown","navigability":"unknown"}},{"type":"Feature","geometry":{"type":"Point","coordinates":[3.355594,6.426392]},"properties":{"osm_id":"node/13749439555","name":"alelegbene","named":true,"source":"OpenStreetMap contributors","source_tags":{"admin_level":"6","admin_name":"apapa","amenity":"ferry_terminal","boat_rental":"true","cargo":"passengers","ferry_stop_id":"220","name":"alelegbene","notes":"admin_level 6 represents local government areas","operational_status":"operational","operator":"private","operator_name":"private","public_transport":"stop_position","source":"survey","source:name":"public tech studio","source_date":"2026-04-21"},"retrieved_at":"2026-09-06T12:43:12.245Z","confidence":"openstreetmap_mapped_unverified","field_verified":false,"layer":"osm_marine_access","access_kind":"ferry_terminal","official_status":"unknown","navigability":"unknown"}},{"type":"Feature","geometry":{"type":"Point","coordinates":[2.7098419,6.4308334]},"properties":{"osm_id":"node/13749439558","name":"farasime","named":true,"source":"OpenStreetMap contributors","source_tags":{"admin_level":"6","admin_name":"badagry","amenity":"ferry_terminal","boat_rental":"true","cargo":"passengers","ferry_stop_id":"156","name":"farasime","notes":"admin_level 6 represents local government areas","operational_status":"operational","operator":"private","operator_name":"private","public_transport":"stop_position","source":"survey","source:name":"public tech studio","source_date":"2026-04-21"},"retrieved_at":"2026-09-06T12:43:12.245Z","confidence":"openstreetmap_mapped_unverified","field_verified":false,"layer":"osm_marine_access","access_kind":"ferry_terminal","official_status":"unknown","navigability":"unknown"}},{"type":"Feature","geometry":{"type":"Point","coordinates":[3.9753542,6.5674499]},"properties":{"osm_id":"node/13749439559","name":"eyin osa","named":true,"source":"OpenStreetMap contributors","source_tags":{"admin_level":"6","admin_name":"epe","amenity":"ferry_terminal","boat_rental":"true","cargo":"passengers","ferry_stop_id":"155","name":"eyin osa","notes":"admin_level 6 represents local government areas","operational_status":"operational","operator":"private","operator_name":"private","public_transport":"stop_position","source":"survey","source:name":"public tech studio","source_date":"2026-04-21"},"retrieved_at":"2026-09-06T12:43:12.245Z","confidence":"openstreetmap_mapped_unverified","field_verified":false,"layer":"osm_marine_access","access_kind":"ferry_terminal","official_status":"unknown","navigability":"unknown"}},{"type":"Feature","geometry":{"type":"Point","coordinates":[3.62685,6.502234]},"properties":{"osm_id":"node/13749439562","name":"kabiyesi itomu jetty","named":true,"source":"OpenStreetMap contributors","source_tags":{"admin_level":"6","admin_name":"epe","amenity":"ferry_terminal","boat_rental":"false","cargo":"passengers","ferry_stop_id":"152","name":"kabiyesi itomu jetty","notes":"admin_level 6 represents local government areas","operational_status":"operational","operator":"private","operator_name":"private","public_transport":"stop_position","source":"survey","source:name":"public tech studio","source_date":"2026-04-21"},"retrieved_at":"2026-09-06T12:43:12.245Z","confidence":"openstreetmap_mapped_unverified","field_verified":false,"layer":"osm_marine_access","access_kind":"ferry_terminal","official_status":"unknown","navigability":"unknown"}},{"type":"Feature","geometry":{"type":"Point","coordinates":[3.3505,6.4461]},"properties":{"osm_id":"node/13749439563","name":"number 1 (apapa) waterside","named":true,"source":"OpenStreetMap contributors","source_tags":{"admin_level":"6","admin_name":"apapa","amenity":"ferry_terminal","boat_rental":"false","cargo":"passengers","ferry_stop_id":"151","name":"number 1 (apapa) waterside","notes":"admin_level 6 represents local government areas","operational_status":"operational","operator":"private","operator_name":"private","public_transport":"stop_position","source":"survey","source:name":"public tech studio","source_date":"2026-04-21"},"retrieved_at":"2026-09-06T12:43:12.245Z","confidence":"openstreetmap_mapped_unverified","field_verified":false,"layer":"osm_marine_access","access_kind":"ferry_terminal","official_status":"unknown","navigability":"unknown"}},{"type":"Feature","geometry":{"type":"Point","coordinates":[3.35,6.4463]},"properties":{"osm_id":"node/13749439564","name":"number 1 (ajegunle) waterside","named":true,"source":"OpenStreetMap contributors","source_tags":{"admin_level":"6","admin_name":"ajeromi/ifelodun","amenity":"ferry_terminal","boat_rental":"false","cargo":"passengers","ferry_stop_id":"149","name":"number 1 (ajegunle) waterside","notes":"admin_level 6 represents local government areas","operational_status":"operational","operator":"private","operator_name":"private","public_transport":"stop_position","source":"survey","source:name":"public tech studio","source_date":"2026-04-21"},"retrieved_at":"2026-09-06T12:43:12.245Z","confidence":"openstreetmap_mapped_unverified","field_verified":false,"layer":"osm_marine_access","access_kind":"ferry_terminal","official_status":"unknown","navigability":"unknown"}},{"type":"Feature","geometry":{"type":"Point","coordinates":[3.3508931,6.4484401]},"properties":{"osm_id":"node/13749439565","name":"number 2 (ajegunle) waterside/kumuyi street(ajegunle)","named":true,"source":"OpenStreetMap contributors","source_tags":{"admin_level":"6","admin_name":"ajeromi/ifelodun","amenity":"ferry_terminal","boat_rental":"false","cargo":"passengers","ferry_stop_id":"147","name":"number 2 (ajegunle) waterside/kumuyi street(ajegunle)","notes":"admin_level 6 represents local government areas","operational_status":"operational","operator":"private","operator_name":"private","public_transport":"stop_position","source":"survey","source:name":"public tech studio","source_date":"2026-04-21"},"retrieved_at":"2026-09-06T12:43:12.245Z","confidence":"openstreetmap_mapped_unverified","field_verified":false,"layer":"osm_marine_access","access_kind":"ferry_terminal","official_status":"unknown","navigability":"unknown"}},{"type":"Feature","geometry":{"type":"Point","coordinates":[3.1451277,6.4492651]},"properties":{"osm_id":"node/13749439569","name":"isofin","named":true,"source":"OpenStreetMap contributors","source_tags":{"admin_level":"6","admin_name":"ojo","amenity":"ferry_terminal","boat_rental":"true","cargo":"passengers","ferry_stop_id":"141","name":"isofin","notes":"admin_level 6 represents local government areas","operational_status":"operational","operator":"private","operator_name":"private","public_transport":"stop_position","source":"survey","source:name":"public tech studio","source_date":"2026-04-21"},"retrieved_at":"2026-09-06T12:43:12.245Z","confidence":"openstreetmap_mapped_unverified","field_verified":false,"layer":"osm_marine_access","access_kind":"ferry_terminal","official_status":"unknown","navigability":"unknown"}},{"type":"Feature","geometry":{"type":"Point","coordinates":[2.708001,6.444708]},"properties":{"osm_id":"node/13749439570","name":"pashi","named":true,"source":"OpenStreetMap contributors","source_tags":{"admin_level":"6","admin_name":"badagry","amenity":"ferry_terminal","boat_rental":"false","cargo":"passengers","ferry_stop_id":"139","name":"pashi","notes":"admin_level 6 represents local government areas","operational_status":"operational","operator":"private","operator_name":"private","public_transport":"stop_position","source":"survey","source:name":"public tech studio","source_date":"2026-04-21"},"retrieved_at":"2026-09-06T12:43:12.245Z","confidence":"openstreetmap_mapped_unverified","field_verified":false,"layer":"osm_marine_access","access_kind":"ferry_terminal","official_status":"unknown","navigability":"unknown"}},{"type":"Feature","geometry":{"type":"Point","coordinates":[3.3883303,6.4769088]},"properties":{"osm_id":"node/13749439571","name":"white sand oyingbo","named":true,"source":"OpenStreetMap contributors","source_tags":{"admin_level":"6","admin_name":"lagos mainland","amenity":"ferry_terminal","boat_rental":"false","cargo":"passengers","ferry_stop_id":"137","name":"white sand oyingbo","notes":"admin_level 6 represents local government areas","operational_status":"non-operational","operator":"private","operator_name":"private","public_transport":"stop_position","source":"survey","source:name":"public tech studio","source_date":"2026-04-21"},"retrieved_at":"2026-09-06T12:43:12.245Z","confidence":"openstreetmap_mapped_unverified","field_verified":false,"layer":"osm_marine_access","access_kind":"ferry_terminal","official_status":"unknown","navigability":"unknown"}},{"type":"Feature","geometry":{"type":"Point","coordinates":[2.8836426,6.4113884]},"properties":{"osm_id":"node/13749439577","name":"slave route landing","named":true,"source":"OpenStreetMap contributors","source_tags":{"admin_level":"6","admin_name":"badagry","amenity":"ferry_terminal","boat_rental":"true","cargo":"passengers","ferry_stop_id":"126","name":"slave route landing","notes":"admin_level 6 represents local government areas","operational_status":"operational","operator":"private","operator_name":"private","public_transport":"stop_position","source":"survey","source:name":"public tech studio","source_date":"2026-04-21"},"retrieved_at":"2026-09-06T12:43:12.245Z","confidence":"openstreetmap_mapped_unverified","field_verified":false,"layer":"osm_marine_access","access_kind":"ferry_terminal","official_status":"unknown","navigability":"unknown"}},{"type":"Feature","geometry":{"type":"Point","coordinates":[3.348589,6.4410399]},"properties":{"osm_id":"node/13749439579","name":"second badagry","named":true,"source":"OpenStreetMap contributors","source_tags":{"admin_level":"6","admin_name":"ajeromi/ifelodun","amenity":"ferry_terminal","boat_rental":"false","cargo":"passengers","ferry_stop_id":"124","name":"second badagry","notes":"admin_level 6 represents local government areas","operational_status":"operational","operator":"private","operator_name":"private","public_transport":"stop_position","source":"survey","source:name":"public tech studio","source_date":"2026-04-21"},"retrieved_at":"2026-09-06T12:43:12.245Z","confidence":"openstreetmap_mapped_unverified","field_verified":false,"layer":"osm_marine_access","access_kind":"ferry_terminal","official_status":"unknown","navigability":"unknown"}},{"type":"Feature","geometry":{"type":"Point","coordinates":[3.2476338,6.4156597]},"properties":{"osm_id":"node/13749439582","name":"power line","named":true,"source":"OpenStreetMap contributors","source_tags":{"admin_level":"6","admin_name":"amuwo odofin","amenity":"ferry_terminal","boat_rental":"true","cargo":"passengers","ferry_stop_id":"120","name":"power line","notes":"admin_level 6 represents local government areas","operational_status":"operational","operator":"private","operator_name":"private","public_transport":"stop_position","source":"survey","source:name":"public tech studio","source_date":"2026-04-21"},"retrieved_at":"2026-09-06T12:43:12.245Z","confidence":"openstreetmap_mapped_unverified","field_verified":false,"layer":"osm_marine_access","access_kind":"ferry_terminal","official_status":"unknown","navigability":"unknown"}},{"type":"Feature","geometry":{"type":"Point","coordinates":[3.2524696,6.4119709]},"properties":{"osm_id":"node/13749439583","name":"police","named":true,"source":"OpenStreetMap contributors","source_tags":{"admin_level":"6","admin_name":"amuwo odofin","amenity":"ferry_terminal","boat_rental":"true","cargo":"passengers","ferry_stop_id":"119","name":"police","notes":"admin_level 6 represents local government areas","operational_status":"operational","operator":"private","operator_name":"private","public_transport":"stop_position","source":"survey","source:name":"public tech studio","source_date":"2026-04-21"},"retrieved_at":"2026-09-06T12:43:12.245Z","confidence":"openstreetmap_mapped_unverified","field_verified":false,"layer":"osm_marine_access","access_kind":"ferry_terminal","official_status":"unknown","navigability":"unknown"}},{"type":"Feature","geometry":{"type":"Point","coordinates":[3.4174567,6.4641704]},"properties":{"osm_id":"node/13749439584","name":"osborne ferry terminal (ikoyi)","named":true,"source":"OpenStreetMap contributors","source_tags":{"admin_level":"6","admin_name":"eti osa","amenity":"ferry_terminal","boat_rental":"false","cargo":"passengers","ferry_stop_id":"117","name":"osborne ferry terminal (ikoyi)","notes":"admin_level 6 represents local government areas","operational_status":"non-operational","operator":"private","operator_name":"private","public_transport":"stop_position","source":"survey","source:name":"public tech studio","source_date":"2026-04-21"},"retrieved_at":"2026-09-06T12:43:12.245Z","confidence":"openstreetmap_mapped_unverified","field_verified":false,"layer":"osm_marine_access","access_kind":"ferry_terminal","official_status":"unknown","navigability":"unknown"}},{"type":"Feature","geometry":{"type":"Point","coordinates":[3.2600217,6.4077871]},"properties":{"osm_id":"node/13749439586","name":"olu landing","named":true,"source":"OpenStreetMap contributors","source_tags":{"admin_level":"6","admin_name":"amuwo odofin","amenity":"ferry_terminal","boat_rental":"true","cargo":"passengers","ferry_stop_id":"114","name":"olu landing","notes":"admin_level 6 represents local government areas","operational_status":"operational","operator":"private","operator_name":"private","public_transport":"stop_position","source":"survey","source:name":"public tech studio","source_date":"2026-04-21"},"retrieved_at":"2026-09-06T12:43:12.245Z","confidence":"openstreetmap_mapped_unverified","field_verified":false,"layer":"osm_marine_access","access_kind":"ferry_terminal","official_status":"unknown","navigability":"unknown"}},{"type":"Feature","geometry":{"type":"Point","coordinates":[3.4097493,6.5795615]},"properties":{"osm_id":"node/13749439587","name":"agboyi 1","named":true,"source":"OpenStreetMap contributors","source_tags":{"admin_level":"6","admin_name":"kosofe","amenity":"ferry_terminal","boat_rental":"true","cargo":"passengers","ferry_stop_id":"112","name":"agboyi 1","notes":"admin_level 6 represents local government areas","operational_status":"operational","operator":"private","operator_name":"private","public_transport":"stop_position","source":"survey","source:name":"public tech studio","source_date":"2026-04-21"},"retrieved_at":"2026-09-06T12:43:12.245Z","confidence":"openstreetmap_mapped_unverified","field_verified":false,"layer":"osm_marine_access","access_kind":"ferry_terminal","official_status":"unknown","navigability":"unknown"}},{"type":"Feature","geometry":{"type":"Point","coordinates":[3.351415,6.4482307]},"properties":{"osm_id":"node/13749439591","name":"number 2 (apapa) waterside","named":true,"source":"OpenStreetMap contributors","source_tags":{"admin_level":"6","admin_name":"apapa","amenity":"ferry_terminal","boat_rental":"false","cargo":"passengers","ferry_stop_id":"105","name":"number 2 (apapa) waterside","notes":"admin_level 6 represents local government areas","operational_status":"operational","operator":"private","operator_name":"private","public_transport":"stop_position","source":"survey","source:name":"public tech studio","source_date":"2026-04-21"},"retrieved_at":"2026-09-06T12:43:12.245Z","confidence":"openstreetmap_mapped_unverified","field_verified":false,"layer":"osm_marine_access","access_kind":"ferry_terminal","official_status":"unknown","navigability":"unknown"}},{"type":"Feature","geometry":{"type":"Point","coordinates":[3.3890667,6.4353942]},"properties":{"osm_id":"node/13749439593","name":"muller","named":true,"source":"OpenStreetMap contributors","source_tags":{"admin_level":"6","admin_name":"apapa","amenity":"ferry_terminal","boat_rental":"false","cargo":"passengers","ferry_stop_id":"103","name":"muller","notes":"admin_level 6 represents local government areas","operational_status":"non-operational","operator":"private","operator_name":"private","public_transport":"stop_position","source":"survey","source:name":"public tech studio","source_date":"2026-04-21"},"retrieved_at":"2026-09-06T12:43:12.245Z","confidence":"openstreetmap_mapped_unverified","field_verified":false,"layer":"osm_marine_access","access_kind":"ferry_terminal","official_status":"unknown","navigability":"unknown"}},{"type":"Feature","geometry":{"type":"Point","coordinates":[3.3498518,6.4460592]},"properties":{"osm_id":"node/13749439594","name":"mogaji (ajegunle)","named":true,"source":"OpenStreetMap contributors","source_tags":{"admin_level":"6","admin_name":"ajeromi/ifelodun","amenity":"ferry_terminal","boat_rental":"false","cargo":"passengers","ferry_stop_id":"102","name":"mogaji (ajegunle)","notes":"admin_level 6 represents local government areas","operational_status":"operational","operator":"private","operator_name":"private","public_transport":"stop_position","source":"survey","source:name":"public tech studio","source_date":"2026-04-21"},"retrieved_at":"2026-09-06T12:43:12.245Z","confidence":"openstreetmap_mapped_unverified","field_verified":false,"layer":"osm_marine_access","access_kind":"ferry_terminal","official_status":"unknown","navigability":"unknown"}},{"type":"Feature","geometry":{"type":"Point","coordinates":[3.3077366,6.4590664]},"properties":{"osm_id":"node/13749439595","name":"mile 2/niwa","named":true,"source":"OpenStreetMap contributors","source_tags":{"admin_level":"6","admin_name":"amuwo odofin","amenity":"ferry_terminal","boat_rental":"true","cargo":"passengers","ferry_stop_id":"101","name":"mile 2/niwa","notes":"admin_level 6 represents local government areas","operational_status":"operational","operator":"public","operator_name":"national inland waterways authority (niwa)","public_transport":"stop_position","source":"survey","source:name":"public tech studio","source_date":"2026-04-21"},"retrieved_at":"2026-09-06T12:43:12.245Z","confidence":"openstreetmap_mapped_unverified","field_verified":false,"layer":"osm_marine_access","access_kind":"ferry_terminal","official_status":"unknown","navigability":"unknown"}},{"type":"Feature","geometry":{"type":"Point","coordinates":[3.3845329,6.4705735]},"properties":{"osm_id":"node/13749439598","name":"mainland iddo","named":true,"source":"OpenStreetMap contributors","source_tags":{"admin_level":"6","admin_name":"lagos mainland","amenity":"ferry_terminal","boat_rental":"false","cargo":"passengers","ferry_stop_id":"98","name":"mainland iddo","notes":"admin_level 6 represents local government areas","operational_status":"non-operational","operator":"private","operator_name":"private","public_transport":"stop_position","source":"survey","source:name":"public tech studio","source_date":"2026-04-21"},"retrieved_at":"2026-09-06T12:43:12.245Z","confidence":"openstreetmap_mapped_unverified","field_verified":false,"layer":"osm_marine_access","access_kind":"ferry_terminal","official_status":"unknown","navigability":"unknown"}},{"type":"Feature","geometry":{"type":"Point","coordinates":[3.579538,6.509071]},"properties":{"osm_id":"node/13749439599","name":"langbasa","named":true,"source":"OpenStreetMap contributors","source_tags":{"admin_level":"6","admin_name":"eti-osa","amenity":"ferry_terminal","boat_rental":"false","cargo":"passengers","ferry_stop_id":"95","name":"langbasa","notes":"admin_level 6 represents local government areas","operational_status":"non-operational","operator":"public","operator_name":"lagos state waterways authority (laswa)","public_transport":"stop_position","source":"survey","source:name":"public tech studio","source_date":"2026-04-21"},"retrieved_at":"2026-09-06T12:43:12.245Z","confidence":"openstreetmap_mapped_unverified","field_verified":false,"layer":"osm_marine_access","access_kind":"ferry_terminal","official_status":"unknown","navigability":"unknown"}},{"type":"Feature","geometry":{"type":"Point","coordinates":[3.243437,6.4090813]},"properties":{"osm_id":"node/13749439600","name":"koko beach","named":true,"source":"OpenStreetMap contributors","source_tags":{"admin_level":"6","admin_name":"amuwo odofin","amenity":"ferry_terminal","boat_rental":"true","cargo":"passengers","ferry_stop_id":"93","name":"koko beach","notes":"admin_level 6 represents local government areas","operational_status":"operational","operator":"private","operator_name":"private","public_transport":"stop_position","source":"survey","source:name":"public tech studio","source_date":"2026-04-21"},"retrieved_at":"2026-09-06T12:43:12.245Z","confidence":"openstreetmap_mapped_unverified","field_verified":false,"layer":"osm_marine_access","access_kind":"ferry_terminal","official_status":"unknown","navigability":"unknown"}},{"type":"Feature","geometry":{"type":"Point","coordinates":[2.8608538,6.4456062]},"properties":{"osm_id":"node/13749481205","name":"iya afin jetty","named":true,"source":"OpenStreetMap contributors","source_tags":{"admin_level":"6","admin_name":"epe","amenity":"ferry_terminal","boat_rental":"true","cargo":"passengers","ferry_stop_id":"88","name":"iya afin jetty","notes":"admin_level 6 represents local government areas","operational_status":"operational","operator":"private","operator_name":"private","public_transport":"stop_position","source":"survey","source:name":"public tech studio","source_date":"2026-04-21"},"retrieved_at":"2026-09-06T12:43:12.245Z","confidence":"openstreetmap_mapped_unverified","field_verified":false,"layer":"osm_marine_access","access_kind":"ferry_terminal","official_status":"unknown","navigability":"unknown"}},{"type":"Feature","geometry":{"type":"Point","coordinates":[3.6287304,6.5007024]},"properties":{"osm_id":"node/13749481206","name":"itomu jetty","named":true,"source":"OpenStreetMap contributors","source_tags":{"admin_level":"6","admin_name":"epe","amenity":"ferry_terminal","boat_rental":"true","cargo":"passengers","ferry_stop_id":"86","name":"itomu jetty","notes":"admin_level 6 represents local government areas","operational_status":"operational","operator":"private","operator_name":"private","public_transport":"stop_position","source":"survey","source:name":"public tech studio","source_date":"2026-04-21"},"retrieved_at":"2026-09-06T12:43:12.245Z","confidence":"openstreetmap_mapped_unverified","field_verified":false,"layer":"osm_marine_access","access_kind":"ferry_terminal","official_status":"unknown","navigability":"unknown"}},{"type":"Feature","geometry":{"type":"Point","coordinates":[3.2353531,6.4285634]},"properties":{"osm_id":"node/13749481211","name":"irede","named":true,"source":"OpenStreetMap contributors","source_tags":{"admin_level":"6","admin_name":"amuwo odofin","amenity":"ferry_terminal","boat_rental":"true","cargo":"passengers","ferry_stop_id":"80","name":"irede","notes":"admin_level 6 represents local government areas","operational_status":"operational","operator":"private","operator_name":"private","public_transport":"stop_position","source":"survey","source:name":"public tech studio","source_date":"2026-04-21"},"retrieved_at":"2026-09-06T12:43:12.245Z","confidence":"openstreetmap_mapped_unverified","field_verified":false,"layer":"osm_marine_access","access_kind":"ferry_terminal","official_status":"unknown","navigability":"unknown"}},{"type":"Feature","geometry":{"type":"Point","coordinates":[3.2807528,6.4302244]},"properties":{"osm_id":"node/13749481212","name":"imore waterside","named":true,"source":"OpenStreetMap contributors","source_tags":{"admin_level":"6","admin_name":"amuwo odofin","amenity":"ferry_terminal","boat_rental":"true","cargo":"passengers","ferry_stop_id":"79","name":"imore waterside","notes":"admin_level 6 represents local government areas","operational_status":"operational","operator":"private","operator_name":"private","public_transport":"stop_position","source":"survey","source:name":"public tech studio","source_date":"2026-04-21"},"retrieved_at":"2026-09-06T12:43:12.245Z","confidence":"openstreetmap_mapped_unverified","field_verified":false,"layer":"osm_marine_access","access_kind":"ferry_terminal","official_status":"unknown","navigability":"unknown"}},{"type":"Feature","geometry":{"type":"Point","coordinates":[3.3430314,6.4139335]},"properties":{"osm_id":"node/13749481215","name":"ilado waterfront","named":true,"source":"OpenStreetMap contributors","source_tags":{"admin_level":"6","admin_name":"amuwo odofin","amenity":"ferry_terminal","boat_rental":"true","cargo":"passengers","ferry_stop_id":"76","name":"ilado waterfront","notes":"admin_level 6 represents local government areas","operational_status":"non-operational","operator":"private","operator_name":"private","public_transport":"stop_position","source":"survey","source:name":"public tech studio","source_date":"2026-04-21"},"retrieved_at":"2026-09-06T12:43:12.245Z","confidence":"openstreetmap_mapped_unverified","field_verified":false,"layer":"osm_marine_access","access_kind":"ferry_terminal","official_status":"unknown","navigability":"unknown"}},{"type":"Feature","geometry":{"type":"Point","coordinates":[3.2018972,6.563707]},"properties":{"osm_id":"node/13749481219","name":"ijon","named":true,"source":"OpenStreetMap contributors","source_tags":{"admin_level":"6","admin_name":"alimosho","amenity":"ferry_terminal","boat_rental":"true","cargo":"passengers","ferry_stop_id":"71","name":"ijon","notes":"admin_level 6 represents local government areas","operational_status":"operational","operator":"private","operator_name":"private","public_transport":"stop_position","source":"survey","source:name":"public tech studio","source_date":"2026-04-21"},"retrieved_at":"2026-09-06T12:43:12.245Z","confidence":"openstreetmap_mapped_unverified","field_verified":false,"layer":"osm_marine_access","access_kind":"ferry_terminal","official_status":"unknown","navigability":"unknown"}},{"type":"Feature","geometry":{"type":"Point","coordinates":[3.5890471,6.5632172]},"properties":{"osm_id":"node/13749481221","name":"ijede/tarzan","named":true,"source":"OpenStreetMap contributors","source_tags":{"admin_level":"6","admin_name":"ikorodu","amenity":"ferry_terminal","boat_rental":"false","cargo":"passengers","ferry_stop_id":"69","name":"ijede/tarzan","notes":"admin_level 6 represents local government areas","operational_status":"operational","operator":"public","operator_name":"lagos state waterways authority (laswa)","public_transport":"stop_position","source":"survey","source:name":"public tech studio","source_date":"2026-04-21"},"retrieved_at":"2026-09-06T12:43:12.245Z","confidence":"openstreetmap_mapped_unverified","field_verified":false,"layer":"osm_marine_access","access_kind":"ferry_terminal","official_status":"unknown","navigability":"unknown"}},{"type":"Feature","geometry":{"type":"Point","coordinates":[3.206473,6.552229]},"properties":{"osm_id":"node/13749481224","name":"igando landing/isuti","named":true,"source":"OpenStreetMap contributors","source_tags":{"admin_level":"6","admin_name":"alimosho","amenity":"ferry_terminal","boat_rental":"true","cargo":"passengers","ferry_stop_id":"63","name":"igando landing/isuti","notes":"admin_level 6 represents local government areas","operational_status":"operational","operator":"private","operator_name":"private","public_transport":"stop_position","source":"survey","source:name":"public tech studio","source_date":"2026-04-21"},"retrieved_at":"2026-09-06T12:43:12.245Z","confidence":"openstreetmap_mapped_unverified","field_verified":false,"layer":"osm_marine_access","access_kind":"ferry_terminal","official_status":"unknown","navigability":"unknown"}},{"type":"Feature","geometry":{"type":"Point","coordinates":[3.2616634,6.4075745]},"properties":{"osm_id":"node/13749481226","name":"ibese","named":true,"source":"OpenStreetMap contributors","source_tags":{"admin_level":"6","admin_name":"amuwo odofin","amenity":"ferry_terminal","boat_rental":"true","cargo":"passengers","ferry_stop_id":"60","name":"ibese","notes":"admin_level 6 represents local government areas","operational_status":"operational","operator":"private","operator_name":"private","public_transport":"stop_position","source":"survey","source:name":"public tech studio","source_date":"2026-04-21"},"retrieved_at":"2026-09-06T12:43:12.245Z","confidence":"openstreetmap_mapped_unverified","field_verified":false,"layer":"osm_marine_access","access_kind":"ferry_terminal","official_status":"unknown","navigability":"unknown"}},{"type":"Feature","geometry":{"type":"Point","coordinates":[2.8607495,6.4195637]},"properties":{"osm_id":"node/13749481229","name":"gbaji yekeme jetty","named":true,"source":"OpenStreetMap contributors","source_tags":{"admin_level":"6","admin_name":"badagry","amenity":"ferry_terminal","boat_rental":"true","cargo":"passengers","ferry_stop_id":"57","name":"gbaji yekeme jetty","notes":"admin_level 6 represents local government areas","operational_status":"operational","operator":"private","operator_name":"private","public_transport":"stop_position","source":"survey","source:name":"public tech studio","source_date":"2026-04-21"},"retrieved_at":"2026-09-06T12:43:12.245Z","confidence":"openstreetmap_mapped_unverified","field_verified":false,"layer":"osm_marine_access","access_kind":"ferry_terminal","official_status":"unknown","navigability":"unknown"}},{"type":"Feature","geometry":{"type":"Point","coordinates":[3.3433885,6.4353345]},"properties":{"osm_id":"node/13749481230","name":"first gate (tin can island)","named":true,"source":"OpenStreetMap contributors","source_tags":{"admin_level":"6","admin_name":"apapa","amenity":"ferry_terminal","boat_rental":"false","cargo":"passengers","ferry_stop_id":"55","name":"first gate (tin can island)","notes":"admin_level 6 represents local government areas","operational_status":"operational","operator":"private","operator_name":"private","public_transport":"stop_position","source":"survey","source:name":"public tech studio","source_date":"2026-04-21"},"retrieved_at":"2026-09-06T12:43:12.245Z","confidence":"openstreetmap_mapped_unverified","field_verified":false,"layer":"osm_marine_access","access_kind":"ferry_terminal","official_status":"unknown","navigability":"unknown"}},{"type":"Feature","geometry":{"type":"Point","coordinates":[3.4245956,6.4392275]},"properties":{"osm_id":"node/13749481231","name":"fiki marine (victoria island)","named":true,"source":"OpenStreetMap contributors","source_tags":{"admin_level":"6","admin_name":"eti osa","amenity":"ferry_terminal","boat_rental":"true","cargo":"passengers","ferry_stop_id":"54","name":"fiki marine (victoria island)","notes":"admin_level 6 represents local government areas","operational_status":"operational","operator":"private","operator_name":"private","public_transport":"stop_position","source":"survey","source:name":"public tech studio","source_date":"2026-04-21"},"retrieved_at":"2026-09-06T12:43:12.245Z","confidence":"openstreetmap_mapped_unverified","field_verified":false,"layer":"osm_marine_access","access_kind":"ferry_terminal","official_status":"unknown","navigability":"unknown"}},{"type":"Feature","geometry":{"type":"Point","coordinates":[3.4041996,6.4405074]},"properties":{"osm_id":"node/13749481232","name":"ferry port/checkpoint","named":true,"source":"OpenStreetMap contributors","source_tags":{"admin_level":"6","admin_name":"eti osa","amenity":"ferry_terminal","boat_rental":"true","cargo":"passengers","ferry_stop_id":"52","name":"ferry port/checkpoint","notes":"admin_level 6 represents local government areas","operational_status":"operational","operator":"private","operator_name":"private","public_transport":"stop_position","source":"survey","source:name":"public tech studio","source_date":"2026-04-21"},"retrieved_at":"2026-09-06T12:43:12.245Z","confidence":"openstreetmap_mapped_unverified","field_verified":false,"layer":"osm_marine_access","access_kind":"ferry_terminal","official_status":"unknown","navigability":"unknown"}},{"type":"Feature","geometry":{"type":"Point","coordinates":[3.1438988,6.4493813]},"properties":{"osm_id":"node/13749481233","name":"etegbin","named":true,"source":"OpenStreetMap contributors","source_tags":{"admin_level":"6","admin_name":"ojo","amenity":"ferry_terminal","boat_rental":"true","cargo":"passengers","ferry_stop_id":"51","name":"etegbin","notes":"admin_level 6 represents local government areas","operational_status":"operational","operator":"private","operator_name":"private","public_transport":"stop_position","source":"survey","source:name":"public tech studio","source_date":"2026-04-21"},"retrieved_at":"2026-09-06T12:43:12.245Z","confidence":"openstreetmap_mapped_unverified","field_verified":false,"layer":"osm_marine_access","access_kind":"ferry_terminal","official_status":"unknown","navigability":"unknown"}},{"type":"Feature","geometry":{"type":"Point","coordinates":[3.7151988,6.4828966]},"properties":{"osm_id":"node/13749481234","name":"eputu","named":true,"source":"OpenStreetMap contributors","source_tags":{"admin_level":"6","admin_name":"ibeju lekki","amenity":"ferry_terminal","boat_rental":"false","cargo":"passengers","ferry_stop_id":"49","name":"eputu","notes":"admin_level 6 represents local government areas","operational_status":"non-operational","operator":"private","operator_name":"private","public_transport":"stop_position","source":"survey","source:name":"public tech studio","source_date":"2026-04-21"},"retrieved_at":"2026-09-06T12:43:12.245Z","confidence":"openstreetmap_mapped_unverified","field_verified":false,"layer":"osm_marine_access","access_kind":"ferry_terminal","official_status":"unknown","navigability":"unknown"}},{"type":"Feature","geometry":{"type":"Point","coordinates":[3.97523,6.577579]},"properties":{"osm_id":"node/13749481235","name":"epe ayetoro jetty","named":true,"source":"OpenStreetMap contributors","source_tags":{"admin_level":"6","admin_name":"epe","amenity":"ferry_terminal","boat_rental":"true","cargo":"passengers","ferry_stop_id":"46","name":"epe ayetoro jetty","notes":"admin_level 6 represents local government areas","operational_status":"operational","operator":"private","operator_name":"private","public_transport":"stop_position","source":"survey","source:name":"public tech studio","source_date":"2026-04-21"},"retrieved_at":"2026-09-06T12:43:12.245Z","confidence":"openstreetmap_mapped_unverified","field_verified":false,"layer":"osm_marine_access","access_kind":"ferry_terminal","official_status":"unknown","navigability":"unknown"}},{"type":"Feature","geometry":{"type":"Point","coordinates":[3.2542785,6.411355]},"properties":{"osm_id":"node/13749481236","name":"elegushi","named":true,"source":"OpenStreetMap contributors","source_tags":{"admin_level":"6","admin_name":"amuwo odofin","amenity":"ferry_terminal","boat_rental":"false","cargo":"passengers","ferry_stop_id":"44","name":"elegushi","notes":"admin_level 6 represents local government areas","operational_status":"operational","operator":"private","operator_name":"private","public_transport":"stop_position","source":"survey","source:name":"public tech studio","source_date":"2026-04-21"},"retrieved_at":"2026-09-06T12:43:12.245Z","confidence":"openstreetmap_mapped_unverified","field_verified":false,"layer":"osm_marine_access","access_kind":"ferry_terminal","official_status":"unknown","navigability":"unknown"}},{"type":"Feature","geometry":{"type":"Point","coordinates":[3.6001959,6.5602161]},"properties":{"osm_id":"node/13749481237","name":"egbin","named":true,"source":"OpenStreetMap contributors","source_tags":{"admin_level":"6","admin_name":"ikorodu","amenity":"ferry_terminal","boat_rental":"true","cargo":"passengers","ferry_stop_id":"42","name":"egbin","notes":"admin_level 6 represents local government areas","operational_status":"operational","operator":"private","operator_name":"private","public_transport":"stop_position","source":"survey","source:name":"public tech studio","source_date":"2026-04-21"},"retrieved_at":"2026-09-06T12:43:12.245Z","confidence":"openstreetmap_mapped_unverified","field_verified":false,"layer":"osm_marine_access","access_kind":"ferry_terminal","official_status":"unknown","navigability":"unknown"}},{"type":"Feature","geometry":{"type":"Point","coordinates":[3.1415476,6.4473649]},"properties":{"osm_id":"node/13749481238","name":"egan landing","named":true,"source":"OpenStreetMap contributors","source_tags":{"admin_level":"6","admin_name":"ojo","amenity":"ferry_terminal","boat_rental":"true","cargo":"passengers","ferry_stop_id":"41","name":"egan landing","notes":"admin_level 6 represents local government areas","operational_status":"operational","operator":"private","operator_name":"private","public_transport":"stop_position","source":"survey","source:name":"public tech studio","source_date":"2026-04-21"},"retrieved_at":"2026-09-06T12:43:12.245Z","confidence":"openstreetmap_mapped_unverified","field_verified":false,"layer":"osm_marine_access","access_kind":"ferry_terminal","official_status":"unknown","navigability":"unknown"}},{"type":"Feature","geometry":{"type":"Point","coordinates":[4.134563,6.403051]},"properties":{"osm_id":"node/13749481239","name":"ebute lekki","named":true,"source":"OpenStreetMap contributors","source_tags":{"admin_level":"6","admin_name":"ibeju lekki","amenity":"ferry_terminal","boat_rental":"false","cargo":"passengers","ferry_stop_id":"40","name":"ebute lekki","notes":"admin_level 6 represents local government areas","operational_status":"non-operational","operator":"private","operator_name":"private","public_transport":"stop_position","source":"survey","source:name":"public tech studio","source_date":"2026-04-21"},"retrieved_at":"2026-09-06T12:43:12.245Z","confidence":"openstreetmap_mapped_unverified","field_verified":false,"layer":"osm_marine_access","access_kind":"ferry_terminal","official_status":"unknown","navigability":"unknown"}},{"type":"Feature","geometry":{"type":"Point","coordinates":[3.2558011,6.4278858]},"properties":{"osm_id":"node/13749481241","name":"cele","named":true,"source":"OpenStreetMap contributors","source_tags":{"admin_level":"6","admin_name":"amuwo odofin","amenity":"ferry_terminal","boat_rental":"false","cargo":"passengers","ferry_stop_id":"37","name":"cele","notes":"admin_level 6 represents local government areas","operational_status":"operational","operator":"private","operator_name":"private","public_transport":"stop_position","source":"survey","source:name":"public tech studio","source_date":"2026-04-21"},"retrieved_at":"2026-09-06T12:43:12.245Z","confidence":"openstreetmap_mapped_unverified","field_verified":false,"layer":"osm_marine_access","access_kind":"ferry_terminal","official_status":"unknown","navigability":"unknown"}},{"type":"Feature","geometry":{"type":"Point","coordinates":[3.2941492,6.4744847]},"properties":{"osm_id":"node/13749481242","name":"capital oil/festac","named":true,"source":"OpenStreetMap contributors","source_tags":{"admin_level":"6","admin_name":"amuwo odofin","amenity":"ferry_terminal","boat_rental":"true","cargo":"passengers","ferry_stop_id":"36","name":"capital oil/festac","notes":"admin_level 6 represents local government areas","operational_status":"operational","operator":"private","operator_name":"private","public_transport":"stop_position","source":"survey","source:name":"public tech studio","source_date":"2026-04-21"},"retrieved_at":"2026-09-06T12:43:12.245Z","confidence":"openstreetmap_mapped_unverified","field_verified":false,"layer":"osm_marine_access","access_kind":"ferry_terminal","official_status":"unknown","navigability":"unknown"}},{"type":"Feature","geometry":{"type":"Point","coordinates":[3.3515809,6.4504109]},"properties":{"osm_id":"node/13749481243","name":"boundary (apapa)/number 3 (apapa) waterside","named":true,"source":"OpenStreetMap contributors","source_tags":{"admin_level":"6","admin_name":"apapa","amenity":"ferry_terminal","boat_rental":"false","cargo":"passengers","ferry_stop_id":"35","name":"boundary (apapa)/number 3 (apapa) waterside","notes":"admin_level 6 represents local government areas","operational_status":"operational","operator":"private","operator_name":"private","public_transport":"stop_position","source":"survey","source:name":"public tech studio","source_date":"2026-04-21"},"retrieved_at":"2026-09-06T12:43:12.245Z","confidence":"openstreetmap_mapped_unverified","field_verified":false,"layer":"osm_marine_access","access_kind":"ferry_terminal","official_status":"unknown","navigability":"unknown"}},{"type":"Feature","geometry":{"type":"Point","coordinates":[3.404841,6.4359237]},"properties":{"osm_id":"node/13749481244","name":"bonny camp (victoria island)","named":true,"source":"OpenStreetMap contributors","source_tags":{"admin_level":"6","admin_name":"eti osa","amenity":"ferry_terminal","boat_rental":"false","cargo":"passengers","ferry_stop_id":"34","name":"bonny camp (victoria island)","notes":"admin_level 6 represents local government areas","operational_status":"non-operational","operator":"private","operator_name":"private","public_transport":"stop_position","source":"survey","source:name":"public tech studio","source_date":"2026-04-21"},"retrieved_at":"2026-09-06T12:43:12.245Z","confidence":"openstreetmap_mapped_unverified","field_verified":false,"layer":"osm_marine_access","access_kind":"ferry_terminal","official_status":"unknown","navigability":"unknown"}},{"type":"Feature","geometry":{"type":"Point","coordinates":[3.409454,6.4429111]},"properties":{"osm_id":"node/13749481245","name":"boat club (ikoyi)","named":true,"source":"OpenStreetMap contributors","source_tags":{"admin_level":"6","admin_name":"eti osa","amenity":"ferry_terminal","boat_rental":"false","cargo":"passengers","ferry_stop_id":"33","name":"boat club (ikoyi)","notes":"admin_level 6 represents local government areas","operational_status":"non-operational","operator":"private","operator_name":"private","public_transport":"stop_position","source":"survey","source:name":"public tech studio","source_date":"2026-04-21"},"retrieved_at":"2026-09-06T12:43:12.245Z","confidence":"openstreetmap_mapped_unverified","field_verified":false,"layer":"osm_marine_access","access_kind":"ferry_terminal","official_status":"unknown","navigability":"unknown"}},{"type":"Feature","geometry":{"type":"Point","coordinates":[3.553069,6.536139]},"properties":{"osm_id":"node/13749481247","name":"baiyeku","named":true,"source":"OpenStreetMap contributors","source_tags":{"admin_level":"6","admin_name":"ikorodu","amenity":"ferry_terminal","boat_rental":"true","cargo":"passengers","ferry_stop_id":"31","name":"baiyeku","notes":"admin_level 6 represents local government areas","operational_status":"operational","operator":"public","operator_name":"lagos state waterways authority (laswa)","public_transport":"stop_position","source":"survey","source:name":"public tech studio","source_date":"2026-04-21"},"retrieved_at":"2026-09-06T12:43:12.245Z","confidence":"openstreetmap_mapped_unverified","field_verified":false,"layer":"osm_marine_access","access_kind":"ferry_terminal","official_status":"unknown","navigability":"unknown"}},{"type":"Feature","geometry":{"type":"Point","coordinates":[3.4108125,6.5798309]},"properties":{"osm_id":"node/13749481252","name":"oko agbon","named":true,"source":"OpenStreetMap contributors","source_tags":{"admin_level":"6","admin_name":"kosofe","amenity":"ferry_terminal","boat_rental":"true","cargo":"passengers","ferry_stop_id":"22","name":"oko agbon","notes":"admin_level 6 represents local government areas","operational_status":"operational","operator":"private","operator_name":"private","public_transport":"stop_position","source":"survey","source:name":"public tech studio","source_date":"2026-04-21"},"retrieved_at":"2026-09-06T12:43:12.245Z","confidence":"openstreetmap_mapped_unverified","field_verified":false,"layer":"osm_marine_access","access_kind":"ferry_terminal","official_status":"unknown","navigability":"unknown"}},{"type":"Feature","geometry":{"type":"Point","coordinates":[3.1648384,6.4039084]},"properties":{"osm_id":"node/13749481255","name":"agaja","named":true,"source":"OpenStreetMap contributors","source_tags":{"admin_level":"6","admin_name":"ojo","amenity":"ferry_terminal","boat_rental":"true","cargo":"passengers","ferry_stop_id":"19","name":"agaja","notes":"admin_level 6 represents local government areas","operational_status":"operational","operator":"private","operator_name":"private","public_transport":"stop_position","source":"survey","source:name":"public tech studio","source_date":"2026-04-21"},"retrieved_at":"2026-09-06T12:43:12.245Z","confidence":"openstreetmap_mapped_unverified","field_verified":false,"layer":"osm_marine_access","access_kind":"ferry_terminal","official_status":"unknown","navigability":"unknown"}},{"type":"Feature","geometry":{"type":"Point","coordinates":[4.095192,6.5194041]},"properties":{"osm_id":"node/13749481257","name":"abomiti-nla epe","named":true,"source":"OpenStreetMap contributors","source_tags":{"admin_level":"6","admin_name":"epe","amenity":"ferry_terminal","boat_rental":"true","cargo":"passengers","ferry_stop_id":"17","name":"abomiti-nla epe","notes":"admin_level 6 represents local government areas","operational_status":"operational","operator":"private","operator_name":"private","public_transport":"stop_position","source":"survey","source:name":"public tech studio","source_date":"2026-04-21"},"retrieved_at":"2026-09-06T12:43:12.245Z","confidence":"openstreetmap_mapped_unverified","field_verified":false,"layer":"osm_marine_access","access_kind":"ferry_terminal","official_status":"unknown","navigability":"unknown"}},{"type":"Feature","geometry":{"type":"Point","coordinates":[3.3511636,6.4503929]},"properties":{"osm_id":"node/13749481258","name":"number 3 (ajegunle) waterside","named":true,"source":"OpenStreetMap contributors","source_tags":{"admin_level":"6","admin_name":"ajeromi/ifelodun","amenity":"ferry_terminal","boat_rental":"false","cargo":"passengers","ferry_stop_id":"16","name":"number 3 (ajegunle) waterside","notes":"admin_level 6 represents local government areas","operational_status":"operational","operator":"private","operator_name":"private","public_transport":"stop_position","source":"survey","source:name":"public tech studio","source_date":"2026-04-21"},"retrieved_at":"2026-09-06T12:43:12.245Z","confidence":"openstreetmap_mapped_unverified","field_verified":false,"layer":"osm_marine_access","access_kind":"ferry_terminal","official_status":"unknown","navigability":"unknown"}},{"type":"Feature","geometry":{"type":"Point","coordinates":[3.4728736,6.5523893]},"properties":{"osm_id":"node/13749481259","name":"ibeshe/thesaurus ferry terminal","named":true,"source":"OpenStreetMap contributors","source_tags":{"admin_level":"6","admin_name":"ikorodu","amenity":"ferry_terminal","boat_rental":"true","cargo":"passengers","ferry_stop_id":"15","name":"ibeshe/thesaurus ferry terminal","notes":"admin_level 6 represents local government areas","operational_status":"operational","operator":"public","operator_name":"lagos state waterways authority (laswa)","public_transport":"stop_position","source":"survey","source:name":"public tech studio","source_date":"2026-04-21"},"retrieved_at":"2026-09-06T12:43:12.245Z","confidence":"openstreetmap_mapped_unverified","field_verified":false,"layer":"osm_marine_access","access_kind":"ferry_terminal","official_status":"unknown","navigability":"unknown"}},{"type":"Feature","geometry":{"type":"Point","coordinates":[3.4590768,6.4475959]},"properties":{"osm_id":"node/13749481262","name":"alluvia marine/afisco (lekki phase 1)","named":true,"source":"OpenStreetMap contributors","source_tags":{"admin_level":"6","admin_name":"eti osa","amenity":"ferry_terminal","boat_rental":"true","cargo":"passengers","ferry_stop_id":"12","name":"alluvia marine/afisco (lekki phase 1)","notes":"admin_level 6 represents local government areas","operational_status":"operational","operator":"private","operator_name":"private","public_transport":"stop_position","source":"survey","source:name":"public tech studio","source_date":"2026-04-21"},"retrieved_at":"2026-09-06T12:43:12.245Z","confidence":"openstreetmap_mapped_unverified","field_verified":false,"layer":"osm_marine_access","access_kind":"ferry_terminal","official_status":"unknown","navigability":"unknown"}},{"type":"Feature","geometry":{"type":"Point","coordinates":[3.4253303,6.4395559]},"properties":{"osm_id":"node/13749481263","name":"law school (victoria island)","named":true,"source":"OpenStreetMap contributors","source_tags":{"admin_level":"6","admin_name":"eti osa","amenity":"ferry_terminal","boat_rental":"true","cargo":"passengers","ferry_stop_id":"11","name":"law school (victoria island)","notes":"admin_level 6 represents local government areas","operational_status":"operational","operator":"private","operator_name":"private","public_transport":"stop_position","source":"survey","source:name":"public tech studio","source_date":"2026-04-21"},"retrieved_at":"2026-09-06T12:43:12.245Z","confidence":"openstreetmap_mapped_unverified","field_verified":false,"layer":"osm_marine_access","access_kind":"ferry_terminal","official_status":"unknown","navigability":"unknown"}},{"type":"Feature","geometry":{"type":"Point","coordinates":[3.6054642,6.5151532]},"properties":{"osm_id":"node/13749481266","name":"badore jetty (tarzan)","named":true,"source":"OpenStreetMap contributors","source_tags":{"admin_level":"6","admin_name":"eti osa","amenity":"ferry_terminal","boat_rental":"true","cargo":"passengers","ferry_stop_id":"8","name":"badore jetty (tarzan)","notes":"admin_level 6 represents local government areas","operational_status":"operational","operator":"public","operator_name":"lagos state waterways authority (laswa)","public_transport":"stop_position","source":"survey","source:name":"public tech studio","source_date":"2026-04-21"},"retrieved_at":"2026-09-06T12:43:12.245Z","confidence":"openstreetmap_mapped_unverified","field_verified":false,"layer":"osm_marine_access","access_kind":"ferry_terminal","official_status":"unknown","navigability":"unknown"}},{"type":"Feature","geometry":{"type":"Point","coordinates":[3.3897131,6.4492081]},"properties":{"osm_id":"node/13749481268","name":"marina/cms","named":true,"source":"OpenStreetMap contributors","source_tags":{"admin_level":"6","admin_name":"lagos island","amenity":"ferry_terminal","boat_rental":"true","cargo":"passengers","ferry_stop_id":"6","name":"marina/cms","notes":"admin_level 6 represents local government areas","operational_status":"operational","operator":"public","operator_name":"national inland waterways authority (niwa)","public_transport":"stop_position","source":"survey","source:name":"public tech studio","source_date":"2026-04-21"},"retrieved_at":"2026-09-06T12:43:12.245Z","confidence":"openstreetmap_mapped_unverified","field_verified":false,"layer":"osm_marine_access","access_kind":"ferry_terminal","official_status":"unknown","navigability":"unknown"}},{"type":"Feature","geometry":{"type":"Point","coordinates":[3.3966119,6.4010617]},"properties":{"osm_id":"node/13774166342","name":"Tarkwa Bay","named":true,"source":"OpenStreetMap contributors","source_tags":{"admin_level":"6","admin_name":"Amuwo_Odofin","amenity":"ferry_terminal","amenity:note":"this location is a ferry jetty with active commercial ferry activity.","boat:rental":"true","cargo":"passengers","ferry":"yes","ferry_stop_id":"130","name":"Tarkwa Bay","notes":"admin_level 6 represents local government areas","operational_status":"operational","operator":"public","operator:name":"Lagos State Waterways Authority (LASWA)","public_transport":"station","source":"survey","source:name":"stears open data","survey:date":"2025-02-22"},"retrieved_at":"2026-09-06T12:43:12.245Z","confidence":"openstreetmap_mapped_unverified","field_verified":false,"layer":"osm_marine_access","access_kind":"ferry_terminal","official_status":"unknown","navigability":"unknown"}},{"type":"Feature","geometry":{"type":"Point","coordinates":[3.3521207,6.424203]},"properties":{"osm_id":"node/13774166406","name":"igbo elejo","named":true,"source":"OpenStreetMap contributors","source_tags":{"admin_level":"6","admin_name":"amuwo odofin","amenity":"ferry_terminal","boat_rental":"true","cargo":"passengers","ferry_stop_id":"64","name":"igbo elejo","notes":"admin_level 6 represents local government areas","operational_status":"operational","operator":"private","operator_name":"private","public_transport":"stop_position","source":"survey","source:name":"public tech studio","source_date":"2026-04-21"},"retrieved_at":"2026-09-06T12:43:12.245Z","confidence":"openstreetmap_mapped_unverified","field_verified":false,"layer":"osm_marine_access","access_kind":"ferry_terminal","official_status":"unknown","navigability":"unknown"}},{"type":"Feature","geometry":{"type":"Point","coordinates":[3.3477455,6.4263514]},"properties":{"osm_id":"node/13774166416","name":"isoda","named":true,"source":"OpenStreetMap contributors","source_tags":{"admin_level":"6","admin_name":"apapa","amenity":"ferry_terminal","boat_rental":"true","cargo":"passengers","ferry_stop_id":"84","name":"isoda","notes":"admin_level 6 represents local government areas","operational_status":"operational","operator":"private","operator_name":"private","public_transport":"stop_position","source":"survey","source:name":"public tech studio","source_date":"2026-04-21"},"retrieved_at":"2026-09-06T12:43:12.245Z","confidence":"openstreetmap_mapped_unverified","field_verified":false,"layer":"osm_marine_access","access_kind":"ferry_terminal","official_status":"unknown","navigability":"unknown"}},{"type":"Feature","geometry":{"type":"Point","coordinates":[3.3077366,6.4590664]},"properties":{"osm_id":"node/13774166587","name":"Mile 2/NIWA","named":true,"source":"OpenStreetMap contributors","source_tags":{"admin_level":"6","admin_name":"Amuwo_Odofin","amenity":"ferry_terminal","amenity:note":"this location is a ferry jetty with active commercial ferry activity.","boat:rental":"false","cargo":"passengers","ferry":"yes","ferry_stop_id":"14","name":"Mile 2/NIWA","notes":"admin_level 6 represents local government areas","operational_status":"operational","operator":"public","operator:name":"Lagos State Waterways Authority (LASWA)","public_transport":"station","source":"survey","source:name":"stears open data","survey:date":"2025-02-22"},"retrieved_at":"2026-09-06T12:43:12.245Z","confidence":"openstreetmap_mapped_unverified","field_verified":false,"layer":"osm_marine_access","access_kind":"ferry_terminal","official_status":"unknown","navigability":"unknown"}},{"type":"Feature","geometry":{"type":"Point","coordinates":[3.2366781,6.4370435]},"properties":{"osm_id":"node/13774166692","name":"abule osun","named":true,"source":"OpenStreetMap contributors","source_tags":{"admin_level":"6","admin_name":"amuwo odofin","amenity":"ferry_terminal","boat_rental":"true","cargo":"passengers","ferry_stop_id":"18","name":"abule osun","notes":"admin_level 6 represents local government areas","operational_status":"operational","operator":"private","operator_name":"private","public_transport":"stop_position","source":"survey","source:name":"public tech studio","source_date":"2026-04-21"},"retrieved_at":"2026-09-06T12:43:12.245Z","confidence":"openstreetmap_mapped_unverified","field_verified":false,"layer":"osm_marine_access","access_kind":"ferry_terminal","official_status":"unknown","navigability":"unknown"}},{"type":"Feature","geometry":{"type":"Point","coordinates":[3.3107923,6.4373424]},"properties":{"osm_id":"node/13774166701","name":"kirikiri","named":true,"source":"OpenStreetMap contributors","source_tags":{"admin_level":"6","admin_name":"amuwo odofin","amenity":"ferry_terminal","boat_rental":"true","cargo":"passengers","ferry_stop_id":"92","name":"kirikiri","notes":"admin_level 6 represents local government areas","operational_status":"operational","operator":"private","operator_name":"private","public_transport":"stop_position","source":"survey","source:name":"public tech studio","source_date":"2026-04-21"},"retrieved_at":"2026-09-06T12:43:12.245Z","confidence":"openstreetmap_mapped_unverified","field_verified":false,"layer":"osm_marine_access","access_kind":"ferry_terminal","official_status":"unknown","navigability":"unknown"}},{"type":"Feature","geometry":{"type":"Point","coordinates":[3.3982996,6.4262458]},"properties":{"osm_id":"node/13774166743","name":"ogogoro village","named":true,"source":"OpenStreetMap contributors","source_tags":{"admin_level":"6","admin_name":"apapa","amenity":"ferry_terminal","boat_rental":"true","cargo":"passengers","ferry_stop_id":"106","name":"ogogoro village","notes":"admin_level 6 represents local government areas","operational_status":"operational","operator":"private","operator_name":"private","public_transport":"stop_position","source":"survey","source:name":"public tech studio","source_date":"2026-04-21"},"retrieved_at":"2026-09-06T12:43:12.245Z","confidence":"openstreetmap_mapped_unverified","field_verified":false,"layer":"osm_marine_access","access_kind":"ferry_terminal","official_status":"unknown","navigability":"unknown"}},{"type":"Feature","geometry":{"type":"Point","coordinates":[3.1529773,6.4244662]},"properties":{"osm_id":"node/13774168013","name":"irewe ojo","named":true,"source":"OpenStreetMap contributors","source_tags":{"admin_level":"6","admin_name":"ojo","amenity":"ferry_terminal","boat_rental":"true","cargo":"passengers","ferry_stop_id":"81","name":"irewe ojo","notes":"admin_level 6 represents local government areas","operational_status":"operational","operator":"private","operator_name":"private","public_transport":"stop_position","source":"survey","source:name":"public tech studio","source_date":"2026-04-21"},"retrieved_at":"2026-09-06T12:43:12.245Z","confidence":"openstreetmap_mapped_unverified","field_verified":false,"layer":"osm_marine_access","access_kind":"ferry_terminal","official_status":"unknown","navigability":"unknown"}},{"type":"Feature","geometry":{"type":"Point","coordinates":[3.4271799,6.4420952]},"properties":{"osm_id":"node/13774168421","name":"Five Cowries/Falomo (VI)","named":true,"source":"OpenStreetMap contributors","source_tags":{"admin_level":"6","admin_name":"Eti_Osa","amenity":"ferry_terminal","amenity:note":"this location is a ferry terminal with active commercial ferry activity.","boat:rental":"false","cargo":"passengers","ferry":"yes","ferry_stop_id":"2","name":"Five Cowries/Falomo (VI)","notes":"admin_level 6 represents local government areas","operational_status":"operational","operator":"public","operator:name":"Lagos State Waterways Authority (LASWA)","public_transport":"station","source":"survey","source:name":"stears open data","survey:date":"2025-02-22"},"retrieved_at":"2026-09-06T12:43:12.245Z","confidence":"openstreetmap_mapped_unverified","field_verified":false,"layer":"osm_marine_access","access_kind":"ferry_terminal","official_status":"unknown","navigability":"unknown"}},{"type":"Feature","geometry":{"type":"Point","coordinates":[3.3702848,6.4345359]},"properties":{"osm_id":"node/13774168455","name":"Allens Unit/Alex Apapa","named":true,"source":"OpenStreetMap contributors","source_tags":{"amenity":"ferry_terminal","name":"Allens Unit/Alex Apapa"},"retrieved_at":"2026-09-06T12:43:12.245Z","confidence":"openstreetmap_mapped_unverified","field_verified":false,"layer":"osm_marine_access","access_kind":"ferry_terminal","official_status":"unknown","navigability":"unknown"}},{"type":"Feature","geometry":{"type":"Point","coordinates":[3.3733952,6.431068]},"properties":{"osm_id":"node/13774168464","name":"kabakaba","named":true,"source":"OpenStreetMap contributors","source_tags":{"admin_level":"6","admin_name":"apapa","amenity":"ferry_terminal","boat_rental":"false","cargo":"passengers","ferry_stop_id":"91","name":"kabakaba","notes":"admin_level 6 represents local government areas","operational_status":"operational","operator":"private","operator_name":"private","public_transport":"stop_position","source":"survey","source:name":"public tech studio","source_date":"2026-04-21"},"retrieved_at":"2026-09-06T12:43:12.245Z","confidence":"openstreetmap_mapped_unverified","field_verified":false,"layer":"osm_marine_access","access_kind":"ferry_terminal","official_status":"unknown","navigability":"unknown"}},{"type":"Feature","geometry":{"type":"Point","coordinates":[3.3709107,6.429987]},"properties":{"osm_id":"node/13774168466","name":"manager","named":true,"source":"OpenStreetMap contributors","source_tags":{"admin_level":"6","admin_name":"apapa","amenity":"ferry_terminal","boat_rental":"false","cargo":"passengers","ferry_stop_id":"99","name":"manager","notes":"admin_level 6 represents local government areas","operational_status":"operational","operator":"private","operator_name":"private","public_transport":"stop_position","source":"survey","source:name":"public tech studio","source_date":"2026-04-21"},"retrieved_at":"2026-09-06T12:43:12.245Z","confidence":"openstreetmap_mapped_unverified","field_verified":false,"layer":"osm_marine_access","access_kind":"ferry_terminal","official_status":"unknown","navigability":"unknown"}},{"type":"Feature","geometry":{"type":"Point","coordinates":[3.3720798,6.4597526]},"properties":{"osm_id":"way/157109050","name":"Unnamed (OSM way/157109050)","named":false,"source":"OpenStreetMap contributors","source_tags":{"man_made":"pier","source":"Bing"},"retrieved_at":"2026-09-06T12:43:12.245Z","confidence":"openstreetmap_mapped_unverified","field_verified":false,"layer":"osm_marine_access","access_kind":"pier","official_status":"unknown","navigability":"unknown"}},{"type":"Feature","geometry":{"type":"Point","coordinates":[3.3385947,6.4302223]},"properties":{"osm_id":"way/157109051","name":"Unnamed (OSM way/157109051)","named":false,"source":"OpenStreetMap contributors","source_tags":{"man_made":"pier","source":"Bing"},"retrieved_at":"2026-09-06T12:43:12.245Z","confidence":"openstreetmap_mapped_unverified","field_verified":false,"layer":"osm_marine_access","access_kind":"pier","official_status":"unknown","navigability":"unknown"}},{"type":"Feature","geometry":{"type":"Point","coordinates":[3.3384563,6.4305575]},"properties":{"osm_id":"way/157109052","name":"Unnamed (OSM way/157109052)","named":false,"source":"OpenStreetMap contributors","source_tags":{"man_made":"pier","source":"Bing"},"retrieved_at":"2026-09-06T12:43:12.245Z","confidence":"openstreetmap_mapped_unverified","field_verified":false,"layer":"osm_marine_access","access_kind":"pier","official_status":"unknown","navigability":"unknown"}},{"type":"Feature","geometry":{"type":"Point","coordinates":[3.3728526,6.4606972]},"properties":{"osm_id":"way/157109053","name":"Unnamed (OSM way/157109053)","named":false,"source":"OpenStreetMap contributors","source_tags":{"man_made":"pier","source":"Bing"},"retrieved_at":"2026-09-06T12:43:12.245Z","confidence":"openstreetmap_mapped_unverified","field_verified":false,"layer":"osm_marine_access","access_kind":"pier","official_status":"unknown","navigability":"unknown"}},{"type":"Feature","geometry":{"type":"Point","coordinates":[3.3730691,6.4610516]},"properties":{"osm_id":"way/157109054","name":"Unnamed (OSM way/157109054)","named":false,"source":"OpenStreetMap contributors","source_tags":{"man_made":"pier","source":"Bing"},"retrieved_at":"2026-09-06T12:43:12.245Z","confidence":"openstreetmap_mapped_unverified","field_verified":false,"layer":"osm_marine_access","access_kind":"pier","official_status":"unknown","navigability":"unknown"}},{"type":"Feature","geometry":{"type":"Point","coordinates":[3.3595901,6.4368868]},"properties":{"osm_id":"way/157109055","name":"Unnamed (OSM way/157109055)","named":false,"source":"OpenStreetMap contributors","source_tags":{"man_made":"pier","source":"Bing"},"retrieved_at":"2026-09-06T12:43:12.245Z","confidence":"openstreetmap_mapped_unverified","field_verified":false,"layer":"osm_marine_access","access_kind":"pier","official_status":"unknown","navigability":"unknown"}},{"type":"Feature","geometry":{"type":"Point","coordinates":[3.298704,6.4385472]},"properties":{"osm_id":"way/157109056","name":"Unnamed (OSM way/157109056)","named":false,"source":"OpenStreetMap contributors","source_tags":{"man_made":"pier","source":"Bing"},"retrieved_at":"2026-09-06T12:43:12.245Z","confidence":"openstreetmap_mapped_unverified","field_verified":false,"layer":"osm_marine_access","access_kind":"pier","official_status":"unknown","navigability":"unknown"}},{"type":"Feature","geometry":{"type":"Point","coordinates":[3.3352676,6.4329586]},"properties":{"osm_id":"way/157109057","name":"Unnamed (OSM way/157109057)","named":false,"source":"OpenStreetMap contributors","source_tags":{"area":"yes","man_made":"pier","source":"Bing","surface":"unpaved"},"retrieved_at":"2026-09-06T12:43:12.245Z","confidence":"openstreetmap_mapped_unverified","field_verified":false,"layer":"osm_marine_access","access_kind":"pier","official_status":"unknown","navigability":"unknown"}},{"type":"Feature","geometry":{"type":"Point","coordinates":[3.3722962,6.4589748]},"properties":{"osm_id":"way/157109103","name":"Unnamed (OSM way/157109103)","named":false,"source":"OpenStreetMap contributors","source_tags":{"man_made":"pier","source":"Bing"},"retrieved_at":"2026-09-06T12:43:12.245Z","confidence":"openstreetmap_mapped_unverified","field_verified":false,"layer":"osm_marine_access","access_kind":"pier","official_status":"unknown","navigability":"unknown"}},{"type":"Feature","geometry":{"type":"Point","coordinates":[3.3934534,6.4106824]},"properties":{"osm_id":"way/172235078","name":"Unnamed (OSM way/172235078)","named":false,"source":"OpenStreetMap contributors","source_tags":{"area":"yes","man_made":"pier","surface":"unpaved"},"retrieved_at":"2026-09-06T12:43:12.245Z","confidence":"openstreetmap_mapped_unverified","field_verified":false,"layer":"osm_marine_access","access_kind":"pier","official_status":"unknown","navigability":"unknown"}},{"type":"Feature","geometry":{"type":"Point","coordinates":[3.3934222,6.4106068]},"properties":{"osm_id":"way/172235080","name":"Unnamed (OSM way/172235080)","named":false,"source":"OpenStreetMap contributors","source_tags":{"area":"yes","man_made":"pier","surface":"unpaved"},"retrieved_at":"2026-09-06T12:43:12.245Z","confidence":"openstreetmap_mapped_unverified","field_verified":false,"layer":"osm_marine_access","access_kind":"pier","official_status":"unknown","navigability":"unknown"}},{"type":"Feature","geometry":{"type":"Point","coordinates":[3.3608072,6.4320546]},"properties":{"osm_id":"way/182794402","name":"Unnamed (OSM way/182794402)","named":false,"source":"OpenStreetMap contributors","source_tags":{"man_made":"pier"},"retrieved_at":"2026-09-06T12:43:12.245Z","confidence":"openstreetmap_mapped_unverified","field_verified":false,"layer":"osm_marine_access","access_kind":"pier","official_status":"unknown","navigability":"unknown"}},{"type":"Feature","geometry":{"type":"Point","coordinates":[3.3713852,6.457059]},"properties":{"osm_id":"way/215323586","name":"Unnamed (OSM way/215323586)","named":false,"source":"OpenStreetMap contributors","source_tags":{"man_made":"pier","source":"Bing"},"retrieved_at":"2026-09-06T12:43:12.245Z","confidence":"openstreetmap_mapped_unverified","field_verified":false,"layer":"osm_marine_access","access_kind":"pier","official_status":"unknown","navigability":"unknown"}},{"type":"Feature","geometry":{"type":"Point","coordinates":[3.3850454,6.4717366]},"properties":{"osm_id":"way/215323587","name":"Unnamed (OSM way/215323587)","named":false,"source":"OpenStreetMap contributors","source_tags":{"man_made":"pier"},"retrieved_at":"2026-09-06T12:43:12.245Z","confidence":"openstreetmap_mapped_unverified","field_verified":false,"layer":"osm_marine_access","access_kind":"pier","official_status":"unknown","navigability":"unknown"}},{"type":"Feature","geometry":{"type":"Point","coordinates":[3.3717551,6.4566436]},"properties":{"osm_id":"way/215323589","name":"Unnamed (OSM way/215323589)","named":false,"source":"OpenStreetMap contributors","source_tags":{"man_made":"pier","source":"Bing"},"retrieved_at":"2026-09-06T12:43:12.245Z","confidence":"openstreetmap_mapped_unverified","field_verified":false,"layer":"osm_marine_access","access_kind":"pier","official_status":"unknown","navigability":"unknown"}},{"type":"Feature","geometry":{"type":"Point","coordinates":[3.3848914,6.4721441]},"properties":{"osm_id":"way/215323590","name":"Unnamed (OSM way/215323590)","named":false,"source":"OpenStreetMap contributors","source_tags":{"man_made":"pier"},"retrieved_at":"2026-09-06T12:43:12.245Z","confidence":"openstreetmap_mapped_unverified","field_verified":false,"layer":"osm_marine_access","access_kind":"pier","official_status":"unknown","navigability":"unknown"}},{"type":"Feature","geometry":{"type":"Point","coordinates":[3.3931095,6.4349868]},"properties":{"osm_id":"way/292126976","name":"Unnamed (OSM way/292126976)","named":false,"source":"OpenStreetMap contributors","source_tags":{"man_made":"pier"},"retrieved_at":"2026-09-06T12:43:12.245Z","confidence":"openstreetmap_mapped_unverified","field_verified":false,"layer":"osm_marine_access","access_kind":"pier","official_status":"unknown","navigability":"unknown"}},{"type":"Feature","geometry":{"type":"Point","coordinates":[3.3929992,6.4347475]},"properties":{"osm_id":"way/292126977","name":"Unnamed (OSM way/292126977)","named":false,"source":"OpenStreetMap contributors","source_tags":{"man_made":"pier"},"retrieved_at":"2026-09-06T12:43:12.245Z","confidence":"openstreetmap_mapped_unverified","field_verified":false,"layer":"osm_marine_access","access_kind":"pier","official_status":"unknown","navigability":"unknown"}},{"type":"Feature","geometry":{"type":"Point","coordinates":[3.3645595,6.4340919]},"properties":{"osm_id":"way/292234296","name":"Unnamed (OSM way/292234296)","named":false,"source":"OpenStreetMap contributors","source_tags":{"man_made":"pier"},"retrieved_at":"2026-09-06T12:43:12.245Z","confidence":"openstreetmap_mapped_unverified","field_verified":false,"layer":"osm_marine_access","access_kind":"pier","official_status":"unknown","navigability":"unknown"}},{"type":"Feature","geometry":{"type":"Point","coordinates":[3.3642979,6.4339906]},"properties":{"osm_id":"way/292234297","name":"Unnamed (OSM way/292234297)","named":false,"source":"OpenStreetMap contributors","source_tags":{"man_made":"pier"},"retrieved_at":"2026-09-06T12:43:12.245Z","confidence":"openstreetmap_mapped_unverified","field_verified":false,"layer":"osm_marine_access","access_kind":"pier","official_status":"unknown","navigability":"unknown"}},{"type":"Feature","geometry":{"type":"Point","coordinates":[3.371778,6.4551472]},"properties":{"osm_id":"way/303184792","name":"Unnamed (OSM way/303184792)","named":false,"source":"OpenStreetMap contributors","source_tags":{"man_made":"pier"},"retrieved_at":"2026-09-06T12:43:12.245Z","confidence":"openstreetmap_mapped_unverified","field_verified":false,"layer":"osm_marine_access","access_kind":"pier","official_status":"unknown","navigability":"unknown"}},{"type":"Feature","geometry":{"type":"Point","coordinates":[3.3718114,6.4549564]},"properties":{"osm_id":"way/303184793","name":"Unnamed (OSM way/303184793)","named":false,"source":"OpenStreetMap contributors","source_tags":{"man_made":"pier"},"retrieved_at":"2026-09-06T12:43:12.245Z","confidence":"openstreetmap_mapped_unverified","field_verified":false,"layer":"osm_marine_access","access_kind":"pier","official_status":"unknown","navigability":"unknown"}},{"type":"Feature","geometry":{"type":"Point","coordinates":[3.3721481,6.4532709]},"properties":{"osm_id":"way/303184794","name":"Unnamed (OSM way/303184794)","named":false,"source":"OpenStreetMap contributors","source_tags":{"man_made":"pier"},"retrieved_at":"2026-09-06T12:43:12.245Z","confidence":"openstreetmap_mapped_unverified","field_verified":false,"layer":"osm_marine_access","access_kind":"pier","official_status":"unknown","navigability":"unknown"}},{"type":"Feature","geometry":{"type":"Point","coordinates":[3.3722061,6.4531036]},"properties":{"osm_id":"way/303184795","name":"Unnamed (OSM way/303184795)","named":false,"source":"OpenStreetMap contributors","source_tags":{"man_made":"pier"},"retrieved_at":"2026-09-06T12:43:12.245Z","confidence":"openstreetmap_mapped_unverified","field_verified":false,"layer":"osm_marine_access","access_kind":"pier","official_status":"unknown","navigability":"unknown"}},{"type":"Feature","geometry":{"type":"Point","coordinates":[3.3738218,6.4502059]},"properties":{"osm_id":"way/303184796","name":"Unnamed (OSM way/303184796)","named":false,"source":"OpenStreetMap contributors","source_tags":{"man_made":"pier"},"retrieved_at":"2026-09-06T12:43:12.245Z","confidence":"openstreetmap_mapped_unverified","field_verified":false,"layer":"osm_marine_access","access_kind":"pier","official_status":"unknown","navigability":"unknown"}},{"type":"Feature","geometry":{"type":"Point","coordinates":[3.4168658,6.4371366]},"properties":{"osm_id":"way/411688720","name":"Unnamed (OSM way/411688720)","named":false,"source":"OpenStreetMap contributors","source_tags":{"man_made":"pier"},"retrieved_at":"2026-09-06T12:43:12.245Z","confidence":"openstreetmap_mapped_unverified","field_verified":false,"layer":"osm_marine_access","access_kind":"pier","official_status":"unknown","navigability":"unknown"}},{"type":"Feature","geometry":{"type":"Point","coordinates":[3.4303107,6.4404921]},"properties":{"osm_id":"way/415781967","name":"Unnamed (OSM way/415781967)","named":false,"source":"OpenStreetMap contributors","source_tags":{"access":"private","area":"yes","man_made":"pier"},"retrieved_at":"2026-09-06T12:43:12.245Z","confidence":"openstreetmap_mapped_unverified","field_verified":false,"layer":"osm_marine_access","access_kind":"pier","official_status":"unknown","navigability":"unknown"}},{"type":"Feature","geometry":{"type":"Point","coordinates":[3.3887582,6.4497545]},"properties":{"osm_id":"way/444731039","name":"Unnamed (OSM way/444731039)","named":false,"source":"OpenStreetMap contributors","source_tags":{"area":"yes","man_made":"pier"},"retrieved_at":"2026-09-06T12:43:12.245Z","confidence":"openstreetmap_mapped_unverified","field_verified":false,"layer":"osm_marine_access","access_kind":"pier","official_status":"unknown","navigability":"unknown"}},{"type":"Feature","geometry":{"type":"Point","coordinates":[3.4086146,6.4410694]},"properties":{"osm_id":"way/478877313","name":"Unnamed (OSM way/478877313)","named":false,"source":"OpenStreetMap contributors","source_tags":{"area":"yes","man_made":"pier"},"retrieved_at":"2026-09-06T12:43:12.245Z","confidence":"openstreetmap_mapped_unverified","field_verified":false,"layer":"osm_marine_access","access_kind":"pier","official_status":"unknown","navigability":"unknown"}},{"type":"Feature","geometry":{"type":"Point","coordinates":[3.4383609,6.4425228]},"properties":{"osm_id":"way/482055910","name":"Unnamed (OSM way/482055910)","named":false,"source":"OpenStreetMap contributors","source_tags":{"area":"yes","man_made":"pier"},"retrieved_at":"2026-09-06T12:43:12.245Z","confidence":"openstreetmap_mapped_unverified","field_verified":false,"layer":"osm_marine_access","access_kind":"pier","official_status":"unknown","navigability":"unknown"}},{"type":"Feature","geometry":{"type":"Point","coordinates":[3.4395484,6.442167]},"properties":{"osm_id":"way/482055911","name":"Unnamed (OSM way/482055911)","named":false,"source":"OpenStreetMap contributors","source_tags":{"area":"yes","man_made":"pier"},"retrieved_at":"2026-09-06T12:43:12.245Z","confidence":"openstreetmap_mapped_unverified","field_verified":false,"layer":"osm_marine_access","access_kind":"pier","official_status":"unknown","navigability":"unknown"}},{"type":"Feature","geometry":{"type":"Point","coordinates":[3.46023,6.4562789]},"properties":{"osm_id":"way/482187921","name":"Unnamed (OSM way/482187921)","named":false,"source":"OpenStreetMap contributors","source_tags":{"area":"yes","man_made":"pier"},"retrieved_at":"2026-09-06T12:43:12.245Z","confidence":"openstreetmap_mapped_unverified","field_verified":false,"layer":"osm_marine_access","access_kind":"pier","official_status":"unknown","navigability":"unknown"}},{"type":"Feature","geometry":{"type":"Point","coordinates":[3.4603254,6.4558327]},"properties":{"osm_id":"way/482187923","name":"Unnamed (OSM way/482187923)","named":false,"source":"OpenStreetMap contributors","source_tags":{"area":"yes","man_made":"pier"},"retrieved_at":"2026-09-06T12:43:12.245Z","confidence":"openstreetmap_mapped_unverified","field_verified":false,"layer":"osm_marine_access","access_kind":"pier","official_status":"unknown","navigability":"unknown"}},{"type":"Feature","geometry":{"type":"Point","coordinates":[3.4153107,6.4372232]},"properties":{"osm_id":"way/529943963","name":"Unnamed (OSM way/529943963)","named":false,"source":"OpenStreetMap contributors","source_tags":{"man_made":"pier"},"retrieved_at":"2026-09-06T12:43:12.245Z","confidence":"openstreetmap_mapped_unverified","field_verified":false,"layer":"osm_marine_access","access_kind":"pier","official_status":"unknown","navigability":"unknown"}},{"type":"Feature","geometry":{"type":"Point","coordinates":[3.4382224,6.4392842]},"properties":{"osm_id":"way/536134433","name":"Unnamed (OSM way/536134433)","named":false,"source":"OpenStreetMap contributors","source_tags":{"area":"yes","man_made":"pier"},"retrieved_at":"2026-09-06T12:43:12.245Z","confidence":"openstreetmap_mapped_unverified","field_verified":false,"layer":"osm_marine_access","access_kind":"pier","official_status":"unknown","navigability":"unknown"}},{"type":"Feature","geometry":{"type":"Point","coordinates":[3.4116139,6.4387627]},"properties":{"osm_id":"way/537017504","name":"Unnamed (OSM way/537017504)","named":false,"source":"OpenStreetMap contributors","source_tags":{"area":"yes","man_made":"pier"},"retrieved_at":"2026-09-06T12:43:12.245Z","confidence":"openstreetmap_mapped_unverified","field_verified":false,"layer":"osm_marine_access","access_kind":"pier","official_status":"unknown","navigability":"unknown"}},{"type":"Feature","geometry":{"type":"Point","coordinates":[3.4111268,6.439278]},"properties":{"osm_id":"way/537017505","name":"Unnamed (OSM way/537017505)","named":false,"source":"OpenStreetMap contributors","source_tags":{"area":"yes","man_made":"pier"},"retrieved_at":"2026-09-06T12:43:12.245Z","confidence":"openstreetmap_mapped_unverified","field_verified":false,"layer":"osm_marine_access","access_kind":"pier","official_status":"unknown","navigability":"unknown"}},{"type":"Feature","geometry":{"type":"Point","coordinates":[3.4107913,6.4396375]},"properties":{"osm_id":"way/537017506","name":"Unnamed (OSM way/537017506)","named":false,"source":"OpenStreetMap contributors","source_tags":{"area":"yes","man_made":"pier"},"retrieved_at":"2026-09-06T12:43:12.245Z","confidence":"openstreetmap_mapped_unverified","field_verified":false,"layer":"osm_marine_access","access_kind":"pier","official_status":"unknown","navigability":"unknown"}},{"type":"Feature","geometry":{"type":"Point","coordinates":[3.4124715,6.4415257]},"properties":{"osm_id":"way/542419722","name":"Unnamed (OSM way/542419722)","named":false,"source":"OpenStreetMap contributors","source_tags":{"area":"yes","man_made":"pier"},"retrieved_at":"2026-09-06T12:43:12.245Z","confidence":"openstreetmap_mapped_unverified","field_verified":false,"layer":"osm_marine_access","access_kind":"pier","official_status":"unknown","navigability":"unknown"}},{"type":"Feature","geometry":{"type":"Point","coordinates":[3.4244712,6.4393652]},"properties":{"osm_id":"way/542661181","name":"Unnamed (OSM way/542661181)","named":false,"source":"OpenStreetMap contributors","source_tags":{"area":"yes","man_made":"pier"},"retrieved_at":"2026-09-06T12:43:12.245Z","confidence":"openstreetmap_mapped_unverified","field_verified":false,"layer":"osm_marine_access","access_kind":"pier","official_status":"unknown","navigability":"unknown"}},{"type":"Feature","geometry":{"type":"Point","coordinates":[3.4098625,6.4428349]},"properties":{"osm_id":"way/544005116","name":"Unnamed (OSM way/544005116)","named":false,"source":"OpenStreetMap contributors","source_tags":{"area":"yes","man_made":"pier"},"retrieved_at":"2026-09-06T12:43:12.245Z","confidence":"openstreetmap_mapped_unverified","field_verified":false,"layer":"osm_marine_access","access_kind":"pier","official_status":"unknown","navigability":"unknown"}},{"type":"Feature","geometry":{"type":"Point","coordinates":[3.4094527,6.4429591]},"properties":{"osm_id":"way/544005117","name":"Unnamed (OSM way/544005117)","named":false,"source":"OpenStreetMap contributors","source_tags":{"area":"yes","man_made":"pier"},"retrieved_at":"2026-09-06T12:43:12.245Z","confidence":"openstreetmap_mapped_unverified","field_verified":false,"layer":"osm_marine_access","access_kind":"pier","official_status":"unknown","navigability":"unknown"}},{"type":"Feature","geometry":{"type":"Point","coordinates":[3.4071541,6.4412492]},"properties":{"osm_id":"way/544346791","name":"Unnamed (OSM way/544346791)","named":false,"source":"OpenStreetMap contributors","source_tags":{"area":"yes","man_made":"pier"},"retrieved_at":"2026-09-06T12:43:12.245Z","confidence":"openstreetmap_mapped_unverified","field_verified":false,"layer":"osm_marine_access","access_kind":"pier","official_status":"unknown","navigability":"unknown"}},{"type":"Feature","geometry":{"type":"Point","coordinates":[3.4120207,6.4417878]},"properties":{"osm_id":"way/544346793","name":"Unnamed (OSM way/544346793)","named":false,"source":"OpenStreetMap contributors","source_tags":{"area":"yes","man_made":"pier"},"retrieved_at":"2026-09-06T12:43:12.245Z","confidence":"openstreetmap_mapped_unverified","field_verified":false,"layer":"osm_marine_access","access_kind":"pier","official_status":"unknown","navigability":"unknown"}},{"type":"Feature","geometry":{"type":"Point","coordinates":[3.4679811,6.4595514]},"properties":{"osm_id":"way/544346831","name":"Unnamed (OSM way/544346831)","named":false,"source":"OpenStreetMap contributors","source_tags":{"area":"yes","man_made":"pier"},"retrieved_at":"2026-09-06T12:43:12.245Z","confidence":"openstreetmap_mapped_unverified","field_verified":false,"layer":"osm_marine_access","access_kind":"pier","official_status":"unknown","navigability":"unknown"}},{"type":"Feature","geometry":{"type":"Point","coordinates":[3.4074829,6.4412434]},"properties":{"osm_id":"way/548600214","name":"Unnamed (OSM way/548600214)","named":false,"source":"OpenStreetMap contributors","source_tags":{"area":"yes","man_made":"pier"},"retrieved_at":"2026-09-06T12:43:12.245Z","confidence":"openstreetmap_mapped_unverified","field_verified":false,"layer":"osm_marine_access","access_kind":"pier","official_status":"unknown","navigability":"unknown"}},{"type":"Feature","geometry":{"type":"Point","coordinates":[3.4590027,6.4577435]},"properties":{"osm_id":"way/554313108","name":"Unnamed (OSM way/554313108)","named":false,"source":"OpenStreetMap contributors","source_tags":{"area":"yes","man_made":"pier"},"retrieved_at":"2026-09-06T12:43:12.245Z","confidence":"openstreetmap_mapped_unverified","field_verified":false,"layer":"osm_marine_access","access_kind":"pier","official_status":"unknown","navigability":"unknown"}},{"type":"Feature","geometry":{"type":"Point","coordinates":[3.4474371,6.4390026]},"properties":{"osm_id":"way/556508178","name":"Unnamed (OSM way/556508178)","named":false,"source":"OpenStreetMap contributors","source_tags":{"area":"yes","man_made":"pier"},"retrieved_at":"2026-09-06T12:43:12.245Z","confidence":"openstreetmap_mapped_unverified","field_verified":false,"layer":"osm_marine_access","access_kind":"pier","official_status":"unknown","navigability":"unknown"}},{"type":"Feature","geometry":{"type":"Point","coordinates":[3.447793,6.4390138]},"properties":{"osm_id":"way/556508179","name":"Unnamed (OSM way/556508179)","named":false,"source":"OpenStreetMap contributors","source_tags":{"area":"yes","man_made":"pier"},"retrieved_at":"2026-09-06T12:43:12.245Z","confidence":"openstreetmap_mapped_unverified","field_verified":false,"layer":"osm_marine_access","access_kind":"pier","official_status":"unknown","navigability":"unknown"}},{"type":"Feature","geometry":{"type":"Point","coordinates":[3.4402041,6.4415201]},"properties":{"osm_id":"way/556508180","name":"Unnamed (OSM way/556508180)","named":false,"source":"OpenStreetMap contributors","source_tags":{"area":"yes","man_made":"pier"},"retrieved_at":"2026-09-06T12:43:12.245Z","confidence":"openstreetmap_mapped_unverified","field_verified":false,"layer":"osm_marine_access","access_kind":"pier","official_status":"unknown","navigability":"unknown"}},{"type":"Feature","geometry":{"type":"Point","coordinates":[3.4404811,6.4413898]},"properties":{"osm_id":"way/556508181","name":"Unnamed (OSM way/556508181)","named":false,"source":"OpenStreetMap contributors","source_tags":{"area":"yes","man_made":"pier"},"retrieved_at":"2026-09-06T12:43:12.245Z","confidence":"openstreetmap_mapped_unverified","field_verified":false,"layer":"osm_marine_access","access_kind":"pier","official_status":"unknown","navigability":"unknown"}},{"type":"Feature","geometry":{"type":"Point","coordinates":[3.4473195,6.4685181]},"properties":{"osm_id":"way/567964424","name":"Unnamed (OSM way/567964424)","named":false,"source":"OpenStreetMap contributors","source_tags":{"area":"yes","man_made":"pier"},"retrieved_at":"2026-09-06T12:43:12.245Z","confidence":"openstreetmap_mapped_unverified","field_verified":false,"layer":"osm_marine_access","access_kind":"pier","official_status":"unknown","navigability":"unknown"}},{"type":"Feature","geometry":{"type":"Point","coordinates":[3.4289103,6.44003]},"properties":{"osm_id":"way/568364442","name":"Unnamed (OSM way/568364442)","named":false,"source":"OpenStreetMap contributors","source_tags":{"area":"yes","man_made":"pier"},"retrieved_at":"2026-09-06T12:43:12.245Z","confidence":"openstreetmap_mapped_unverified","field_verified":false,"layer":"osm_marine_access","access_kind":"pier","official_status":"unknown","navigability":"unknown"}},{"type":"Feature","geometry":{"type":"Point","coordinates":[3.4124403,6.4381748]},"properties":{"osm_id":"way/568364447","name":"Unnamed (OSM way/568364447)","named":false,"source":"OpenStreetMap contributors","source_tags":{"area":"yes","man_made":"pier"},"retrieved_at":"2026-09-06T12:43:12.245Z","confidence":"openstreetmap_mapped_unverified","field_verified":false,"layer":"osm_marine_access","access_kind":"pier","official_status":"unknown","navigability":"unknown"}},{"type":"Feature","geometry":{"type":"Point","coordinates":[3.4309551,6.4427887]},"properties":{"osm_id":"way/570496123","name":"Unnamed (OSM way/570496123)","named":false,"source":"OpenStreetMap contributors","source_tags":{"area":"yes","man_made":"pier"},"retrieved_at":"2026-09-06T12:43:12.245Z","confidence":"openstreetmap_mapped_unverified","field_verified":false,"layer":"osm_marine_access","access_kind":"pier","official_status":"unknown","navigability":"unknown"}},{"type":"Feature","geometry":{"type":"Point","coordinates":[3.4272331,6.4433969]},"properties":{"osm_id":"way/593494003","name":"Five Cowries Terminal","named":true,"source":"OpenStreetMap contributors","source_tags":{"addr:street":"Falomo Roundabout","alt_name":"Falomo Ferry Terminal","amenity":"ferry_terminal","ferry":"yes","name":"Five Cowries Terminal","public_transport":"station"},"retrieved_at":"2026-09-06T12:43:12.245Z","confidence":"openstreetmap_mapped_unverified","field_verified":false,"layer":"osm_marine_access","access_kind":"ferry_terminal","official_status":"unknown","navigability":"unknown"}},{"type":"Feature","geometry":{"type":"Point","coordinates":[3.4241679,6.4392895]},"properties":{"osm_id":"way/593494004","name":"Unnamed (OSM way/593494004)","named":false,"source":"OpenStreetMap contributors","source_tags":{"area":"yes","man_made":"pier"},"retrieved_at":"2026-09-06T12:43:12.245Z","confidence":"openstreetmap_mapped_unverified","field_verified":false,"layer":"osm_marine_access","access_kind":"pier","official_status":"unknown","navigability":"unknown"}},{"type":"Feature","geometry":{"type":"Point","coordinates":[3.4248484,6.4395109]},"properties":{"osm_id":"way/593494005","name":"Unnamed (OSM way/593494005)","named":false,"source":"OpenStreetMap contributors","source_tags":{"area":"yes","man_made":"pier"},"retrieved_at":"2026-09-06T12:43:12.245Z","confidence":"openstreetmap_mapped_unverified","field_verified":false,"layer":"osm_marine_access","access_kind":"pier","official_status":"unknown","navigability":"unknown"}},{"type":"Feature","geometry":{"type":"Point","coordinates":[3.4172509,6.4633893]},"properties":{"osm_id":"way/593494006","name":"Texas Connection Ferries","named":true,"source":"OpenStreetMap contributors","source_tags":{"amenity":"ferry_terminal","ferry":"yes","name":"Texas Connection Ferries","public_transport":"station","website":"http://www.texasconnectionferries.com/"},"retrieved_at":"2026-09-06T12:43:12.245Z","confidence":"openstreetmap_mapped_unverified","field_verified":false,"layer":"osm_marine_access","access_kind":"ferry_terminal","official_status":"unknown","navigability":"unknown"}},{"type":"Feature","geometry":{"type":"Point","coordinates":[3.4173097,6.4643626]},"properties":{"osm_id":"way/593494007","name":"Unnamed (OSM way/593494007)","named":false,"source":"OpenStreetMap contributors","source_tags":{"area":"yes","man_made":"pier"},"retrieved_at":"2026-09-06T12:43:12.245Z","confidence":"openstreetmap_mapped_unverified","field_verified":false,"layer":"osm_marine_access","access_kind":"pier","official_status":"unknown","navigability":"unknown"}},{"type":"Feature","geometry":{"type":"Point","coordinates":[3.4269646,6.442029]},"properties":{"osm_id":"way/598412514","name":"Unnamed (OSM way/598412514)","named":false,"source":"OpenStreetMap contributors","source_tags":{"area":"yes","man_made":"pier"},"retrieved_at":"2026-09-06T12:43:12.245Z","confidence":"openstreetmap_mapped_unverified","field_verified":false,"layer":"osm_marine_access","access_kind":"pier","official_status":"unknown","navigability":"unknown"}},{"type":"Feature","geometry":{"type":"Point","coordinates":[3.4071542,6.4413804]},"properties":{"osm_id":"way/598999096","name":"Unnamed (OSM way/598999096)","named":false,"source":"OpenStreetMap contributors","source_tags":{"area":"yes","man_made":"pier"},"retrieved_at":"2026-09-06T12:43:12.245Z","confidence":"openstreetmap_mapped_unverified","field_verified":false,"layer":"osm_marine_access","access_kind":"pier","official_status":"unknown","navigability":"unknown"}},{"type":"Feature","geometry":{"type":"Point","coordinates":[3.4061669,6.4431392]},"properties":{"osm_id":"way/599458871","name":"Unnamed (OSM way/599458871)","named":false,"source":"OpenStreetMap contributors","source_tags":{"area":"yes","man_made":"pier"},"retrieved_at":"2026-09-06T12:43:12.245Z","confidence":"openstreetmap_mapped_unverified","field_verified":false,"layer":"osm_marine_access","access_kind":"pier","official_status":"unknown","navigability":"unknown"}},{"type":"Feature","geometry":{"type":"Point","coordinates":[3.4355966,6.4636934]},"properties":{"osm_id":"way/604051513","name":"Unnamed (OSM way/604051513)","named":false,"source":"OpenStreetMap contributors","source_tags":{"area":"yes","man_made":"pier"},"retrieved_at":"2026-09-06T12:43:12.245Z","confidence":"openstreetmap_mapped_unverified","field_verified":false,"layer":"osm_marine_access","access_kind":"pier","official_status":"unknown","navigability":"unknown"}},{"type":"Feature","geometry":{"type":"Point","coordinates":[3.3762341,6.4553609]},"properties":{"osm_id":"way/607668782","name":"Mid Stream Jetty","named":true,"source":"OpenStreetMap contributors","source_tags":{"area":"yes","man_made":"pier","name":"Mid Stream Jetty"},"retrieved_at":"2026-09-06T12:43:12.245Z","confidence":"openstreetmap_mapped_unverified","field_verified":false,"layer":"osm_marine_access","access_kind":"pier","official_status":"unknown","navigability":"unknown"}},{"type":"Feature","geometry":{"type":"Point","coordinates":[3.4350103,6.4430797]},"properties":{"osm_id":"way/625147505","name":"Unnamed (OSM way/625147505)","named":false,"source":"OpenStreetMap contributors","source_tags":{"area":"yes","man_made":"pier"},"retrieved_at":"2026-09-06T12:43:12.245Z","confidence":"openstreetmap_mapped_unverified","field_verified":false,"layer":"osm_marine_access","access_kind":"pier","official_status":"unknown","navigability":"unknown"}},{"type":"Feature","geometry":{"type":"Point","coordinates":[3.4333107,6.4432181]},"properties":{"osm_id":"way/641988331","name":"Unnamed (OSM way/641988331)","named":false,"source":"OpenStreetMap contributors","source_tags":{"area":"yes","man_made":"pier"},"retrieved_at":"2026-09-06T12:43:12.245Z","confidence":"openstreetmap_mapped_unverified","field_verified":false,"layer":"osm_marine_access","access_kind":"pier","official_status":"unknown","navigability":"unknown"}},{"type":"Feature","geometry":{"type":"Point","coordinates":[3.4866471,6.6014758]},"properties":{"osm_id":"way/659370442","name":"Ikorodu Ferry Terminal","named":true,"source":"OpenStreetMap contributors","source_tags":{"amenity":"ferry_terminal","ferry":"yes","name":"Ikorodu Ferry Terminal","public_transport":"station"},"retrieved_at":"2026-09-06T12:43:12.245Z","confidence":"openstreetmap_mapped_unverified","field_verified":false,"layer":"osm_marine_access","access_kind":"ferry_terminal","official_status":"unknown","navigability":"unknown"}},{"type":"Feature","geometry":{"type":"Point","coordinates":[3.6053739,6.5151449]},"properties":{"osm_id":"way/669950822","name":"Unnamed (OSM way/669950822)","named":false,"source":"OpenStreetMap contributors","source_tags":{"area":"yes","man_made":"pier"},"retrieved_at":"2026-09-06T12:43:12.245Z","confidence":"openstreetmap_mapped_unverified","field_verified":false,"layer":"osm_marine_access","access_kind":"pier","official_status":"unknown","navigability":"unknown"}},{"type":"Feature","geometry":{"type":"Point","coordinates":[3.589451,6.5635204]},"properties":{"osm_id":"way/669952560","name":"Unnamed (OSM way/669952560)","named":false,"source":"OpenStreetMap contributors","source_tags":{"man_made":"pier"},"retrieved_at":"2026-09-06T12:43:12.245Z","confidence":"openstreetmap_mapped_unverified","field_verified":false,"layer":"osm_marine_access","access_kind":"pier","official_status":"unknown","navigability":"unknown"}},{"type":"Feature","geometry":{"type":"Point","coordinates":[3.5895615,6.563446]},"properties":{"osm_id":"way/669952561","name":"Unnamed (OSM way/669952561)","named":false,"source":"OpenStreetMap contributors","source_tags":{"man_made":"pier"},"retrieved_at":"2026-09-06T12:43:12.245Z","confidence":"openstreetmap_mapped_unverified","field_verified":false,"layer":"osm_marine_access","access_kind":"pier","official_status":"unknown","navigability":"unknown"}},{"type":"Feature","geometry":{"type":"Point","coordinates":[3.5530592,6.5361928]},"properties":{"osm_id":"way/669954811","name":"Unnamed (OSM way/669954811)","named":false,"source":"OpenStreetMap contributors","source_tags":{"area":"yes","covered":"yes","man_made":"pier"},"retrieved_at":"2026-09-06T12:43:12.245Z","confidence":"openstreetmap_mapped_unverified","field_verified":false,"layer":"osm_marine_access","access_kind":"pier","official_status":"unknown","navigability":"unknown"}},{"type":"Feature","geometry":{"type":"Point","coordinates":[3.3895041,6.449456]},"properties":{"osm_id":"way/669986877","name":"Unnamed (OSM way/669986877)","named":false,"source":"OpenStreetMap contributors","source_tags":{"area":"yes","man_made":"pier"},"retrieved_at":"2026-09-06T12:43:12.245Z","confidence":"openstreetmap_mapped_unverified","field_verified":false,"layer":"osm_marine_access","access_kind":"pier","official_status":"unknown","navigability":"unknown"}},{"type":"Feature","geometry":{"type":"Point","coordinates":[3.2055681,6.4530602]},"properties":{"osm_id":"way/669995928","name":"Unnamed (OSM way/669995928)","named":false,"source":"OpenStreetMap contributors","source_tags":{"area":"yes","man_made":"pier"},"retrieved_at":"2026-09-06T12:43:12.245Z","confidence":"openstreetmap_mapped_unverified","field_verified":false,"layer":"osm_marine_access","access_kind":"pier","official_status":"unknown","navigability":"unknown"}},{"type":"Feature","geometry":{"type":"Point","coordinates":[3.2054063,6.4529603]},"properties":{"osm_id":"way/669995929","name":"Unnamed (OSM way/669995929)","named":false,"source":"OpenStreetMap contributors","source_tags":{"area":"yes","man_made":"pier"},"retrieved_at":"2026-09-06T12:43:12.245Z","confidence":"openstreetmap_mapped_unverified","field_verified":false,"layer":"osm_marine_access","access_kind":"pier","official_status":"unknown","navigability":"unknown"}},{"type":"Feature","geometry":{"type":"Point","coordinates":[3.415437,6.463899]},"properties":{"osm_id":"way/670003658","name":"Osborne Ferry Terminal Ikoyi","named":true,"source":"OpenStreetMap contributors","source_tags":{"disused:amenity":"ferry_terminal","ferry":"yes","name":"Osborne Ferry Terminal Ikoyi","public_transport":"station"},"retrieved_at":"2026-09-06T12:43:12.245Z","confidence":"openstreetmap_mapped_unverified","field_verified":false,"layer":"osm_marine_access","access_kind":"ferry_terminal","official_status":"unknown","navigability":"unknown"}},{"type":"Feature","geometry":{"type":"Point","coordinates":[3.6147175,6.5123615]},"properties":{"osm_id":"way/670006919","name":"Unnamed (OSM way/670006919)","named":false,"source":"OpenStreetMap contributors","source_tags":{"area":"yes","man_made":"pier"},"retrieved_at":"2026-09-06T12:43:12.245Z","confidence":"openstreetmap_mapped_unverified","field_verified":false,"layer":"osm_marine_access","access_kind":"pier","official_status":"unknown","navigability":"unknown"}},{"type":"Feature","geometry":{"type":"Point","coordinates":[3.0078653,6.4139119]},"properties":{"osm_id":"way/670051986","name":"Unnamed (OSM way/670051986)","named":false,"source":"OpenStreetMap contributors","source_tags":{"man_made":"pier"},"retrieved_at":"2026-09-06T12:43:12.245Z","confidence":"openstreetmap_mapped_unverified","field_verified":false,"layer":"osm_marine_access","access_kind":"pier","official_status":"unknown","navigability":"unknown"}},{"type":"Feature","geometry":{"type":"Point","coordinates":[3.0077727,6.4136144]},"properties":{"osm_id":"way/670051987","name":"Unnamed (OSM way/670051987)","named":false,"source":"OpenStreetMap contributors","source_tags":{"man_made":"pier"},"retrieved_at":"2026-09-06T12:43:12.245Z","confidence":"openstreetmap_mapped_unverified","field_verified":false,"layer":"osm_marine_access","access_kind":"pier","official_status":"unknown","navigability":"unknown"}},{"type":"Feature","geometry":{"type":"Point","coordinates":[3.4069605,6.5480209]},"properties":{"osm_id":"way/670148881","name":"Unnamed (OSM way/670148881)","named":false,"source":"OpenStreetMap contributors","source_tags":{"area":"yes","man_made":"pier"},"retrieved_at":"2026-09-06T12:43:12.245Z","confidence":"openstreetmap_mapped_unverified","field_verified":false,"layer":"osm_marine_access","access_kind":"pier","official_status":"unknown","navigability":"unknown"}},{"type":"Feature","geometry":{"type":"Point","coordinates":[3.3344798,6.4274733]},"properties":{"osm_id":"way/670148885","name":"Unnamed (OSM way/670148885)","named":false,"source":"OpenStreetMap contributors","source_tags":{"area":"yes","man_made":"pier"},"retrieved_at":"2026-09-06T12:43:12.245Z","confidence":"openstreetmap_mapped_unverified","field_verified":false,"layer":"osm_marine_access","access_kind":"pier","official_status":"unknown","navigability":"unknown"}},{"type":"Feature","geometry":{"type":"Point","coordinates":[3.3345194,6.4272468]},"properties":{"osm_id":"way/670148886","name":"Unnamed (OSM way/670148886)","named":false,"source":"OpenStreetMap contributors","source_tags":{"area":"yes","man_made":"pier"},"retrieved_at":"2026-09-06T12:43:12.245Z","confidence":"openstreetmap_mapped_unverified","field_verified":false,"layer":"osm_marine_access","access_kind":"pier","official_status":"unknown","navigability":"unknown"}},{"type":"Feature","geometry":{"type":"Point","coordinates":[3.3334772,6.4274555]},"properties":{"osm_id":"way/670148887","name":"Unnamed (OSM way/670148887)","named":false,"source":"OpenStreetMap contributors","source_tags":{"man_made":"pier"},"retrieved_at":"2026-09-06T12:43:12.245Z","confidence":"openstreetmap_mapped_unverified","field_verified":false,"layer":"osm_marine_access","access_kind":"pier","official_status":"unknown","navigability":"unknown"}},{"type":"Feature","geometry":{"type":"Point","coordinates":[3.1437639,6.4496453]},"properties":{"osm_id":"way/670148892","name":"Unnamed (OSM way/670148892)","named":false,"source":"OpenStreetMap contributors","source_tags":{"area":"yes","man_made":"pier"},"retrieved_at":"2026-09-06T12:43:12.245Z","confidence":"openstreetmap_mapped_unverified","field_verified":false,"layer":"osm_marine_access","access_kind":"pier","official_status":"unknown","navigability":"unknown"}},{"type":"Feature","geometry":{"type":"Point","coordinates":[3.6004459,6.5601205]},"properties":{"osm_id":"way/670148893","name":"Unnamed (OSM way/670148893)","named":false,"source":"OpenStreetMap contributors","source_tags":{"man_made":"pier"},"retrieved_at":"2026-09-06T12:43:12.245Z","confidence":"openstreetmap_mapped_unverified","field_verified":false,"layer":"osm_marine_access","access_kind":"pier","official_status":"unknown","navigability":"unknown"}},{"type":"Feature","geometry":{"type":"Point","coordinates":[3.4728471,6.5524098]},"properties":{"osm_id":"way/670149662","name":"Unnamed (OSM way/670149662)","named":false,"source":"OpenStreetMap contributors","source_tags":{"area":"yes","man_made":"pier"},"retrieved_at":"2026-09-06T12:43:12.245Z","confidence":"openstreetmap_mapped_unverified","field_verified":false,"layer":"osm_marine_access","access_kind":"pier","official_status":"unknown","navigability":"unknown"}},{"type":"Feature","geometry":{"type":"Point","coordinates":[3.3657429,6.4157033]},"properties":{"osm_id":"way/670533454","name":"Unnamed (OSM way/670533454)","named":false,"source":"OpenStreetMap contributors","source_tags":{"area":"yes","man_made":"pier"},"retrieved_at":"2026-09-06T12:43:12.245Z","confidence":"openstreetmap_mapped_unverified","field_verified":false,"layer":"osm_marine_access","access_kind":"pier","official_status":"unknown","navigability":"unknown"}},{"type":"Feature","geometry":{"type":"Point","coordinates":[3.28112,6.408747]},"properties":{"osm_id":"way/671574365","name":"Unnamed (OSM way/671574365)","named":false,"source":"OpenStreetMap contributors","source_tags":{"man_made":"pier"},"retrieved_at":"2026-09-06T12:43:12.245Z","confidence":"openstreetmap_mapped_unverified","field_verified":false,"layer":"osm_marine_access","access_kind":"pier","official_status":"unknown","navigability":"unknown"}},{"type":"Feature","geometry":{"type":"Point","coordinates":[3.2811888,6.4087182]},"properties":{"osm_id":"way/671574366","name":"Unnamed (OSM way/671574366)","named":false,"source":"OpenStreetMap contributors","source_tags":{"man_made":"pier"},"retrieved_at":"2026-09-06T12:43:12.245Z","confidence":"openstreetmap_mapped_unverified","field_verified":false,"layer":"osm_marine_access","access_kind":"pier","official_status":"unknown","navigability":"unknown"}},{"type":"Feature","geometry":{"type":"Point","coordinates":[3.2738205,6.4100435]},"properties":{"osm_id":"way/671574371","name":"Unnamed (OSM way/671574371)","named":false,"source":"OpenStreetMap contributors","source_tags":{"man_made":"pier"},"retrieved_at":"2026-09-06T12:43:12.245Z","confidence":"openstreetmap_mapped_unverified","field_verified":false,"layer":"osm_marine_access","access_kind":"pier","official_status":"unknown","navigability":"unknown"}},{"type":"Feature","geometry":{"type":"Point","coordinates":[3.2740602,6.4101078]},"properties":{"osm_id":"way/671574372","name":"Unnamed (OSM way/671574372)","named":false,"source":"OpenStreetMap contributors","source_tags":{"man_made":"pier"},"retrieved_at":"2026-09-06T12:43:12.245Z","confidence":"openstreetmap_mapped_unverified","field_verified":false,"layer":"osm_marine_access","access_kind":"pier","official_status":"unknown","navigability":"unknown"}},{"type":"Feature","geometry":{"type":"Point","coordinates":[3.2739953,6.4105473]},"properties":{"osm_id":"way/671574373","name":"Unnamed (OSM way/671574373)","named":false,"source":"OpenStreetMap contributors","source_tags":{"man_made":"pier"},"retrieved_at":"2026-09-06T12:43:12.245Z","confidence":"openstreetmap_mapped_unverified","field_verified":false,"layer":"osm_marine_access","access_kind":"pier","official_status":"unknown","navigability":"unknown"}},{"type":"Feature","geometry":{"type":"Point","coordinates":[3.4865425,6.6010485]},"properties":{"osm_id":"way/671575943","name":"Unnamed (OSM way/671575943)","named":false,"source":"OpenStreetMap contributors","source_tags":{"man_made":"pier"},"retrieved_at":"2026-09-06T12:43:12.245Z","confidence":"openstreetmap_mapped_unverified","field_verified":false,"layer":"osm_marine_access","access_kind":"pier","official_status":"unknown","navigability":"unknown"}},{"type":"Feature","geometry":{"type":"Point","coordinates":[3.4868969,6.6007429]},"properties":{"osm_id":"way/671575944","name":"Unnamed (OSM way/671575944)","named":false,"source":"OpenStreetMap contributors","source_tags":{"man_made":"pier"},"retrieved_at":"2026-09-06T12:43:12.245Z","confidence":"openstreetmap_mapped_unverified","field_verified":false,"layer":"osm_marine_access","access_kind":"pier","official_status":"unknown","navigability":"unknown"}},{"type":"Feature","geometry":{"type":"Point","coordinates":[3.486985,6.6006684]},"properties":{"osm_id":"way/671575945","name":"Unnamed (OSM way/671575945)","named":false,"source":"OpenStreetMap contributors","source_tags":{"man_made":"pier"},"retrieved_at":"2026-09-06T12:43:12.245Z","confidence":"openstreetmap_mapped_unverified","field_verified":false,"layer":"osm_marine_access","access_kind":"pier","official_status":"unknown","navigability":"unknown"}},{"type":"Feature","geometry":{"type":"Point","coordinates":[3.4743976,6.4635552]},"properties":{"osm_id":"way/671588533","name":"Unnamed (OSM way/671588533)","named":false,"source":"OpenStreetMap contributors","source_tags":{"area":"yes","man_made":"pier"},"retrieved_at":"2026-09-06T12:43:12.245Z","confidence":"openstreetmap_mapped_unverified","field_verified":false,"layer":"osm_marine_access","access_kind":"pier","official_status":"unknown","navigability":"unknown"}},{"type":"Feature","geometry":{"type":"Point","coordinates":[3.5529034,6.5360967]},"properties":{"osm_id":"way/705109067","name":"Unnamed (OSM way/705109067)","named":false,"source":"OpenStreetMap contributors","source_tags":{"area":"yes","covered":"yes","man_made":"pier"},"retrieved_at":"2026-09-06T12:43:12.245Z","confidence":"openstreetmap_mapped_unverified","field_verified":false,"layer":"osm_marine_access","access_kind":"pier","official_status":"unknown","navigability":"unknown"}},{"type":"Feature","geometry":{"type":"Point","coordinates":[3.706214,6.6126456]},"properties":{"osm_id":"way/705114124","name":"Unnamed (OSM way/705114124)","named":false,"source":"OpenStreetMap contributors","source_tags":{"man_made":"pier"},"retrieved_at":"2026-09-06T12:43:12.245Z","confidence":"openstreetmap_mapped_unverified","field_verified":false,"layer":"osm_marine_access","access_kind":"pier","official_status":"unknown","navigability":"unknown"}},{"type":"Feature","geometry":{"type":"Point","coordinates":[3.7061772,6.612459]},"properties":{"osm_id":"way/705114125","name":"Unnamed (OSM way/705114125)","named":false,"source":"OpenStreetMap contributors","source_tags":{"man_made":"pier"},"retrieved_at":"2026-09-06T12:43:12.245Z","confidence":"openstreetmap_mapped_unverified","field_verified":false,"layer":"osm_marine_access","access_kind":"pier","official_status":"unknown","navigability":"unknown"}},{"type":"Feature","geometry":{"type":"Point","coordinates":[3.2940723,6.474442]},"properties":{"osm_id":"way/707257858","name":"Unnamed (OSM way/707257858)","named":false,"source":"OpenStreetMap contributors","source_tags":{"man_made":"pier"},"retrieved_at":"2026-09-06T12:43:12.245Z","confidence":"openstreetmap_mapped_unverified","field_verified":false,"layer":"osm_marine_access","access_kind":"pier","official_status":"unknown","navigability":"unknown"}},{"type":"Feature","geometry":{"type":"Point","coordinates":[3.2941949,6.4746828]},"properties":{"osm_id":"way/707257859","name":"Unnamed (OSM way/707257859)","named":false,"source":"OpenStreetMap contributors","source_tags":{"man_made":"pier"},"retrieved_at":"2026-09-06T12:43:12.245Z","confidence":"openstreetmap_mapped_unverified","field_verified":false,"layer":"osm_marine_access","access_kind":"pier","official_status":"unknown","navigability":"unknown"}},{"type":"Feature","geometry":{"type":"Point","coordinates":[3.451162,6.4414384]},"properties":{"osm_id":"way/738489320","name":"Unnamed (OSM way/738489320)","named":false,"source":"OpenStreetMap contributors","source_tags":{"area":"yes","man_made":"pier"},"retrieved_at":"2026-09-06T12:43:12.245Z","confidence":"openstreetmap_mapped_unverified","field_verified":false,"layer":"osm_marine_access","access_kind":"pier","official_status":"unknown","navigability":"unknown"}},{"type":"Feature","geometry":{"type":"Point","coordinates":[3.450903,6.4411326]},"properties":{"osm_id":"way/738489321","name":"Unnamed (OSM way/738489321)","named":false,"source":"OpenStreetMap contributors","source_tags":{"area":"yes","man_made":"pier"},"retrieved_at":"2026-09-06T12:43:12.245Z","confidence":"openstreetmap_mapped_unverified","field_verified":false,"layer":"osm_marine_access","access_kind":"pier","official_status":"unknown","navigability":"unknown"}},{"type":"Feature","geometry":{"type":"Point","coordinates":[3.3726137,6.4602989]},"properties":{"osm_id":"way/742443983","name":"Unnamed (OSM way/742443983)","named":false,"source":"OpenStreetMap contributors","source_tags":{"man_made":"pier"},"retrieved_at":"2026-09-06T12:43:12.245Z","confidence":"openstreetmap_mapped_unverified","field_verified":false,"layer":"osm_marine_access","access_kind":"pier","official_status":"unknown","navigability":"unknown"}},{"type":"Feature","geometry":{"type":"Point","coordinates":[3.0995758,6.4546668]},"properties":{"osm_id":"way/745385716","name":"Unnamed (OSM way/745385716)","named":false,"source":"OpenStreetMap contributors","source_tags":{"man_made":"pier"},"retrieved_at":"2026-09-06T12:43:12.245Z","confidence":"openstreetmap_mapped_unverified","field_verified":false,"layer":"osm_marine_access","access_kind":"pier","official_status":"unknown","navigability":"unknown"}},{"type":"Feature","geometry":{"type":"Point","coordinates":[3.3942919,6.4124293]},"properties":{"osm_id":"way/756893668","name":"Unnamed (OSM way/756893668)","named":false,"source":"OpenStreetMap contributors","source_tags":{"area":"yes","man_made":"pier"},"retrieved_at":"2026-09-06T12:43:12.245Z","confidence":"openstreetmap_mapped_unverified","field_verified":false,"layer":"osm_marine_access","access_kind":"pier","official_status":"unknown","navigability":"unknown"}},{"type":"Feature","geometry":{"type":"Point","coordinates":[3.3938369,6.4118746]},"properties":{"osm_id":"way/756893670","name":"Unnamed (OSM way/756893670)","named":false,"source":"OpenStreetMap contributors","source_tags":{"area":"yes","man_made":"pier","surface":"unpaved"},"retrieved_at":"2026-09-06T12:43:12.245Z","confidence":"openstreetmap_mapped_unverified","field_verified":false,"layer":"osm_marine_access","access_kind":"pier","official_status":"unknown","navigability":"unknown"}},{"type":"Feature","geometry":{"type":"Point","coordinates":[3.3931272,6.410065]},"properties":{"osm_id":"way/756893671","name":"Unnamed (OSM way/756893671)","named":false,"source":"OpenStreetMap contributors","source_tags":{"area":"yes","man_made":"pier"},"retrieved_at":"2026-09-06T12:43:12.245Z","confidence":"openstreetmap_mapped_unverified","field_verified":false,"layer":"osm_marine_access","access_kind":"pier","official_status":"unknown","navigability":"unknown"}},{"type":"Feature","geometry":{"type":"Point","coordinates":[3.3946665,6.4074113]},"properties":{"osm_id":"way/756928548","name":"Unnamed (OSM way/756928548)","named":false,"source":"OpenStreetMap contributors","source_tags":{"area":"yes","man_made":"pier"},"retrieved_at":"2026-09-06T12:43:12.245Z","confidence":"openstreetmap_mapped_unverified","field_verified":false,"layer":"osm_marine_access","access_kind":"pier","official_status":"unknown","navigability":"unknown"}},{"type":"Feature","geometry":{"type":"Point","coordinates":[3.334812,6.4271928]},"properties":{"osm_id":"way/764178424","name":"Unnamed (OSM way/764178424)","named":false,"source":"OpenStreetMap contributors","source_tags":{"area":"yes","man_made":"pier"},"retrieved_at":"2026-09-06T12:43:12.245Z","confidence":"openstreetmap_mapped_unverified","field_verified":false,"layer":"osm_marine_access","access_kind":"pier","official_status":"unknown","navigability":"unknown"}},{"type":"Feature","geometry":{"type":"Point","coordinates":[3.1114885,6.4925098]},"properties":{"osm_id":"way/786055978","name":"Unnamed (OSM way/786055978)","named":false,"source":"OpenStreetMap contributors","source_tags":{"man_made":"pier"},"retrieved_at":"2026-09-06T12:43:12.245Z","confidence":"openstreetmap_mapped_unverified","field_verified":false,"layer":"osm_marine_access","access_kind":"pier","official_status":"unknown","navigability":"unknown"}},{"type":"Feature","geometry":{"type":"Point","coordinates":[3.9005576,6.6119633]},"properties":{"osm_id":"way/787480060","name":"Unnamed (OSM way/787480060)","named":false,"source":"OpenStreetMap contributors","source_tags":{"man_made":"pier"},"retrieved_at":"2026-09-06T12:43:12.245Z","confidence":"openstreetmap_mapped_unverified","field_verified":false,"layer":"osm_marine_access","access_kind":"pier","official_status":"unknown","navigability":"unknown"}},{"type":"Feature","geometry":{"type":"Point","coordinates":[3.9011128,6.6118367]},"properties":{"osm_id":"way/787480061","name":"Unnamed (OSM way/787480061)","named":false,"source":"OpenStreetMap contributors","source_tags":{"man_made":"pier"},"retrieved_at":"2026-09-06T12:43:12.245Z","confidence":"openstreetmap_mapped_unverified","field_verified":false,"layer":"osm_marine_access","access_kind":"pier","official_status":"unknown","navigability":"unknown"}},{"type":"Feature","geometry":{"type":"Point","coordinates":[3.8986956,6.6098117]},"properties":{"osm_id":"way/787480065","name":"Unnamed (OSM way/787480065)","named":false,"source":"OpenStreetMap contributors","source_tags":{"man_made":"pier"},"retrieved_at":"2026-09-06T12:43:12.245Z","confidence":"openstreetmap_mapped_unverified","field_verified":false,"layer":"osm_marine_access","access_kind":"pier","official_status":"unknown","navigability":"unknown"}},{"type":"Feature","geometry":{"type":"Point","coordinates":[3.8986409,6.6094106]},"properties":{"osm_id":"way/787480066","name":"Unnamed (OSM way/787480066)","named":false,"source":"OpenStreetMap contributors","source_tags":{"man_made":"pier"},"retrieved_at":"2026-09-06T12:43:12.245Z","confidence":"openstreetmap_mapped_unverified","field_verified":false,"layer":"osm_marine_access","access_kind":"pier","official_status":"unknown","navigability":"unknown"}},{"type":"Feature","geometry":{"type":"Point","coordinates":[3.4102149,6.4404739]},"properties":{"osm_id":"way/789351000","name":"Unnamed (OSM way/789351000)","named":false,"source":"OpenStreetMap contributors","source_tags":{"area":"yes","man_made":"pier"},"retrieved_at":"2026-09-06T12:43:12.245Z","confidence":"openstreetmap_mapped_unverified","field_verified":false,"layer":"osm_marine_access","access_kind":"pier","official_status":"unknown","navigability":"unknown"}},{"type":"Feature","geometry":{"type":"Point","coordinates":[3.4063842,6.4289742]},"properties":{"osm_id":"way/789351050","name":"Unnamed (OSM way/789351050)","named":false,"source":"OpenStreetMap contributors","source_tags":{"area":"yes","man_made":"pier"},"retrieved_at":"2026-09-06T12:43:12.245Z","confidence":"openstreetmap_mapped_unverified","field_verified":false,"layer":"osm_marine_access","access_kind":"pier","official_status":"unknown","navigability":"unknown"}},{"type":"Feature","geometry":{"type":"Point","coordinates":[3.4364758,6.440298]},"properties":{"osm_id":"way/789351066","name":"Unnamed (OSM way/789351066)","named":false,"source":"OpenStreetMap contributors","source_tags":{"area":"yes","man_made":"pier"},"retrieved_at":"2026-09-06T12:43:12.245Z","confidence":"openstreetmap_mapped_unverified","field_verified":false,"layer":"osm_marine_access","access_kind":"pier","official_status":"unknown","navigability":"unknown"}},{"type":"Feature","geometry":{"type":"Point","coordinates":[3.4365958,6.4402687]},"properties":{"osm_id":"way/789351067","name":"Unnamed (OSM way/789351067)","named":false,"source":"OpenStreetMap contributors","source_tags":{"area":"yes","man_made":"pier"},"retrieved_at":"2026-09-06T12:43:12.245Z","confidence":"openstreetmap_mapped_unverified","field_verified":false,"layer":"osm_marine_access","access_kind":"pier","official_status":"unknown","navigability":"unknown"}},{"type":"Feature","geometry":{"type":"Point","coordinates":[3.4368326,6.4400758]},"properties":{"osm_id":"way/789351068","name":"Unnamed (OSM way/789351068)","named":false,"source":"OpenStreetMap contributors","source_tags":{"area":"yes","man_made":"pier"},"retrieved_at":"2026-09-06T12:43:12.245Z","confidence":"openstreetmap_mapped_unverified","field_verified":false,"layer":"osm_marine_access","access_kind":"pier","official_status":"unknown","navigability":"unknown"}},{"type":"Feature","geometry":{"type":"Point","coordinates":[3.4368902,6.440017]},"properties":{"osm_id":"way/789351069","name":"Unnamed (OSM way/789351069)","named":false,"source":"OpenStreetMap contributors","source_tags":{"area":"yes","man_made":"pier"},"retrieved_at":"2026-09-06T12:43:12.245Z","confidence":"openstreetmap_mapped_unverified","field_verified":false,"layer":"osm_marine_access","access_kind":"pier","official_status":"unknown","navigability":"unknown"}},{"type":"Feature","geometry":{"type":"Point","coordinates":[3.4355042,6.4412159]},"properties":{"osm_id":"way/789351070","name":"Unnamed (OSM way/789351070)","named":false,"source":"OpenStreetMap contributors","source_tags":{"area":"yes","man_made":"pier"},"retrieved_at":"2026-09-06T12:43:12.245Z","confidence":"openstreetmap_mapped_unverified","field_verified":false,"layer":"osm_marine_access","access_kind":"pier","official_status":"unknown","navigability":"unknown"}},{"type":"Feature","geometry":{"type":"Point","coordinates":[3.5228504,6.5307516]},"properties":{"osm_id":"way/795011763","name":"Unnamed (OSM way/795011763)","named":false,"source":"OpenStreetMap contributors","source_tags":{"man_made":"pier"},"retrieved_at":"2026-09-06T12:43:12.245Z","confidence":"openstreetmap_mapped_unverified","field_verified":false,"layer":"osm_marine_access","access_kind":"pier","official_status":"unknown","navigability":"unknown"}},{"type":"Feature","geometry":{"type":"Point","coordinates":[3.660097,6.5728915]},"properties":{"osm_id":"way/797720543","name":"Unnamed (OSM way/797720543)","named":false,"source":"OpenStreetMap contributors","source_tags":{"man_made":"pier"},"retrieved_at":"2026-09-06T12:43:12.245Z","confidence":"openstreetmap_mapped_unverified","field_verified":false,"layer":"osm_marine_access","access_kind":"pier","official_status":"unknown","navigability":"unknown"}},{"type":"Feature","geometry":{"type":"Point","coordinates":[3.66014,6.5730514]},"properties":{"osm_id":"way/797720574","name":"Unnamed (OSM way/797720574)","named":false,"source":"OpenStreetMap contributors","source_tags":{"man_made":"pier"},"retrieved_at":"2026-09-06T12:43:12.245Z","confidence":"openstreetmap_mapped_unverified","field_verified":false,"layer":"osm_marine_access","access_kind":"pier","official_status":"unknown","navigability":"unknown"}},{"type":"Feature","geometry":{"type":"Point","coordinates":[3.2757887,6.4162896]},"properties":{"osm_id":"way/844247619","name":"Unnamed (OSM way/844247619)","named":false,"source":"OpenStreetMap contributors","source_tags":{"man_made":"pier"},"retrieved_at":"2026-09-06T12:43:12.245Z","confidence":"openstreetmap_mapped_unverified","field_verified":false,"layer":"osm_marine_access","access_kind":"pier","official_status":"unknown","navigability":"unknown"}},{"type":"Feature","geometry":{"type":"Point","coordinates":[3.4087236,6.5778382]},"properties":{"osm_id":"way/996257053","name":"Unnamed (OSM way/996257053)","named":false,"source":"OpenStreetMap contributors","source_tags":{"man_made":"pier"},"retrieved_at":"2026-09-06T12:43:12.245Z","confidence":"openstreetmap_mapped_unverified","field_verified":false,"layer":"osm_marine_access","access_kind":"pier","official_status":"unknown","navigability":"unknown"}},{"type":"Feature","geometry":{"type":"Point","coordinates":[3.4080514,6.5823956]},"properties":{"osm_id":"way/996621554","name":"Unnamed (OSM way/996621554)","named":false,"source":"OpenStreetMap contributors","source_tags":{"man_made":"pier"},"retrieved_at":"2026-09-06T12:43:12.245Z","confidence":"openstreetmap_mapped_unverified","field_verified":false,"layer":"osm_marine_access","access_kind":"pier","official_status":"unknown","navigability":"unknown"}},{"type":"Feature","geometry":{"type":"Point","coordinates":[4.1684101,6.5101178]},"properties":{"osm_id":"way/998244890","name":"Unnamed (OSM way/998244890)","named":false,"source":"OpenStreetMap contributors","source_tags":{"area":"yes","man_made":"pier"},"retrieved_at":"2026-09-06T12:43:12.245Z","confidence":"openstreetmap_mapped_unverified","field_verified":false,"layer":"osm_marine_access","access_kind":"pier","official_status":"unknown","navigability":"unknown"}},{"type":"Feature","geometry":{"type":"Point","coordinates":[3.379828,6.4565035]},"properties":{"osm_id":"way/1016926882","name":"Unnamed (OSM way/1016926882)","named":false,"source":"OpenStreetMap contributors","source_tags":{"man_made":"pier"},"retrieved_at":"2026-09-06T12:43:12.245Z","confidence":"openstreetmap_mapped_unverified","field_verified":false,"layer":"osm_marine_access","access_kind":"pier","official_status":"unknown","navigability":"unknown"}},{"type":"Feature","geometry":{"type":"Point","coordinates":[3.3798969,6.4563268]},"properties":{"osm_id":"way/1016926883","name":"Unnamed (OSM way/1016926883)","named":false,"source":"OpenStreetMap contributors","source_tags":{"man_made":"pier"},"retrieved_at":"2026-09-06T12:43:12.245Z","confidence":"openstreetmap_mapped_unverified","field_verified":false,"layer":"osm_marine_access","access_kind":"pier","official_status":"unknown","navigability":"unknown"}},{"type":"Feature","geometry":{"type":"Point","coordinates":[3.3799811,6.4561273]},"properties":{"osm_id":"way/1016926884","name":"Unnamed (OSM way/1016926884)","named":false,"source":"OpenStreetMap contributors","source_tags":{"man_made":"pier"},"retrieved_at":"2026-09-06T12:43:12.245Z","confidence":"openstreetmap_mapped_unverified","field_verified":false,"layer":"osm_marine_access","access_kind":"pier","official_status":"unknown","navigability":"unknown"}},{"type":"Feature","geometry":{"type":"Point","coordinates":[3.3800578,6.4559488]},"properties":{"osm_id":"way/1016926885","name":"Unnamed (OSM way/1016926885)","named":false,"source":"OpenStreetMap contributors","source_tags":{"man_made":"pier"},"retrieved_at":"2026-09-06T12:43:12.245Z","confidence":"openstreetmap_mapped_unverified","field_verified":false,"layer":"osm_marine_access","access_kind":"pier","official_status":"unknown","navigability":"unknown"}},{"type":"Feature","geometry":{"type":"Point","coordinates":[3.3801519,6.4557586]},"properties":{"osm_id":"way/1016926886","name":"Unnamed (OSM way/1016926886)","named":false,"source":"OpenStreetMap contributors","source_tags":{"man_made":"pier"},"retrieved_at":"2026-09-06T12:43:12.245Z","confidence":"openstreetmap_mapped_unverified","field_verified":false,"layer":"osm_marine_access","access_kind":"pier","official_status":"unknown","navigability":"unknown"}},{"type":"Feature","geometry":{"type":"Point","coordinates":[3.380363,6.4553989]},"properties":{"osm_id":"way/1016926887","name":"Unnamed (OSM way/1016926887)","named":false,"source":"OpenStreetMap contributors","source_tags":{"man_made":"pier"},"retrieved_at":"2026-09-06T12:43:12.245Z","confidence":"openstreetmap_mapped_unverified","field_verified":false,"layer":"osm_marine_access","access_kind":"pier","official_status":"unknown","navigability":"unknown"}},{"type":"Feature","geometry":{"type":"Point","coordinates":[3.258748,6.4279259]},"properties":{"osm_id":"way/1258445858","name":"Ijegun Egba Ferry Terminal","named":true,"source":"OpenStreetMap contributors","source_tags":{"amenity":"ferry_terminal","building":"yes","ferry":"yes","name":"Ijegun Egba Ferry Terminal","public_transport":"station"},"retrieved_at":"2026-09-06T12:43:12.245Z","confidence":"openstreetmap_mapped_unverified","field_verified":false,"layer":"osm_marine_access","access_kind":"ferry_terminal","official_status":"unknown","navigability":"unknown"}},{"type":"Feature","geometry":{"type":"Point","coordinates":[3.3933908,6.426708]},"properties":{"osm_id":"way/1292702188","name":"Unnamed (OSM way/1292702188)","named":false,"source":"OpenStreetMap contributors","source_tags":{"man_made":"pier"},"retrieved_at":"2026-09-06T12:43:12.245Z","confidence":"openstreetmap_mapped_unverified","field_verified":false,"layer":"osm_marine_access","access_kind":"pier","official_status":"unknown","navigability":"unknown"}},{"type":"Feature","geometry":{"type":"Point","coordinates":[4.0015764,6.4261515]},"properties":{"osm_id":"way/1292705787","name":"Unnamed (OSM way/1292705787)","named":false,"source":"OpenStreetMap contributors","source_tags":{"man_made":"pier","surface":"unpaved"},"retrieved_at":"2026-09-06T12:43:12.245Z","confidence":"openstreetmap_mapped_unverified","field_verified":false,"layer":"osm_marine_access","access_kind":"pier","official_status":"unknown","navigability":"unknown"}},{"type":"Feature","geometry":{"type":"Point","coordinates":[4.1249965,6.4363532]},"properties":{"osm_id":"way/1336521612","name":"Unnamed (OSM way/1336521612)","named":false,"source":"OpenStreetMap contributors","source_tags":{"man_made":"pier"},"retrieved_at":"2026-09-06T12:43:12.245Z","confidence":"openstreetmap_mapped_unverified","field_verified":false,"layer":"osm_marine_access","access_kind":"pier","official_status":"unknown","navigability":"unknown"}},{"type":"Feature","geometry":{"type":"Point","coordinates":[4.1251067,6.4358283]},"properties":{"osm_id":"way/1336521613","name":"Unnamed (OSM way/1336521613)","named":false,"source":"OpenStreetMap contributors","source_tags":{"man_made":"pier"},"retrieved_at":"2026-09-06T12:43:12.245Z","confidence":"openstreetmap_mapped_unverified","field_verified":false,"layer":"osm_marine_access","access_kind":"pier","official_status":"unknown","navigability":"unknown"}},{"type":"Feature","geometry":{"type":"Point","coordinates":[3.4384033,6.4425161]},"properties":{"osm_id":"way/1359909327","name":"Unnamed (OSM way/1359909327)","named":false,"source":"OpenStreetMap contributors","source_tags":{"area":"yes","man_made":"pier"},"retrieved_at":"2026-09-06T12:43:12.245Z","confidence":"openstreetmap_mapped_unverified","field_verified":false,"layer":"osm_marine_access","access_kind":"pier","official_status":"unknown","navigability":"unknown"}},{"type":"Feature","geometry":{"type":"Point","coordinates":[3.2588983,6.4278346]},"properties":{"osm_id":"way/1372713807","name":"Unnamed (OSM way/1372713807)","named":false,"source":"OpenStreetMap contributors","source_tags":{"area":"yes","floating":"yes","man_made":"pier"},"retrieved_at":"2026-09-06T12:43:12.245Z","confidence":"openstreetmap_mapped_unverified","field_verified":false,"layer":"osm_marine_access","access_kind":"pier","official_status":"unknown","navigability":"unknown"}},{"type":"Feature","geometry":{"type":"Point","coordinates":[3.3889095,6.4498048]},"properties":{"osm_id":"way/1388160873","name":"Unnamed (OSM way/1388160873)","named":false,"source":"OpenStreetMap contributors","source_tags":{"man_made":"pier"},"retrieved_at":"2026-09-06T12:43:12.245Z","confidence":"openstreetmap_mapped_unverified","field_verified":false,"layer":"osm_marine_access","access_kind":"pier","official_status":"unknown","navigability":"unknown"}},{"type":"Feature","geometry":{"type":"Point","coordinates":[3.6558453,6.4627542]},"properties":{"osm_id":"way/1472797408","name":"Unnamed (OSM way/1472797408)","named":false,"source":"OpenStreetMap contributors","source_tags":{"man_made":"pier"},"retrieved_at":"2026-09-06T12:43:12.245Z","confidence":"openstreetmap_mapped_unverified","field_verified":false,"layer":"osm_marine_access","access_kind":"pier","official_status":"unknown","navigability":"unknown"}},{"type":"Feature","geometry":{"type":"Point","coordinates":[3.6558884,6.4626309]},"properties":{"osm_id":"way/1472797409","name":"Unnamed (OSM way/1472797409)","named":false,"source":"OpenStreetMap contributors","source_tags":{"highway":"path","man_made":"pier"},"retrieved_at":"2026-09-06T12:43:12.245Z","confidence":"openstreetmap_mapped_unverified","field_verified":false,"layer":"osm_marine_access","access_kind":"pier","official_status":"unknown","navigability":"unknown"}}]}
