{"type":"FeatureCollection","features":[{"type":"Feature","geometry":{"type":"Point","coordinates":[3.4304727,6.4481938]},"properties":{"osm_id":"node/4612445990","name":"Gilgal Dental Clinics","named":true,"source":"OpenStreetMap contributors","source_tags":{"amenity":"clinic","healthcare":"clinic","name":"Gilgal Dental Clinics","name:en":"Gilgal Dental Clinics"},"retrieved_at":"2026-09-06T12:43:12.245Z","confidence":"openstreetmap_mapped_unverified","field_verified":false,"layer":"osm_health_facility","facility_type":"clinic","operator":null}},{"type":"Feature","geometry":{"type":"Point","coordinates":[3.3974544,6.5929713]},"properties":{"osm_id":"node/4872475575","name":"Rojafia Clinic","named":true,"source":"OpenStreetMap contributors","source_tags":{"amenity":"hospital","fixme":"check location","name":"Rojafia Clinic"},"retrieved_at":"2026-09-06T12:43:12.245Z","confidence":"openstreetmap_mapped_unverified","field_verified":false,"layer":"osm_health_facility","facility_type":"hospital","operator":null}},{"type":"Feature","geometry":{"type":"Point","coordinates":[3.3944013,6.457865]},"properties":{"osm_id":"node/4875180826","name":"Anikantamo Health Post","named":true,"source":"OpenStreetMap contributors","source_tags":{"amenity":"clinic","fixme":"Please, adjust position (located in that area)","healthcare":"clinic","name":"Anikantamo Health Post"},"retrieved_at":"2026-09-06T12:43:12.245Z","confidence":"openstreetmap_mapped_unverified","field_verified":false,"layer":"osm_health_facility","facility_type":"clinic","operator":null}},{"type":"Feature","geometry":{"type":"Point","coordinates":[3.3927007,6.4634177]},"properties":{"osm_id":"node/4875180831","name":"Adeniji Adele PHC","named":true,"source":"OpenStreetMap contributors","source_tags":{"amenity":"clinic","fixme":"check location","healthcare":"clinic","name":"Adeniji Adele PHC"},"retrieved_at":"2026-09-06T12:43:12.245Z","confidence":"openstreetmap_mapped_unverified","field_verified":false,"layer":"osm_health_facility","facility_type":"clinic","operator":null}},{"type":"Feature","geometry":{"type":"Point","coordinates":[3.3901511,6.4653226]},"properties":{"osm_id":"node/4875180836","name":"Zenith PHC","named":true,"source":"OpenStreetMap contributors","source_tags":{"amenity":"clinic","fixme":"check location","healthcare":"clinic","name":"Zenith PHC"},"retrieved_at":"2026-09-06T12:43:12.245Z","confidence":"openstreetmap_mapped_unverified","field_verified":false,"layer":"osm_health_facility","facility_type":"clinic","operator":null}},{"type":"Feature","geometry":{"type":"Point","coordinates":[3.3850774,6.4601397]},"properties":{"osm_id":"node/4919362887","name":"Oke Ari Health Post","named":true,"source":"OpenStreetMap contributors","source_tags":{"amenity":"clinic","healthcare":"clinic","name":"Oke Ari Health Post"},"retrieved_at":"2026-09-06T12:43:12.245Z","confidence":"openstreetmap_mapped_unverified","field_verified":false,"layer":"osm_health_facility","facility_type":"clinic","operator":null}},{"type":"Feature","geometry":{"type":"Point","coordinates":[3.3820358,6.4593154]},"properties":{"osm_id":"node/4919388470","name":"Olowogbowo Primary Health Centre","named":true,"source":"OpenStreetMap contributors","source_tags":{"amenity":"clinic","healthcare":"clinic","name":"Olowogbowo Primary Health Centre"},"retrieved_at":"2026-09-06T12:43:12.245Z","confidence":"openstreetmap_mapped_unverified","field_verified":false,"layer":"osm_health_facility","facility_type":"clinic","operator":null}},{"type":"Feature","geometry":{"type":"Point","coordinates":[3.3102131,6.5411327]},"properties":{"osm_id":"node/5665683279","name":"Rivet","named":true,"source":"OpenStreetMap contributors","source_tags":{"amenity":"clinic","name":"Rivet"},"retrieved_at":"2026-09-06T12:43:12.245Z","confidence":"openstreetmap_mapped_unverified","field_verified":false,"layer":"osm_health_facility","facility_type":"clinic","operator":null}},{"type":"Feature","geometry":{"type":"Point","coordinates":[3.3996987,6.4507465]},"properties":{"osm_id":"node/6934060319","name":"Runsewe Hospital","named":true,"source":"OpenStreetMap contributors","source_tags":{"amenity":"clinic","healthcare":"clinic","name":"Runsewe Hospital"},"retrieved_at":"2026-09-06T12:43:12.245Z","confidence":"openstreetmap_mapped_unverified","field_verified":false,"layer":"osm_health_facility","facility_type":"clinic","operator":null}},{"type":"Feature","geometry":{"type":"Point","coordinates":[3.495054,6.6244751]},"properties":{"osm_id":"node/7272034345","name":"Ire-Anu Hospital","named":true,"source":"OpenStreetMap contributors","source_tags":{"amenity":"clinic","healthcare":"clinic","name":"Ire-Anu Hospital"},"retrieved_at":"2026-09-06T12:43:12.245Z","confidence":"openstreetmap_mapped_unverified","field_verified":false,"layer":"osm_health_facility","facility_type":"clinic","operator":null}},{"type":"Feature","geometry":{"type":"Point","coordinates":[3.2283304,6.5906253]},"properties":{"osm_id":"node/7334681885","name":"Balogun Primary Healthcare Center.","named":true,"source":"OpenStreetMap contributors","source_tags":{"addr:street":"Balogun Crescent","amenity":"hospital","name":"Balogun Primary Healthcare Center."},"retrieved_at":"2026-09-06T12:43:12.245Z","confidence":"openstreetmap_mapped_unverified","field_verified":false,"layer":"osm_health_facility","facility_type":"hospital","operator":null}},{"type":"Feature","geometry":{"type":"Point","coordinates":[3.3429411,6.5720068]},"properties":{"osm_id":"node/7715084963","name":"Geo Medical Center","named":true,"source":"OpenStreetMap contributors","source_tags":{"amenity":"clinic","healthcare":"clinic","name":"Geo Medical Center"},"retrieved_at":"2026-09-06T12:43:12.245Z","confidence":"openstreetmap_mapped_unverified","field_verified":false,"layer":"osm_health_facility","facility_type":"clinic","operator":null}},{"type":"Feature","geometry":{"type":"Point","coordinates":[3.5852178,6.4627777]},"properties":{"osm_id":"node/8813093194","name":"Eti-Osa","named":true,"source":"OpenStreetMap contributors","source_tags":{"amenity":"hospital","name":"Eti-Osa"},"retrieved_at":"2026-09-06T12:43:12.245Z","confidence":"openstreetmap_mapped_unverified","field_verified":false,"layer":"osm_health_facility","facility_type":"hospital","operator":null}},{"type":"Feature","geometry":{"type":"Point","coordinates":[3.4096678,6.5783809]},"properties":{"osm_id":"node/9199786322","name":"Agboyi primary health Centre (PHC)","named":true,"source":"OpenStreetMap contributors","source_tags":{"addr:street":"Igalisa compound, Agboyi 1","amenity":"clinic","beds":"4","emergency":"no","healthcare":"clinic","name":"Agboyi primary health Centre (PHC)","operator":"Agboyi PHC","operator:type":"government","source":"Nigerian Red Cross Society","staff_count:doctors":"0","staff_count:nurses":"1"},"retrieved_at":"2026-09-06T12:43:12.245Z","confidence":"openstreetmap_mapped_unverified","field_verified":false,"layer":"osm_health_facility","facility_type":"clinic","operator":"Agboyi PHC"}},{"type":"Feature","geometry":{"type":"Point","coordinates":[3.3869161,6.5760257]},"properties":{"osm_id":"node/10232587966","name":"Pink Clinic Nigeria","named":true,"source":"OpenStreetMap contributors","source_tags":{"addr:city":"Ogudu","addr:housenumber":"13b","addr:postcode":"100231","addr:street":"Muri Folami Street","amenity":"hospital","healthcare":"hospital","healthcare:speciality":"gynaecology;blood_check;fertility","name":"Pink Clinic Nigeria","name:pcm":"PinkClinic","operator":"Linda Keku","operator:type":"private"},"retrieved_at":"2026-09-06T12:43:12.245Z","confidence":"openstreetmap_mapped_unverified","field_verified":false,"layer":"osm_health_facility","facility_type":"hospital","operator":"Linda Keku"}},{"type":"Feature","geometry":{"type":"Point","coordinates":[3.6295577,6.4731522]},"properties":{"osm_id":"node/11121934213","name":"Safeway hospital","named":true,"source":"OpenStreetMap contributors","source_tags":{"amenity":"hospital","healthcare":"hospital","mobile":"+2348077509043","name":"Safeway hospital"},"retrieved_at":"2026-09-06T12:43:12.245Z","confidence":"openstreetmap_mapped_unverified","field_verified":false,"layer":"osm_health_facility","facility_type":"hospital","operator":null}},{"type":"Feature","geometry":{"type":"Point","coordinates":[3.6309711,6.4736067]},"properties":{"osm_id":"node/11121934221","name":"Caremax Hospital","named":true,"source":"OpenStreetMap contributors","source_tags":{"amenity":"hospital","healthcare":"hospital","mobile":"+2349033365818","name":"Caremax Hospital"},"retrieved_at":"2026-09-06T12:43:12.245Z","confidence":"openstreetmap_mapped_unverified","field_verified":false,"layer":"osm_health_facility","facility_type":"hospital","operator":null}},{"type":"Feature","geometry":{"type":"Point","coordinates":[3.6325043,6.4722606]},"properties":{"osm_id":"node/11121946405","name":"Sangotedo Primary Health Care Center","named":true,"source":"OpenStreetMap contributors","source_tags":{"amenity":"hospital","healthcare":"hospital","name":"Sangotedo Primary Health Care Center"},"retrieved_at":"2026-09-06T12:43:12.245Z","confidence":"openstreetmap_mapped_unverified","field_verified":false,"layer":"osm_health_facility","facility_type":"hospital","operator":null}},{"type":"Feature","geometry":{"type":"Point","coordinates":[3.3722595,6.5657924]},"properties":{"osm_id":"node/11879397885","name":"The Tent Wellness Centre","named":true,"source":"OpenStreetMap contributors","source_tags":{"addr:city":"Anthony Village","addr:housenumber":"13","addr:postcode":"100232","addr:street":"Okunfolami Street","amenity":"hospital","contact:facebook":"www.facebook.com/tentwellness","description":"The Tent Wellness Centre (TTWC) is a Natural Medicine centre with a mission to promote, preserve and restore health of our clients by providing patient focused treatment protocols based on natural remedies in line with global best practices and standards.","email":"tentwellnesscentre@gmail.com","emergency":"no","healthcare":"alternative","healthcare:speciality":"chiropractic;acupuncture;traditional_chinese_medicine;aromatherapy;fertility;herbalism;naturopathy;unani;body","mobile":"+2349130002226","name":"The Tent Wellness Centre","opening_hours":"Mo-Sa 09:00-18:00","operator":"DTIM Al-Ameen-Lawal","operator:type":"private","payment:cash":"yes","payment:debit_cards":"yes","phone":"+2349130002226","source":"local knowledge","website":"https://www.tentwellness.com/"},"retrieved_at":"2026-09-06T12:43:12.245Z","confidence":"openstreetmap_mapped_unverified","field_verified":false,"layer":"osm_health_facility","facility_type":"hospital","operator":"DTIM Al-Ameen-Lawal"}},{"type":"Feature","geometry":{"type":"Point","coordinates":[3.1702262,6.5059412]},"properties":{"osm_id":"node/11886853246","name":"Grace Olambipo Clinic","named":true,"source":"OpenStreetMap contributors","source_tags":{"amenity":"hospital","name":"Grace Olambipo Clinic","operator":"private"},"retrieved_at":"2026-09-06T12:43:12.245Z","confidence":"openstreetmap_mapped_unverified","field_verified":false,"layer":"osm_health_facility","facility_type":"hospital","operator":"private"}},{"type":"Feature","geometry":{"type":"Point","coordinates":[3.1716183,6.5023249]},"properties":{"osm_id":"node/11886853247","name":"Isashi Primary Health Care Center","named":true,"source":"OpenStreetMap contributors","source_tags":{"amenity":"hospital","name":"Isashi Primary Health Care Center","operator":"private"},"retrieved_at":"2026-09-06T12:43:12.245Z","confidence":"openstreetmap_mapped_unverified","field_verified":false,"layer":"osm_health_facility","facility_type":"hospital","operator":"private"}},{"type":"Feature","geometry":{"type":"Point","coordinates":[3.170768,6.4997452]},"properties":{"osm_id":"node/11886853248","name":"Lagos State Ministry Of Health Belinda Convalscent And Fertility Centre","named":true,"source":"OpenStreetMap contributors","source_tags":{"amenity":"hospital","name":"Lagos State Ministry Of Health Belinda Convalscent And Fertility Centre","operator":"government"},"retrieved_at":"2026-09-06T12:43:12.245Z","confidence":"openstreetmap_mapped_unverified","field_verified":false,"layer":"osm_health_facility","facility_type":"hospital","operator":"government"}},{"type":"Feature","geometry":{"type":"Point","coordinates":[3.1718919,6.4955932]},"properties":{"osm_id":"node/11886853249","name":"Pioneer Medical Clinic","named":true,"source":"OpenStreetMap contributors","source_tags":{"amenity":"hospital","name":"Pioneer Medical Clinic","operator":"private"},"retrieved_at":"2026-09-06T12:43:12.245Z","confidence":"openstreetmap_mapped_unverified","field_verified":false,"layer":"osm_health_facility","facility_type":"hospital","operator":"private"}},{"type":"Feature","geometry":{"type":"Point","coordinates":[3.1717899,6.4955066]},"properties":{"osm_id":"node/11886853250","name":"Leverage Hospital Specialist Clinic","named":true,"source":"OpenStreetMap contributors","source_tags":{"amenity":"hospital","name":"Leverage Hospital Specialist Clinic","operator":"private"},"retrieved_at":"2026-09-06T12:43:12.245Z","confidence":"openstreetmap_mapped_unverified","field_verified":false,"layer":"osm_health_facility","facility_type":"hospital","operator":"private"}},{"type":"Feature","geometry":{"type":"Point","coordinates":[3.1711113,6.496422]},"properties":{"osm_id":"node/11886853251","name":"Tower Of Glory Hospital","named":true,"source":"OpenStreetMap contributors","source_tags":{"amenity":"hospital","name":"Tower Of Glory Hospital","operator":"private"},"retrieved_at":"2026-09-06T12:43:12.245Z","confidence":"openstreetmap_mapped_unverified","field_verified":false,"layer":"osm_health_facility","facility_type":"hospital","operator":"private"}},{"type":"Feature","geometry":{"type":"Point","coordinates":[3.1740108,6.4922566]},"properties":{"osm_id":"node/11886853252","name":"Noble Medical Digonistic Centre","named":true,"source":"OpenStreetMap contributors","source_tags":{"amenity":"hospital","name":"Noble Medical Digonistic Centre","operator":"private"},"retrieved_at":"2026-09-06T12:43:12.245Z","confidence":"openstreetmap_mapped_unverified","field_verified":false,"layer":"osm_health_facility","facility_type":"hospital","operator":"private"}},{"type":"Feature","geometry":{"type":"Point","coordinates":[3.1999826,6.4902392]},"properties":{"osm_id":"node/11886853253","name":"Grace Land Medical Center","named":true,"source":"OpenStreetMap contributors","source_tags":{"amenity":"hospital","name":"Grace Land Medical Center","operator":"private"},"retrieved_at":"2026-09-06T12:43:12.245Z","confidence":"openstreetmap_mapped_unverified","field_verified":false,"layer":"osm_health_facility","facility_type":"hospital","operator":"private"}},{"type":"Feature","geometry":{"type":"Point","coordinates":[3.2000443,6.4927656]},"properties":{"osm_id":"node/11886853254","name":"Pa Clement Ogunsusi","named":true,"source":"OpenStreetMap contributors","source_tags":{"amenity":"hospital","name":"Pa Clement Ogunsusi","operator":"private"},"retrieved_at":"2026-09-06T12:43:12.245Z","confidence":"openstreetmap_mapped_unverified","field_verified":false,"layer":"osm_health_facility","facility_type":"hospital","operator":"private"}},{"type":"Feature","geometry":{"type":"Point","coordinates":[3.2065956,6.5029858]},"properties":{"osm_id":"node/11886853255","name":"Adis Bunm Trado Medical Hospital And Maternity Home 14 Nnaema Uzor Street Off Summit Light Road","named":true,"source":"OpenStreetMap contributors","source_tags":{"amenity":"hospital","name":"Adis Bunm Trado Medical Hospital And Maternity Home 14 Nnaema Uzor Street Off Summit Light Road","operator":"private"},"retrieved_at":"2026-09-06T12:43:12.245Z","confidence":"openstreetmap_mapped_unverified","field_verified":false,"layer":"osm_health_facility","facility_type":"hospital","operator":"private"}},{"type":"Feature","geometry":{"type":"Point","coordinates":[3.2067874,6.5004514]},"properties":{"osm_id":"node/11886853256","name":"Ndieze Homeopathic Medical Services 20 Drchiwumba Off Summit Light Road","named":true,"source":"OpenStreetMap contributors","source_tags":{"amenity":"hospital","name":"Ndieze Homeopathic Medical Services 20 Drchiwumba Off Summit Light Road","operator":"private"},"retrieved_at":"2026-09-06T12:43:12.245Z","confidence":"openstreetmap_mapped_unverified","field_verified":false,"layer":"osm_health_facility","facility_type":"hospital","operator":"private"}},{"type":"Feature","geometry":{"type":"Point","coordinates":[3.198207,6.5023249]},"properties":{"osm_id":"node/11886853257","name":"Wisdom Hospital And Maternity","named":true,"source":"OpenStreetMap contributors","source_tags":{"amenity":"hospital","name":"Wisdom Hospital And Maternity","operator":"private"},"retrieved_at":"2026-09-06T12:43:12.245Z","confidence":"openstreetmap_mapped_unverified","field_verified":false,"layer":"osm_health_facility","facility_type":"hospital","operator":"private"}},{"type":"Feature","geometry":{"type":"Point","coordinates":[3.1964502,6.4971682]},"properties":{"osm_id":"node/11886853258","name":"Betheland Hospital","named":true,"source":"OpenStreetMap contributors","source_tags":{"amenity":"hospital","name":"Betheland Hospital","operator":"private"},"retrieved_at":"2026-09-06T12:43:12.245Z","confidence":"openstreetmap_mapped_unverified","field_verified":false,"layer":"osm_health_facility","facility_type":"hospital","operator":"private"}},{"type":"Feature","geometry":{"type":"Point","coordinates":[3.1438789,6.4944299]},"properties":{"osm_id":"node/11886996045","name":"Ademola Medical Center","named":true,"source":"OpenStreetMap contributors","source_tags":{"amenity":"hospital","name":"Ademola Medical Center","operator":"private"},"retrieved_at":"2026-09-06T12:43:12.245Z","confidence":"openstreetmap_mapped_unverified","field_verified":false,"layer":"osm_health_facility","facility_type":"hospital","operator":"private"}},{"type":"Feature","geometry":{"type":"Point","coordinates":[3.125436,6.4943833]},"properties":{"osm_id":"node/11886996046","name":"Hyssop Eye Clinic","named":true,"source":"OpenStreetMap contributors","source_tags":{"amenity":"hospital","name":"Hyssop Eye Clinic","operator":"private"},"retrieved_at":"2026-09-06T12:43:12.245Z","confidence":"openstreetmap_mapped_unverified","field_verified":false,"layer":"osm_health_facility","facility_type":"hospital","operator":"private"}},{"type":"Feature","geometry":{"type":"Point","coordinates":[3.1253126,6.4961688]},"properties":{"osm_id":"node/11886996047","name":"Ore Ofe Hospital Ijanikin","named":true,"source":"OpenStreetMap contributors","source_tags":{"amenity":"hospital","name":"Ore Ofe Hospital Ijanikin","operator":"private"},"retrieved_at":"2026-09-06T12:43:12.245Z","confidence":"openstreetmap_mapped_unverified","field_verified":false,"layer":"osm_health_facility","facility_type":"hospital","operator":"private"}},{"type":"Feature","geometry":{"type":"Point","coordinates":[3.1184435,6.4943433]},"properties":{"osm_id":"node/11886996048","name":"Femola Hospital","named":true,"source":"OpenStreetMap contributors","source_tags":{"amenity":"hospital","name":"Femola Hospital","operator":"private"},"retrieved_at":"2026-09-06T12:43:12.245Z","confidence":"openstreetmap_mapped_unverified","field_verified":false,"layer":"osm_health_facility","facility_type":"hospital","operator":"private"}},{"type":"Feature","geometry":{"type":"Point","coordinates":[3.1186245,6.497404]},"properties":{"osm_id":"node/11886996049","name":"Ijanikin Primary Health Care Center By Ile Oba Bstop Lagos Badagry Express Road","named":true,"source":"OpenStreetMap contributors","source_tags":{"amenity":"hospital","name":"Ijanikin Primary Health Care Center By Ile Oba Bstop Lagos Badagry Express Road","operator":"private"},"retrieved_at":"2026-09-06T12:43:12.245Z","confidence":"openstreetmap_mapped_unverified","field_verified":false,"layer":"osm_health_facility","facility_type":"hospital","operator":"private"}},{"type":"Feature","geometry":{"type":"Point","coordinates":[3.1415319,6.4937197]},"properties":{"osm_id":"node/11886996050","name":"Angelic Care Foundation Maternity","named":true,"source":"OpenStreetMap contributors","source_tags":{"amenity":"hospital","name":"Angelic Care Foundation Maternity","operator":"private"},"retrieved_at":"2026-09-06T12:43:12.245Z","confidence":"openstreetmap_mapped_unverified","field_verified":false,"layer":"osm_health_facility","facility_type":"hospital","operator":"private"}},{"type":"Feature","geometry":{"type":"Point","coordinates":[3.139472,6.4949056]},"properties":{"osm_id":"node/11886996051","name":"Ever Life Hospital","named":true,"source":"OpenStreetMap contributors","source_tags":{"amenity":"hospital","name":"Ever Life Hospital","operator":"private"},"retrieved_at":"2026-09-06T12:43:12.245Z","confidence":"openstreetmap_mapped_unverified","field_verified":false,"layer":"osm_health_facility","facility_type":"hospital","operator":"private"}},{"type":"Feature","geometry":{"type":"Point","coordinates":[3.1240956,6.4769146]},"properties":{"osm_id":"node/11887050496","name":"Era Primary Health Care Center","named":true,"source":"OpenStreetMap contributors","source_tags":{"amenity":"hospital","name":"Era Primary Health Care Center","operator":"private"},"retrieved_at":"2026-09-06T12:43:12.245Z","confidence":"openstreetmap_mapped_unverified","field_verified":false,"layer":"osm_health_facility","facility_type":"hospital","operator":"private"}},{"type":"Feature","geometry":{"type":"Point","coordinates":[3.1232701,6.4769579]},"properties":{"osm_id":"node/11887050497","name":"Oriowo Maternity Home","named":true,"source":"OpenStreetMap contributors","source_tags":{"amenity":"hospital","name":"Oriowo Maternity Home","operator":"private"},"retrieved_at":"2026-09-06T12:43:12.245Z","confidence":"openstreetmap_mapped_unverified","field_verified":false,"layer":"osm_health_facility","facility_type":"hospital","operator":"private"}},{"type":"Feature","geometry":{"type":"Point","coordinates":[3.1053704,6.4607312]},"properties":{"osm_id":"node/11887050498","name":"Goodness Medical Center","named":true,"source":"OpenStreetMap contributors","source_tags":{"amenity":"hospital","name":"Goodness Medical Center","operator":"private"},"retrieved_at":"2026-09-06T12:43:12.245Z","confidence":"openstreetmap_mapped_unverified","field_verified":false,"layer":"osm_health_facility","facility_type":"hospital","operator":"private"}},{"type":"Feature","geometry":{"type":"Point","coordinates":[3.1150451,6.4666106]},"properties":{"osm_id":"node/11887050499","name":"Imude Primary Health Care Center","named":true,"source":"OpenStreetMap contributors","source_tags":{"amenity":"hospital","name":"Imude Primary Health Care Center","operator:type":"public"},"retrieved_at":"2026-09-06T12:43:12.245Z","confidence":"openstreetmap_mapped_unverified","field_verified":false,"layer":"osm_health_facility","facility_type":"hospital","operator":null}},{"type":"Feature","geometry":{"type":"Point","coordinates":[3.158218,6.4768459]},"properties":{"osm_id":"node/11887050500","name":"Angelic Care Health Center 124 Adaloko Road By Pako Bstop","named":true,"source":"OpenStreetMap contributors","source_tags":{"amenity":"hospital","name":"Angelic Care Health Center 124 Adaloko Road By Pako Bstop","operator":"private"},"retrieved_at":"2026-09-06T12:43:12.245Z","confidence":"openstreetmap_mapped_unverified","field_verified":false,"layer":"osm_health_facility","facility_type":"hospital","operator":"private"}},{"type":"Feature","geometry":{"type":"Point","coordinates":[3.1423406,6.4766967]},"properties":{"osm_id":"node/11887050501","name":"Devital Care Hospital","named":true,"source":"OpenStreetMap contributors","source_tags":{"amenity":"hospital","name":"Devital Care Hospital","operator":"private"},"retrieved_at":"2026-09-06T12:43:12.245Z","confidence":"openstreetmap_mapped_unverified","field_verified":false,"layer":"osm_health_facility","facility_type":"hospital","operator":"private"}},{"type":"Feature","geometry":{"type":"Point","coordinates":[3.1539707,6.4884476]},"properties":{"osm_id":"node/11887050502","name":"Denow Ayetoro Medical Center","named":true,"source":"OpenStreetMap contributors","source_tags":{"amenity":"hospital","name":"Denow Ayetoro Medical Center","operator":"private"},"retrieved_at":"2026-09-06T12:43:12.245Z","confidence":"openstreetmap_mapped_unverified","field_verified":false,"layer":"osm_health_facility","facility_type":"hospital","operator":"private"}},{"type":"Feature","geometry":{"type":"Point","coordinates":[3.1532773,6.4869359]},"properties":{"osm_id":"node/11887050503","name":"Ketu Medical Clinic","named":true,"source":"OpenStreetMap contributors","source_tags":{"amenity":"hospital","name":"Ketu Medical Clinic","operator":"private"},"retrieved_at":"2026-09-06T12:43:12.245Z","confidence":"openstreetmap_mapped_unverified","field_verified":false,"layer":"osm_health_facility","facility_type":"hospital","operator":"private"}},{"type":"Feature","geometry":{"type":"Point","coordinates":[3.0292305,6.4042557]},"properties":{"osm_id":"node/11887082163","name":"Primary Health Building Dadiluwi Ilaje Riverine","named":true,"source":"OpenStreetMap contributors","source_tags":{"amenity":"hospital","name":"Primary Health Building Dadiluwi Ilaje Riverine","operator:type":"public"},"retrieved_at":"2026-09-06T12:43:12.245Z","confidence":"openstreetmap_mapped_unverified","field_verified":false,"layer":"osm_health_facility","facility_type":"hospital","operator":null}},{"type":"Feature","geometry":{"type":"Point","coordinates":[3.0736023,6.4078114]},"properties":{"osm_id":"node/11887087044","name":"Taffi Awori Primary Health Centre","named":true,"source":"OpenStreetMap contributors","source_tags":{"amenity":"hospital","name":"Taffi Awori Primary Health Centre","operator:type":"public"},"retrieved_at":"2026-09-06T12:43:12.245Z","confidence":"openstreetmap_mapped_unverified","field_verified":false,"layer":"osm_health_facility","facility_type":"hospital","operator":null}},{"type":"Feature","geometry":{"type":"Point","coordinates":[3.1512415,6.4730095]},"properties":{"osm_id":"node/11887482478","name":"Alhayat Hospital 2ekuweme Street Off Ogo Oluwa Street By Green And White Bus Stop","named":true,"source":"OpenStreetMap contributors","source_tags":{"amenity":"hospital","name":"Alhayat Hospital 2ekuweme Street Off Ogo Oluwa Street By Green And White Bus Stop","operator":"private"},"retrieved_at":"2026-09-06T12:43:12.245Z","confidence":"openstreetmap_mapped_unverified","field_verified":false,"layer":"osm_health_facility","facility_type":"hospital","operator":"private"}},{"type":"Feature","geometry":{"type":"Point","coordinates":[3.1429884,6.4700726]},"properties":{"osm_id":"node/11887482479","name":"God Cures Hospital","named":true,"source":"OpenStreetMap contributors","source_tags":{"amenity":"hospital","name":"God Cures Hospital","operator":"private"},"retrieved_at":"2026-09-06T12:43:12.245Z","confidence":"openstreetmap_mapped_unverified","field_verified":false,"layer":"osm_health_facility","facility_type":"hospital","operator":"private"}},{"type":"Feature","geometry":{"type":"Point","coordinates":[3.140227,6.4601775]},"properties":{"osm_id":"node/11887512842","name":"Healing Land Hospital And Maternity","named":true,"source":"OpenStreetMap contributors","source_tags":{"amenity":"hospital","name":"Healing Land Hospital And Maternity","operator":"private"},"retrieved_at":"2026-09-06T12:43:12.245Z","confidence":"openstreetmap_mapped_unverified","field_verified":false,"layer":"osm_health_facility","facility_type":"hospital","operator":"private"}},{"type":"Feature","geometry":{"type":"Point","coordinates":[3.1412986,6.4670343]},"properties":{"osm_id":"node/11887512843","name":"Ejiwunmi Tradomedical","named":true,"source":"OpenStreetMap contributors","source_tags":{"amenity":"hospital","name":"Ejiwunmi Tradomedical","operator":"private"},"retrieved_at":"2026-09-06T12:43:12.245Z","confidence":"openstreetmap_mapped_unverified","field_verified":false,"layer":"osm_health_facility","facility_type":"hospital","operator":"private"}},{"type":"Feature","geometry":{"type":"Point","coordinates":[3.1443389,6.4610151]},"properties":{"osm_id":"node/11887512844","name":"Goodness Medical Services","named":true,"source":"OpenStreetMap contributors","source_tags":{"amenity":"hospital","name":"Goodness Medical Services","operator":"private"},"retrieved_at":"2026-09-06T12:43:12.245Z","confidence":"openstreetmap_mapped_unverified","field_verified":false,"layer":"osm_health_facility","facility_type":"hospital","operator":"private"}},{"type":"Feature","geometry":{"type":"Point","coordinates":[3.1442732,6.461792]},"properties":{"osm_id":"node/11887512845","name":"Shibiri Primary Health Centre","named":true,"source":"OpenStreetMap contributors","source_tags":{"amenity":"hospital","name":"Shibiri Primary Health Centre","operator:type":"public"},"retrieved_at":"2026-09-06T12:43:12.245Z","confidence":"openstreetmap_mapped_unverified","field_verified":false,"layer":"osm_health_facility","facility_type":"hospital","operator":null}},{"type":"Feature","geometry":{"type":"Point","coordinates":[3.1529447,6.4658497]},"properties":{"osm_id":"node/11887512846","name":"Olutayo Nursing Home","named":true,"source":"OpenStreetMap contributors","source_tags":{"amenity":"hospital","name":"Olutayo Nursing Home","operator":"private"},"retrieved_at":"2026-09-06T12:43:12.245Z","confidence":"openstreetmap_mapped_unverified","field_verified":false,"layer":"osm_health_facility","facility_type":"hospital","operator":"private"}},{"type":"Feature","geometry":{"type":"Point","coordinates":[3.1534101,6.4648342]},"properties":{"osm_id":"node/11887512847","name":"Illogbo Central Hospital Illogboope","named":true,"source":"OpenStreetMap contributors","source_tags":{"amenity":"hospital","name":"Illogbo Central Hospital Illogboope","operator":"private"},"retrieved_at":"2026-09-06T12:43:12.245Z","confidence":"openstreetmap_mapped_unverified","field_verified":false,"layer":"osm_health_facility","facility_type":"hospital","operator":"private"}},{"type":"Feature","geometry":{"type":"Point","coordinates":[3.1538205,6.4616534]},"properties":{"osm_id":"node/11887512848","name":"Muskat Hospital9 Abbi Street By Rasaq Bstop Off Bishiri Ajangbadi Ojo","named":true,"source":"OpenStreetMap contributors","source_tags":{"amenity":"hospital","name":"Muskat Hospital9 Abbi Street By Rasaq Bstop Off Bishiri Ajangbadi Ojo","operator":"private"},"retrieved_at":"2026-09-06T12:43:12.245Z","confidence":"openstreetmap_mapped_unverified","field_verified":false,"layer":"osm_health_facility","facility_type":"hospital","operator":"private"}},{"type":"Feature","geometry":{"type":"Point","coordinates":[3.1405167,6.4593733]},"properties":{"osm_id":"node/11887518928","name":"Vineyard Convalescent Hospital","named":true,"source":"OpenStreetMap contributors","source_tags":{"amenity":"hospital","name":"Vineyard Convalescent Hospital","operator":"private"},"retrieved_at":"2026-09-06T12:43:12.245Z","confidence":"openstreetmap_mapped_unverified","field_verified":false,"layer":"osm_health_facility","facility_type":"hospital","operator":"private"}},{"type":"Feature","geometry":{"type":"Point","coordinates":[3.1535174,6.457593]},"properties":{"osm_id":"node/11887518929","name":"Edo Convalescent Homeclinic And Easy Delivery","named":true,"source":"OpenStreetMap contributors","source_tags":{"amenity":"hospital","name":"Edo Convalescent Homeclinic And Easy Delivery","operator":"private"},"retrieved_at":"2026-09-06T12:43:12.245Z","confidence":"openstreetmap_mapped_unverified","field_verified":false,"layer":"osm_health_facility","facility_type":"hospital","operator":"private"}},{"type":"Feature","geometry":{"type":"Point","coordinates":[3.1439942,6.4534686]},"properties":{"osm_id":"node/11887518930","name":"Munidola Maternity Center","named":true,"source":"OpenStreetMap contributors","source_tags":{"amenity":"hospital","name":"Munidola Maternity Center","operator":"private"},"retrieved_at":"2026-09-06T12:43:12.245Z","confidence":"openstreetmap_mapped_unverified","field_verified":false,"layer":"osm_health_facility","facility_type":"hospital","operator":"private"}},{"type":"Feature","geometry":{"type":"Point","coordinates":[3.1392762,6.4547106]},"properties":{"osm_id":"node/11887518931","name":"Grace Mobolaji Maternity","named":true,"source":"OpenStreetMap contributors","source_tags":{"amenity":"hospital","name":"Grace Mobolaji Maternity","operator":"private"},"retrieved_at":"2026-09-06T12:43:12.245Z","confidence":"openstreetmap_mapped_unverified","field_verified":false,"layer":"osm_health_facility","facility_type":"hospital","operator":"private"}},{"type":"Feature","geometry":{"type":"Point","coordinates":[3.131361,6.4584845]},"properties":{"osm_id":"node/11887518933","name":"Summy Indeel Laboratary","named":true,"source":"OpenStreetMap contributors","source_tags":{"amenity":"hospital","name":"Summy Indeel Laboratary","operator":"private"},"retrieved_at":"2026-09-06T12:43:12.245Z","confidence":"openstreetmap_mapped_unverified","field_verified":false,"layer":"osm_health_facility","facility_type":"hospital","operator":"private"}},{"type":"Feature","geometry":{"type":"Point","coordinates":[3.1401533,6.4603501]},"properties":{"osm_id":"node/11887555938","name":"Healing Land Hospital And Maternity","named":true,"source":"OpenStreetMap contributors","source_tags":{"amenity":"hospital","name":"Healing Land Hospital And Maternity","operator":"private"},"retrieved_at":"2026-09-06T12:43:12.245Z","confidence":"openstreetmap_mapped_unverified","field_verified":false,"layer":"osm_health_facility","facility_type":"hospital","operator":"private"}},{"type":"Feature","geometry":{"type":"Point","coordinates":[3.1465262,6.443889]},"properties":{"osm_id":"node/11888950304","name":"Primary Health Center Ese Ofin Riverine","named":true,"source":"OpenStreetMap contributors","source_tags":{"amenity":"hospital","name":"Primary Health Center Ese Ofin Riverine","operator:type":"public"},"retrieved_at":"2026-09-06T12:43:12.245Z","confidence":"openstreetmap_mapped_unverified","field_verified":false,"layer":"osm_health_facility","facility_type":"hospital","operator":null}},{"type":"Feature","geometry":{"type":"Point","coordinates":[3.1449088,6.4181773]},"properties":{"osm_id":"node/11888969820","name":"Irewe Primary Care Health Center Osulu Kingdom","named":true,"source":"OpenStreetMap contributors","source_tags":{"amenity":"hospital","name":"Irewe Primary Care Health Center Osulu Kingdom","operator:type":"public"},"retrieved_at":"2026-09-06T12:43:12.245Z","confidence":"openstreetmap_mapped_unverified","field_verified":false,"layer":"osm_health_facility","facility_type":"hospital","operator":null}},{"type":"Feature","geometry":{"type":"Point","coordinates":[3.1653258,6.4870651]},"properties":{"osm_id":"node/11889023436","name":"Chidove Homoeopathic Medical Center","named":true,"source":"OpenStreetMap contributors","source_tags":{"amenity":"hospital","name":"Chidove Homoeopathic Medical Center","operator":"private"},"retrieved_at":"2026-09-06T12:43:12.245Z","confidence":"openstreetmap_mapped_unverified","field_verified":false,"layer":"osm_health_facility","facility_type":"hospital","operator":"private"}},{"type":"Feature","geometry":{"type":"Point","coordinates":[3.1736923,6.4864475]},"properties":{"osm_id":"node/11889023437","name":"Mainframe Hospital And Maternity Centre","named":true,"source":"OpenStreetMap contributors","source_tags":{"amenity":"hospital","name":"Mainframe Hospital And Maternity Centre","operator":"private"},"retrieved_at":"2026-09-06T12:43:12.245Z","confidence":"openstreetmap_mapped_unverified","field_verified":false,"layer":"osm_health_facility","facility_type":"hospital","operator":"private"}},{"type":"Feature","geometry":{"type":"Point","coordinates":[3.1587236,6.4780452]},"properties":{"osm_id":"node/11889023438","name":"Divine Favour Maternity Center Adoloko","named":true,"source":"OpenStreetMap contributors","source_tags":{"amenity":"hospital","name":"Divine Favour Maternity Center Adoloko","operator":"private"},"retrieved_at":"2026-09-06T12:43:12.245Z","confidence":"openstreetmap_mapped_unverified","field_verified":false,"layer":"osm_health_facility","facility_type":"hospital","operator":"private"}},{"type":"Feature","geometry":{"type":"Point","coordinates":[3.1628032,6.476177]},"properties":{"osm_id":"node/11889023439","name":"Emmanuel Power Hospital","named":true,"source":"OpenStreetMap contributors","source_tags":{"amenity":"hospital","name":"Emmanuel Power Hospital","operator":"private"},"retrieved_at":"2026-09-06T12:43:12.245Z","confidence":"openstreetmap_mapped_unverified","field_verified":false,"layer":"osm_health_facility","facility_type":"hospital","operator":"private"}},{"type":"Feature","geometry":{"type":"Point","coordinates":[3.1783828,6.4711933]},"properties":{"osm_id":"node/11889023440","name":"Abodunrin Medical Center","named":true,"source":"OpenStreetMap contributors","source_tags":{"amenity":"hospital","name":"Abodunrin Medical Center","operator":"private"},"retrieved_at":"2026-09-06T12:43:12.245Z","confidence":"openstreetmap_mapped_unverified","field_verified":false,"layer":"osm_health_facility","facility_type":"hospital","operator":"private"}},{"type":"Feature","geometry":{"type":"Point","coordinates":[3.1616921,6.4709387]},"properties":{"osm_id":"node/11889023441","name":"Redeem Medical Center Annex","named":true,"source":"OpenStreetMap contributors","source_tags":{"amenity":"hospital","name":"Redeem Medical Center Annex","operator":"private"},"retrieved_at":"2026-09-06T12:43:12.245Z","confidence":"openstreetmap_mapped_unverified","field_verified":false,"layer":"osm_health_facility","facility_type":"hospital","operator":"private"}},{"type":"Feature","geometry":{"type":"Point","coordinates":[3.1593271,6.4581407]},"properties":{"osm_id":"node/11889023442","name":"Conner Stone Medical Center","named":true,"source":"OpenStreetMap contributors","source_tags":{"amenity":"hospital","name":"Conner Stone Medical Center","operator":"private"},"retrieved_at":"2026-09-06T12:43:12.245Z","confidence":"openstreetmap_mapped_unverified","field_verified":false,"layer":"osm_health_facility","facility_type":"hospital","operator":"private"}},{"type":"Feature","geometry":{"type":"Point","coordinates":[3.1800444,6.46757]},"properties":{"osm_id":"node/11889023443","name":"Okoko Central Hospital Jakande New Site","named":true,"source":"OpenStreetMap contributors","source_tags":{"amenity":"hospital","name":"Okoko Central Hospital Jakande New Site","operator":"private"},"retrieved_at":"2026-09-06T12:43:12.245Z","confidence":"openstreetmap_mapped_unverified","field_verified":false,"layer":"osm_health_facility","facility_type":"hospital","operator":"private"}},{"type":"Feature","geometry":{"type":"Point","coordinates":[3.1720206,6.4647236]},"properties":{"osm_id":"node/11889023444","name":"Dikue Medical Centre","named":true,"source":"OpenStreetMap contributors","source_tags":{"amenity":"hospital","name":"Dikue Medical Centre","operator":"private"},"retrieved_at":"2026-09-06T12:43:12.245Z","confidence":"openstreetmap_mapped_unverified","field_verified":false,"layer":"osm_health_facility","facility_type":"hospital","operator":"private"}},{"type":"Feature","geometry":{"type":"Point","coordinates":[3.1728575,6.4621438]},"properties":{"osm_id":"node/11889023445","name":"Sabo Crown Hospital","named":true,"source":"OpenStreetMap contributors","source_tags":{"amenity":"hospital","name":"Sabo Crown Hospital","operator":"private"},"retrieved_at":"2026-09-06T12:43:12.245Z","confidence":"openstreetmap_mapped_unverified","field_verified":false,"layer":"osm_health_facility","facility_type":"hospital","operator":"private"}},{"type":"Feature","geometry":{"type":"Point","coordinates":[3.1753948,6.4617147]},"properties":{"osm_id":"node/11889023446","name":"Garden Hospital Sabo Oniba Town","named":true,"source":"OpenStreetMap contributors","source_tags":{"amenity":"hospital","name":"Garden Hospital Sabo Oniba Town","operator":"private"},"retrieved_at":"2026-09-06T12:43:12.245Z","confidence":"openstreetmap_mapped_unverified","field_verified":false,"layer":"osm_health_facility","facility_type":"hospital","operator":"private"}},{"type":"Feature","geometry":{"type":"Point","coordinates":[3.1770015,6.458735]},"properties":{"osm_id":"node/11889023447","name":"Deelshaddai Health Canter Home","named":true,"source":"OpenStreetMap contributors","source_tags":{"amenity":"hospital","name":"Deelshaddai Health Canter Home","operator":"private"},"retrieved_at":"2026-09-06T12:43:12.245Z","confidence":"openstreetmap_mapped_unverified","field_verified":false,"layer":"osm_health_facility","facility_type":"hospital","operator":"private"}},{"type":"Feature","geometry":{"type":"Point","coordinates":[3.1627616,6.4515789]},"properties":{"osm_id":"node/11889046391","name":"Igbede Primary Health Center Igbede Bstop Ojo Igbede","named":true,"source":"OpenStreetMap contributors","source_tags":{"amenity":"hospital","name":"Igbede Primary Health Center Igbede Bstop Ojo Igbede","operator":"private"},"retrieved_at":"2026-09-06T12:43:12.245Z","confidence":"openstreetmap_mapped_unverified","field_verified":false,"layer":"osm_health_facility","facility_type":"hospital","operator":"private"}},{"type":"Feature","geometry":{"type":"Point","coordinates":[3.1889132,6.4648835]},"properties":{"osm_id":"node/11889139972","name":"Blessed Mary Natural Clinic And Maternity","named":true,"source":"OpenStreetMap contributors","source_tags":{"amenity":"hospital","name":"Blessed Mary Natural Clinic And Maternity","operator":"private"},"retrieved_at":"2026-09-06T12:43:12.245Z","confidence":"openstreetmap_mapped_unverified","field_verified":false,"layer":"osm_health_facility","facility_type":"hospital","operator":"private"}},{"type":"Feature","geometry":{"type":"Point","coordinates":[3.181698,6.4665519]},"properties":{"osm_id":"node/11889139973","name":"Redeemed Medical Center","named":true,"source":"OpenStreetMap contributors","source_tags":{"amenity":"hospital","name":"Redeemed Medical Center","operator":"private"},"retrieved_at":"2026-09-06T12:43:12.245Z","confidence":"openstreetmap_mapped_unverified","field_verified":false,"layer":"osm_health_facility","facility_type":"hospital","operator":"private"}},{"type":"Feature","geometry":{"type":"Point","coordinates":[3.1853673,6.4669943]},"properties":{"osm_id":"node/11889139974","name":"Ifeoluwa Maternity Home","named":true,"source":"OpenStreetMap contributors","source_tags":{"amenity":"hospital","name":"Ifeoluwa Maternity Home","operator":"private"},"retrieved_at":"2026-09-06T12:43:12.245Z","confidence":"openstreetmap_mapped_unverified","field_verified":false,"layer":"osm_health_facility","facility_type":"hospital","operator":"private"}},{"type":"Feature","geometry":{"type":"Point","coordinates":[3.1831571,6.4659549]},"properties":{"osm_id":"node/11889139975","name":"Kena Hospital","named":true,"source":"OpenStreetMap contributors","source_tags":{"amenity":"hospital","name":"Kena Hospital","operator":"private"},"retrieved_at":"2026-09-06T12:43:12.245Z","confidence":"openstreetmap_mapped_unverified","field_verified":false,"layer":"osm_health_facility","facility_type":"hospital","operator":"private"}},{"type":"Feature","geometry":{"type":"Point","coordinates":[3.1872247,6.4671796]},"properties":{"osm_id":"node/11889139976","name":"Kemberi Primary Health Center","named":true,"source":"OpenStreetMap contributors","source_tags":{"amenity":"hospital","name":"Kemberi Primary Health Center","operator":"private"},"retrieved_at":"2026-09-06T12:43:12.245Z","confidence":"openstreetmap_mapped_unverified","field_verified":false,"layer":"osm_health_facility","facility_type":"hospital","operator":"private"}},{"type":"Feature","geometry":{"type":"Point","coordinates":[3.1949793,6.4702271]},"properties":{"osm_id":"node/11889139977","name":"Kiladejo Hospital","named":true,"source":"OpenStreetMap contributors","source_tags":{"amenity":"hospital","name":"Kiladejo Hospital","operator":"private"},"retrieved_at":"2026-09-06T12:43:12.245Z","confidence":"openstreetmap_mapped_unverified","field_verified":false,"layer":"osm_health_facility","facility_type":"hospital","operator":"private"}},{"type":"Feature","geometry":{"type":"Point","coordinates":[3.1910831,6.4707042]},"properties":{"osm_id":"node/11889139978","name":"Okokomaiko Primary Health Care Board","named":true,"source":"OpenStreetMap contributors","source_tags":{"amenity":"hospital","name":"Okokomaiko Primary Health Care Board","operator:type":"public"},"retrieved_at":"2026-09-06T12:43:12.245Z","confidence":"openstreetmap_mapped_unverified","field_verified":false,"layer":"osm_health_facility","facility_type":"hospital","operator":null}},{"type":"Feature","geometry":{"type":"Point","coordinates":[3.1882533,6.4821828]},"properties":{"osm_id":"node/11889139979","name":"Hon C O Ojelabi Health Center Igbo Elerin","named":true,"source":"OpenStreetMap contributors","source_tags":{"amenity":"hospital","name":"Hon C O Ojelabi Health Center Igbo Elerin","operator":"private"},"retrieved_at":"2026-09-06T12:43:12.245Z","confidence":"openstreetmap_mapped_unverified","field_verified":false,"layer":"osm_health_facility","facility_type":"hospital","operator":"private"}},{"type":"Feature","geometry":{"type":"Point","coordinates":[3.1872851,6.4835473]},"properties":{"osm_id":"node/11889139980","name":"Bossom Hospital And Maternity","named":true,"source":"OpenStreetMap contributors","source_tags":{"amenity":"hospital","name":"Bossom Hospital And Maternity","operator":"private"},"retrieved_at":"2026-09-06T12:43:12.245Z","confidence":"openstreetmap_mapped_unverified","field_verified":false,"layer":"osm_health_facility","facility_type":"hospital","operator":"private"}},{"type":"Feature","geometry":{"type":"Point","coordinates":[3.1867862,6.4835926]},"properties":{"osm_id":"node/11889139981","name":"Bolus Coudlescent Center","named":true,"source":"OpenStreetMap contributors","source_tags":{"amenity":"hospital","name":"Bolus Coudlescent Center","operator":"private"},"retrieved_at":"2026-09-06T12:43:12.245Z","confidence":"openstreetmap_mapped_unverified","field_verified":false,"layer":"osm_health_facility","facility_type":"hospital","operator":"private"}},{"type":"Feature","geometry":{"type":"Point","coordinates":[3.1852627,6.4862936]},"properties":{"osm_id":"node/11889139982","name":"Ancel Hospital","named":true,"source":"OpenStreetMap contributors","source_tags":{"amenity":"hospital","name":"Ancel Hospital","operator":"private"},"retrieved_at":"2026-09-06T12:43:12.245Z","confidence":"openstreetmap_mapped_unverified","field_verified":false,"layer":"osm_health_facility","facility_type":"hospital","operator":"private"}},{"type":"Feature","geometry":{"type":"Point","coordinates":[3.2021928,6.4568267]},"properties":{"osm_id":"node/11889159163","name":"Fellowship Clinic And Maternity Center","named":true,"source":"OpenStreetMap contributors","source_tags":{"amenity":"hospital","name":"Fellowship Clinic And Maternity Center","operator":"private"},"retrieved_at":"2026-09-06T12:43:12.245Z","confidence":"openstreetmap_mapped_unverified","field_verified":false,"layer":"osm_health_facility","facility_type":"hospital","operator":"private"}},{"type":"Feature","geometry":{"type":"Point","coordinates":[3.2022692,6.4560805]},"properties":{"osm_id":"node/11889159164","name":"God's Goal Hospital","named":true,"source":"OpenStreetMap contributors","source_tags":{"amenity":"hospital","name":"God's Goal Hospital","operator":"private"},"retrieved_at":"2026-09-06T12:43:12.245Z","confidence":"openstreetmap_mapped_unverified","field_verified":false,"layer":"osm_health_facility","facility_type":"hospital","operator":"private"}},{"type":"Feature","geometry":{"type":"Point","coordinates":[3.1849846,6.458504]},"properties":{"osm_id":"node/11889159165","name":"Divine Release Maternity Home","named":true,"source":"OpenStreetMap contributors","source_tags":{"amenity":"hospital","healthcare":"hospital","name":"Divine Release Maternity Home","operator":"private"},"retrieved_at":"2026-09-06T12:43:12.245Z","confidence":"openstreetmap_mapped_unverified","field_verified":false,"layer":"osm_health_facility","facility_type":"hospital","operator":"private"}},{"type":"Feature","geometry":{"type":"Point","coordinates":[3.1895582,6.4535725]},"properties":{"osm_id":"node/11889159166","name":"Genesis Health Center","named":true,"source":"OpenStreetMap contributors","source_tags":{"amenity":"hospital","name":"Genesis Health Center","operator":"private"},"retrieved_at":"2026-09-06T12:43:12.245Z","confidence":"openstreetmap_mapped_unverified","field_verified":false,"layer":"osm_health_facility","facility_type":"hospital","operator":"private"}},{"type":"Feature","geometry":{"type":"Point","coordinates":[3.2290417,6.4590801]},"properties":{"osm_id":"node/11889190332","name":"Bonne Fante Hospital","named":true,"source":"OpenStreetMap contributors","source_tags":{"amenity":"hospital","name":"Bonne Fante Hospital","operator":"private"},"retrieved_at":"2026-09-06T12:43:12.245Z","confidence":"openstreetmap_mapped_unverified","field_verified":false,"layer":"osm_health_facility","facility_type":"hospital","operator":"private"}},{"type":"Feature","geometry":{"type":"Point","coordinates":[3.2229839,6.4592327]},"properties":{"osm_id":"node/11889190333","name":"Safe Healing Nursing Home","named":true,"source":"OpenStreetMap contributors","source_tags":{"amenity":"hospital","name":"Safe Healing Nursing Home","operator":"private"},"retrieved_at":"2026-09-06T12:43:12.245Z","confidence":"openstreetmap_mapped_unverified","field_verified":false,"layer":"osm_health_facility","facility_type":"hospital","operator":"private"}},{"type":"Feature","geometry":{"type":"Point","coordinates":[3.2200912,6.4585031]},"properties":{"osm_id":"node/11889190334","name":"Alexander Memorial Hospital Olugbemi Agric","named":true,"source":"OpenStreetMap contributors","source_tags":{"amenity":"hospital","name":"Alexander Memorial Hospital Olugbemi Agric","operator":"private"},"retrieved_at":"2026-09-06T12:43:12.245Z","confidence":"openstreetmap_mapped_unverified","field_verified":false,"layer":"osm_health_facility","facility_type":"hospital","operator":"private"}},{"type":"Feature","geometry":{"type":"Point","coordinates":[3.2211815,6.4562244]},"properties":{"osm_id":"node/11889190335","name":"St David Med Center","named":true,"source":"OpenStreetMap contributors","source_tags":{"amenity":"hospital","name":"St David Med Center","operator":"private"},"retrieved_at":"2026-09-06T12:43:12.245Z","confidence":"openstreetmap_mapped_unverified","field_verified":false,"layer":"osm_health_facility","facility_type":"hospital","operator":"private"}},{"type":"Feature","geometry":{"type":"Point","coordinates":[3.2276148,6.4463071]},"properties":{"osm_id":"node/11889190336","name":"Tedi Primary Health Center Ojo","named":true,"source":"OpenStreetMap contributors","source_tags":{"amenity":"hospital","name":"Tedi Primary Health Center Ojo","operator":"private"},"retrieved_at":"2026-09-06T12:43:12.245Z","confidence":"openstreetmap_mapped_unverified","field_verified":false,"layer":"osm_health_facility","facility_type":"hospital","operator":"private"}},{"type":"Feature","geometry":{"type":"Point","coordinates":[3.2218426,6.4457141]},"properties":{"osm_id":"node/11889190337","name":"Divine Gift Medical Centre Hospital","named":true,"source":"OpenStreetMap contributors","source_tags":{"amenity":"hospital","name":"Divine Gift Medical Centre Hospital","operator":"private"},"retrieved_at":"2026-09-06T12:43:12.245Z","confidence":"openstreetmap_mapped_unverified","field_verified":false,"layer":"osm_health_facility","facility_type":"hospital","operator":"private"}},{"type":"Feature","geometry":{"type":"Point","coordinates":[3.2142627,6.44454]},"properties":{"osm_id":"node/11889190338","name":"New Nigeria Hospital","named":true,"source":"OpenStreetMap contributors","source_tags":{"amenity":"hospital","name":"New Nigeria Hospital","operator":"private"},"retrieved_at":"2026-09-06T12:43:12.245Z","confidence":"openstreetmap_mapped_unverified","field_verified":false,"layer":"osm_health_facility","facility_type":"hospital","operator":"private"}},{"type":"Feature","geometry":{"type":"Point","coordinates":[3.2276791,6.4696408]},"properties":{"osm_id":"node/11889212942","name":"MRS Hospital","named":true,"source":"OpenStreetMap contributors","source_tags":{"amenity":"hospital","name":"MRS Hospital","operator":"private"},"retrieved_at":"2026-09-06T12:43:12.245Z","confidence":"openstreetmap_mapped_unverified","field_verified":false,"layer":"osm_health_facility","facility_type":"hospital","operator":"private"}},{"type":"Feature","geometry":{"type":"Point","coordinates":[3.2610545,6.6785672]},"properties":{"osm_id":"node/11890939739","name":"Heaven Hospital Alagbado","named":true,"source":"OpenStreetMap contributors","source_tags":{"amenity":"hospital","name":"Heaven Hospital Alagbado","operator":"private"},"retrieved_at":"2026-09-06T12:43:12.245Z","confidence":"openstreetmap_mapped_unverified","field_verified":false,"layer":"osm_health_facility","facility_type":"hospital","operator":"private"}},{"type":"Feature","geometry":{"type":"Point","coordinates":[3.2597651,6.6778665]},"properties":{"osm_id":"node/11890939740","name":"Agbado Okeodo Primary Health Center","named":true,"source":"OpenStreetMap contributors","source_tags":{"amenity":"hospital","name":"Agbado Okeodo Primary Health Center","operator:type":"public"},"retrieved_at":"2026-09-06T12:43:12.245Z","confidence":"openstreetmap_mapped_unverified","field_verified":false,"layer":"osm_health_facility","facility_type":"hospital","operator":null}},{"type":"Feature","geometry":{"type":"Point","coordinates":[3.2541525,6.6727483]},"properties":{"osm_id":"node/11890939741","name":"Oke Ilo Health Center","named":true,"source":"OpenStreetMap contributors","source_tags":{"amenity":"hospital","name":"Oke Ilo Health Center","operator:type":"public"},"retrieved_at":"2026-09-06T12:43:12.245Z","confidence":"openstreetmap_mapped_unverified","field_verified":false,"layer":"osm_health_facility","facility_type":"hospital","operator":null}},{"type":"Feature","geometry":{"type":"Point","coordinates":[3.254056,6.6698558]},"properties":{"osm_id":"node/11890939742","name":"New Merit Hospital Limited","named":true,"source":"OpenStreetMap contributors","source_tags":{"amenity":"hospital","name":"New Merit Hospital Limited","operator":"private"},"retrieved_at":"2026-09-06T12:43:12.245Z","confidence":"openstreetmap_mapped_unverified","field_verified":false,"layer":"osm_health_facility","facility_type":"hospital","operator":"private"}},{"type":"Feature","geometry":{"type":"Point","coordinates":[3.251009,6.6669253]},"properties":{"osm_id":"node/11890939743","name":"Taqwa Hospital","named":true,"source":"OpenStreetMap contributors","source_tags":{"amenity":"hospital","name":"Taqwa Hospital","operator":"private"},"retrieved_at":"2026-09-06T12:43:12.245Z","confidence":"openstreetmap_mapped_unverified","field_verified":false,"layer":"osm_health_facility","facility_type":"hospital","operator":"private"}},{"type":"Feature","geometry":{"type":"Point","coordinates":[3.2446092,6.6503625]},"properties":{"osm_id":"node/11891069740","name":"Alaso Amikanle Primary Health Care Center","named":true,"source":"OpenStreetMap contributors","source_tags":{"amenity":"hospital","name":"Alaso Amikanle Primary Health Care Center","operator:type":"public"},"retrieved_at":"2026-09-06T12:43:12.245Z","confidence":"openstreetmap_mapped_unverified","field_verified":false,"layer":"osm_health_facility","facility_type":"hospital","operator":null}},{"type":"Feature","geometry":{"type":"Point","coordinates":[3.271031,6.6461751]},"properties":{"osm_id":"node/11891069741","name":"First Wave Medical Center","named":true,"source":"OpenStreetMap contributors","source_tags":{"amenity":"hospital","name":"First Wave Medical Center","operator:type":"public"},"retrieved_at":"2026-09-06T12:43:12.245Z","confidence":"openstreetmap_mapped_unverified","field_verified":false,"layer":"osm_health_facility","facility_type":"hospital","operator":null}},{"type":"Feature","geometry":{"type":"Point","coordinates":[3.2695994,6.6487001]},"properties":{"osm_id":"node/11891069742","name":"Crescent Hospital","named":true,"source":"OpenStreetMap contributors","source_tags":{"amenity":"hospital","name":"Crescent Hospital","operator":"private"},"retrieved_at":"2026-09-06T12:43:12.245Z","confidence":"openstreetmap_mapped_unverified","field_verified":false,"layer":"osm_health_facility","facility_type":"hospital","operator":"private"}},{"type":"Feature","geometry":{"type":"Point","coordinates":[3.2622528,6.6499389]},"properties":{"osm_id":"node/11891069743","name":"Agbenuba Health Centre","named":true,"source":"OpenStreetMap contributors","source_tags":{"amenity":"hospital","name":"Agbenuba Health Centre","operator:type":"public"},"retrieved_at":"2026-09-06T12:43:12.245Z","confidence":"openstreetmap_mapped_unverified","field_verified":false,"layer":"osm_health_facility","facility_type":"hospital","operator":null}},{"type":"Feature","geometry":{"type":"Point","coordinates":[3.2601178,6.6542615]},"properties":{"osm_id":"node/11891069744","name":"Surulere Primary Health Care Center","named":true,"source":"OpenStreetMap contributors","source_tags":{"amenity":"hospital","name":"Surulere Primary Health Care Center","operator:type":"public"},"retrieved_at":"2026-09-06T12:43:12.245Z","confidence":"openstreetmap_mapped_unverified","field_verified":false,"layer":"osm_health_facility","facility_type":"hospital","operator":null}},{"type":"Feature","geometry":{"type":"Point","coordinates":[3.2575589,6.6579913]},"properties":{"osm_id":"node/11891069745","name":"Cavesbury Private Hospital","named":true,"source":"OpenStreetMap contributors","source_tags":{"amenity":"hospital","name":"Cavesbury Private Hospital","operator":"private"},"retrieved_at":"2026-09-06T12:43:12.245Z","confidence":"openstreetmap_mapped_unverified","field_verified":false,"layer":"osm_health_facility","facility_type":"hospital","operator":"private"}},{"type":"Feature","geometry":{"type":"Point","coordinates":[3.2589068,6.6389225]},"properties":{"osm_id":"node/11891106130","name":"Raufmomic Health Care","named":true,"source":"OpenStreetMap contributors","source_tags":{"amenity":"hospital","name":"Raufmomic Health Care","operator":"private"},"retrieved_at":"2026-09-06T12:43:12.245Z","confidence":"openstreetmap_mapped_unverified","field_verified":false,"layer":"osm_health_facility","facility_type":"hospital","operator":"private"}},{"type":"Feature","geometry":{"type":"Point","coordinates":[3.259816,6.6298853]},"properties":{"osm_id":"node/11891106131","name":"Realcare Hospitals","named":true,"source":"OpenStreetMap contributors","source_tags":{"amenity":"hospital","name":"Realcare Hospitals","operator":"private"},"retrieved_at":"2026-09-06T12:43:12.245Z","confidence":"openstreetmap_mapped_unverified","field_verified":false,"layer":"osm_health_facility","facility_type":"hospital","operator":"private"}},{"type":"Feature","geometry":{"type":"Point","coordinates":[3.2690023,6.6424109]},"properties":{"osm_id":"node/11891106132","name":"Ehj Catholic Hospital","named":true,"source":"OpenStreetMap contributors","source_tags":{"amenity":"hospital","name":"Ehj Catholic Hospital","operator":"private"},"retrieved_at":"2026-09-06T12:43:12.245Z","confidence":"openstreetmap_mapped_unverified","field_verified":false,"layer":"osm_health_facility","facility_type":"hospital","operator":"private"}},{"type":"Feature","geometry":{"type":"Point","coordinates":[3.2637247,6.6446532]},"properties":{"osm_id":"node/11891106133","name":"God's Footstep Nursing Home","named":true,"source":"OpenStreetMap contributors","source_tags":{"amenity":"hospital","name":"God's Footstep Nursing Home","operator":"private"},"retrieved_at":"2026-09-06T12:43:12.245Z","confidence":"openstreetmap_mapped_unverified","field_verified":false,"layer":"osm_health_facility","facility_type":"hospital","operator":"private"}},{"type":"Feature","geometry":{"type":"Point","coordinates":[3.2617338,6.6442882]},"properties":{"osm_id":"node/11891106134","name":"Fueller Health Hospital","named":true,"source":"OpenStreetMap contributors","source_tags":{"amenity":"hospital","name":"Fueller Health Hospital","operator":"private"},"retrieved_at":"2026-09-06T12:43:12.245Z","confidence":"openstreetmap_mapped_unverified","field_verified":false,"layer":"osm_health_facility","facility_type":"hospital","operator":"private"}},{"type":"Feature","geometry":{"type":"Point","coordinates":[3.2549036,6.6429134]},"properties":{"osm_id":"node/11891106135","name":"Limad Hospital Ltd","named":true,"source":"OpenStreetMap contributors","source_tags":{"amenity":"hospital","name":"Limad Hospital Ltd","operator":"private"},"retrieved_at":"2026-09-06T12:43:12.245Z","confidence":"openstreetmap_mapped_unverified","field_verified":false,"layer":"osm_health_facility","facility_type":"hospital","operator":"private"}},{"type":"Feature","geometry":{"type":"Point","coordinates":[3.2597121,6.6140133]},"properties":{"osm_id":"node/11891216324","name":"Glad Tidings Hospital","named":true,"source":"OpenStreetMap contributors","source_tags":{"amenity":"hospital","name":"Glad Tidings Hospital","operator":"private"},"retrieved_at":"2026-09-06T12:43:12.245Z","confidence":"openstreetmap_mapped_unverified","field_verified":false,"layer":"osm_health_facility","facility_type":"hospital","operator":"private"}},{"type":"Feature","geometry":{"type":"Point","coordinates":[3.2725672,6.6169781]},"properties":{"osm_id":"node/11891216325","name":"Chrisol Medicals Maternity Home","named":true,"source":"OpenStreetMap contributors","source_tags":{"amenity":"hospital","name":"Chrisol Medicals Maternity Home","operator:type":"public"},"retrieved_at":"2026-09-06T12:43:12.245Z","confidence":"openstreetmap_mapped_unverified","field_verified":false,"layer":"osm_health_facility","facility_type":"hospital","operator":null}},{"type":"Feature","geometry":{"type":"Point","coordinates":[3.2745172,6.6216393]},"properties":{"osm_id":"node/11891216326","name":"Lee Way Medical Center","named":true,"source":"OpenStreetMap contributors","source_tags":{"amenity":"hospital","name":"Lee Way Medical Center","operator":"private"},"retrieved_at":"2026-09-06T12:43:12.245Z","confidence":"openstreetmap_mapped_unverified","field_verified":false,"layer":"osm_health_facility","facility_type":"hospital","operator":"private"}},{"type":"Feature","geometry":{"type":"Point","coordinates":[3.2761587,6.6211997]},"properties":{"osm_id":"node/11891216327","name":"Double Crown Medical Diagnostic Service","named":true,"source":"OpenStreetMap contributors","source_tags":{"amenity":"hospital","name":"Double Crown Medical Diagnostic Service","operator":"private"},"retrieved_at":"2026-09-06T12:43:12.245Z","confidence":"openstreetmap_mapped_unverified","field_verified":false,"layer":"osm_health_facility","facility_type":"hospital","operator":"private"}},{"type":"Feature","geometry":{"type":"Point","coordinates":[3.2582349,6.6070167]},"properties":{"osm_id":"node/11891318391","name":"Agape Medical Centre","named":true,"source":"OpenStreetMap contributors","source_tags":{"amenity":"hospital","name":"Agape Medical Centre","operator":"private"},"retrieved_at":"2026-09-06T12:43:12.245Z","confidence":"openstreetmap_mapped_unverified","field_verified":false,"layer":"osm_health_facility","facility_type":"hospital","operator":"private"}},{"type":"Feature","geometry":{"type":"Point","coordinates":[3.2547547,6.6058117]},"properties":{"osm_id":"node/11891318392","name":"Samas Hospital","named":true,"source":"OpenStreetMap contributors","source_tags":{"amenity":"hospital","name":"Samas Hospital","operator":"private"},"retrieved_at":"2026-09-06T12:43:12.245Z","confidence":"openstreetmap_mapped_unverified","field_verified":false,"layer":"osm_health_facility","facility_type":"hospital","operator":"private"}},{"type":"Feature","geometry":{"type":"Point","coordinates":[3.2712241,6.6016119]},"properties":{"osm_id":"node/11891318393","name":"Quest Medical Diagnosis","named":true,"source":"OpenStreetMap contributors","source_tags":{"amenity":"hospital","name":"Quest Medical Diagnosis","operator":"private"},"retrieved_at":"2026-09-06T12:43:12.245Z","confidence":"openstreetmap_mapped_unverified","field_verified":false,"layer":"osm_health_facility","facility_type":"hospital","operator":"private"}},{"type":"Feature","geometry":{"type":"Point","coordinates":[3.2680249,6.5986351]},"properties":{"osm_id":"node/11891318394","name":"Daverhodes Clinic And Maternity Home","named":true,"source":"OpenStreetMap contributors","source_tags":{"amenity":"hospital","name":"Daverhodes Clinic And Maternity Home","operator:type":"public"},"retrieved_at":"2026-09-06T12:43:12.245Z","confidence":"openstreetmap_mapped_unverified","field_verified":false,"layer":"osm_health_facility","facility_type":"hospital","operator":null}},{"type":"Feature","geometry":{"type":"Point","coordinates":[3.267526,6.6005988]},"properties":{"osm_id":"node/11891318395","name":"Solad Medical Centre And Maternity Hospital","named":true,"source":"OpenStreetMap contributors","source_tags":{"amenity":"hospital","name":"Solad Medical Centre And Maternity Hospital","operator:type":"public"},"retrieved_at":"2026-09-06T12:43:12.245Z","confidence":"openstreetmap_mapped_unverified","field_verified":false,"layer":"osm_health_facility","facility_type":"hospital","operator":null}},{"type":"Feature","geometry":{"type":"Point","coordinates":[3.2543185,6.6063363]},"properties":{"osm_id":"node/11891318396","name":"The Ark Hospital And Maternity Centre","named":true,"source":"OpenStreetMap contributors","source_tags":{"amenity":"hospital","name":"The Ark Hospital And Maternity Centre","operator:type":"public"},"retrieved_at":"2026-09-06T12:43:12.245Z","confidence":"openstreetmap_mapped_unverified","field_verified":false,"layer":"osm_health_facility","facility_type":"hospital","operator":null}},{"type":"Feature","geometry":{"type":"Point","coordinates":[3.2337406,6.5931078]},"properties":{"osm_id":"node/11891318397","name":"St Monica Hospital","named":true,"source":"OpenStreetMap contributors","source_tags":{"amenity":"hospital","name":"St Monica Hospital","operator":"private"},"retrieved_at":"2026-09-06T12:43:12.245Z","confidence":"openstreetmap_mapped_unverified","field_verified":false,"layer":"osm_health_facility","facility_type":"hospital","operator":"private"}},{"type":"Feature","geometry":{"type":"Point","coordinates":[3.2349466,6.6064245]},"properties":{"osm_id":"node/11891318398","name":"Ayobo Primary Health Care Centre","named":true,"source":"OpenStreetMap contributors","source_tags":{"amenity":"hospital","name":"Ayobo Primary Health Care Centre","operator:type":"public"},"retrieved_at":"2026-09-06T12:43:12.245Z","confidence":"openstreetmap_mapped_unverified","field_verified":false,"layer":"osm_health_facility","facility_type":"hospital","operator":null}},{"type":"Feature","geometry":{"type":"Point","coordinates":[3.2614629,6.6045967]},"properties":{"osm_id":"node/11891318399","name":"Abalamo Maternity Centre","named":true,"source":"OpenStreetMap contributors","source_tags":{"amenity":"hospital","name":"Abalamo Maternity Centre","operator:type":"public"},"retrieved_at":"2026-09-06T12:43:12.245Z","confidence":"openstreetmap_mapped_unverified","field_verified":false,"layer":"osm_health_facility","facility_type":"hospital","operator":null}},{"type":"Feature","geometry":{"type":"Point","coordinates":[3.2542075,6.6043183]},"properties":{"osm_id":"node/11891318400","name":"Ipaja Primary Health Centre","named":true,"source":"OpenStreetMap contributors","source_tags":{"amenity":"hospital","name":"Ipaja Primary Health Centre","operator:type":"public"},"retrieved_at":"2026-09-06T12:43:12.245Z","confidence":"openstreetmap_mapped_unverified","field_verified":false,"layer":"osm_health_facility","facility_type":"hospital","operator":null}},{"type":"Feature","geometry":{"type":"Point","coordinates":[3.2597543,6.603487]},"properties":{"osm_id":"node/11891318401","name":"Akinsayosikenu Hospital","named":true,"source":"OpenStreetMap contributors","source_tags":{"amenity":"hospital","name":"Akinsayosikenu Hospital","operator:type":"public"},"retrieved_at":"2026-09-06T12:43:12.245Z","confidence":"openstreetmap_mapped_unverified","field_verified":false,"layer":"osm_health_facility","facility_type":"hospital","operator":null}},{"type":"Feature","geometry":{"type":"Point","coordinates":[3.2542571,6.6012063]},"properties":{"osm_id":"node/11891318402","name":"Prestige Medical Clinic 6a Aina Obembe Street Ipaja","named":true,"source":"OpenStreetMap contributors","source_tags":{"amenity":"hospital","name":"Prestige Medical Clinic 6a Aina Obembe Street Ipaja","operator:type":"public"},"retrieved_at":"2026-09-06T12:43:12.245Z","confidence":"openstreetmap_mapped_unverified","field_verified":false,"layer":"osm_health_facility","facility_type":"hospital","operator":null}},{"type":"Feature","geometry":{"type":"Point","coordinates":[3.2461783,6.6007906]},"properties":{"osm_id":"node/11891318403","name":"Banke Hospital","named":true,"source":"OpenStreetMap contributors","source_tags":{"amenity":"hospital","name":"Banke Hospital","operator":"private"},"retrieved_at":"2026-09-06T12:43:12.245Z","confidence":"openstreetmap_mapped_unverified","field_verified":false,"layer":"osm_health_facility","facility_type":"hospital","operator":"private"}},{"type":"Feature","geometry":{"type":"Point","coordinates":[3.245379,6.5990601]},"properties":{"osm_id":"node/11891318404","name":"Tofaan's Hopital","named":true,"source":"OpenStreetMap contributors","source_tags":{"amenity":"hospital","name":"Tofaan's Hopital","operator:type":"public"},"retrieved_at":"2026-09-06T12:43:12.245Z","confidence":"openstreetmap_mapped_unverified","field_verified":false,"layer":"osm_health_facility","facility_type":"hospital","operator":null}},{"type":"Feature","geometry":{"type":"Point","coordinates":[3.2366082,6.5924456]},"properties":{"osm_id":"node/11891318405","name":"Alanni Traditional Hospital and Maternity Home","named":true,"source":"OpenStreetMap contributors","source_tags":{"amenity":"hospital","name":"Alanni Traditional Hospital and Maternity Home","operator:type":"public"},"retrieved_at":"2026-09-06T12:43:12.245Z","confidence":"openstreetmap_mapped_unverified","field_verified":false,"layer":"osm_health_facility","facility_type":"hospital","operator":null}},{"type":"Feature","geometry":{"type":"Point","coordinates":[3.2337812,6.5930637]},"properties":{"osm_id":"node/11891318406","name":"St Monica Hospital","named":true,"source":"OpenStreetMap contributors","source_tags":{"amenity":"hospital","name":"St Monica Hospital","operator:type":"public"},"retrieved_at":"2026-09-06T12:43:12.245Z","confidence":"openstreetmap_mapped_unverified","field_verified":false,"layer":"osm_health_facility","facility_type":"hospital","operator":null}},{"type":"Feature","geometry":{"type":"Point","coordinates":[3.2280734,6.5950567]},"properties":{"osm_id":"node/11891318407","name":"Crown Well Hospital Haggai Diagonistic Ltd","named":true,"source":"OpenStreetMap contributors","source_tags":{"amenity":"hospital","name":"Crown Well Hospital Haggai Diagonistic Ltd","operator":"private"},"retrieved_at":"2026-09-06T12:43:12.245Z","confidence":"openstreetmap_mapped_unverified","field_verified":false,"layer":"osm_health_facility","facility_type":"hospital","operator":"private"}},{"type":"Feature","geometry":{"type":"Point","coordinates":[3.2218279,6.5932476]},"properties":{"osm_id":"node/11891318408","name":"Damilola Trado Medical Hospital And Maternity Home 7 Agbaje Street Off Olayinka Olatunji Street Orisunmbare Phase 1camp Davies Road Ayobo Lagos","named":true,"source":"OpenStreetMap contributors","source_tags":{"amenity":"hospital","name":"Damilola Trado Medical Hospital And Maternity Home 7 Agbaje Street Off Olayinka Olatunji Street Orisunmbare Phase 1camp Davies Road Ayobo Lagos","operator":"private"},"retrieved_at":"2026-09-06T12:43:12.245Z","confidence":"openstreetmap_mapped_unverified","field_verified":false,"layer":"osm_health_facility","facility_type":"hospital","operator":"private"}},{"type":"Feature","geometry":{"type":"Point","coordinates":[3.2809344,6.6341588]},"properties":{"osm_id":"node/11891367969","name":"Amen Health Center","named":true,"source":"OpenStreetMap contributors","source_tags":{"amenity":"hospital","name":"Amen Health Center","operator":"private"},"retrieved_at":"2026-09-06T12:43:12.245Z","confidence":"openstreetmap_mapped_unverified","field_verified":false,"layer":"osm_health_facility","facility_type":"hospital","operator":"private"}},{"type":"Feature","geometry":{"type":"Point","coordinates":[3.2835267,6.6382431]},"properties":{"osm_id":"node/11891367970","name":"Agbelekale Primary Health Care","named":true,"source":"OpenStreetMap contributors","source_tags":{"amenity":"hospital","name":"Agbelekale Primary Health Care","operator:type":"public"},"retrieved_at":"2026-09-06T12:43:12.245Z","confidence":"openstreetmap_mapped_unverified","field_verified":false,"layer":"osm_health_facility","facility_type":"hospital","operator":null}},{"type":"Feature","geometry":{"type":"Point","coordinates":[3.2780269,6.6399389]},"properties":{"osm_id":"node/11891367971","name":"Araba Medical Center","named":true,"source":"OpenStreetMap contributors","source_tags":{"amenity":"hospital","name":"Araba Medical Center","operator":"private"},"retrieved_at":"2026-09-06T12:43:12.245Z","confidence":"openstreetmap_mapped_unverified","field_verified":false,"layer":"osm_health_facility","facility_type":"hospital","operator":"private"}},{"type":"Feature","geometry":{"type":"Point","coordinates":[3.2880637,6.6539671]},"properties":{"osm_id":"node/11891367972","name":"Sethfone Hospital And Maternity Home","named":true,"source":"OpenStreetMap contributors","source_tags":{"amenity":"hospital","name":"Sethfone Hospital And Maternity Home","operator":"private"},"retrieved_at":"2026-09-06T12:43:12.245Z","confidence":"openstreetmap_mapped_unverified","field_verified":false,"layer":"osm_health_facility","facility_type":"hospital","operator":"private"}},{"type":"Feature","geometry":{"type":"Point","coordinates":[3.2818276,6.6636458]},"properties":{"osm_id":"node/11891367973","name":"Merian Primary Health Care Center","named":true,"source":"OpenStreetMap contributors","source_tags":{"amenity":"hospital","name":"Merian Primary Health Care Center","operator:type":"public"},"retrieved_at":"2026-09-06T12:43:12.245Z","confidence":"openstreetmap_mapped_unverified","field_verified":false,"layer":"osm_health_facility","facility_type":"hospital","operator":null}},{"type":"Feature","geometry":{"type":"Point","coordinates":[3.2456017,6.5856125]},"properties":{"osm_id":"node/11891422227","name":"Victory Success Maternity Home","named":true,"source":"OpenStreetMap contributors","source_tags":{"amenity":"hospital","name":"Victory Success Maternity Home","operator":"private"},"retrieved_at":"2026-09-06T12:43:12.245Z","confidence":"openstreetmap_mapped_unverified","field_verified":false,"layer":"osm_health_facility","facility_type":"hospital","operator":"private"}},{"type":"Feature","geometry":{"type":"Point","coordinates":[3.2472619,6.5843188]},"properties":{"osm_id":"node/11891422228","name":"Samas Hospital And Maternity","named":true,"source":"OpenStreetMap contributors","source_tags":{"amenity":"hospital","name":"Samas Hospital And Maternity","operator":"private"},"retrieved_at":"2026-09-06T12:43:12.245Z","confidence":"openstreetmap_mapped_unverified","field_verified":false,"layer":"osm_health_facility","facility_type":"hospital","operator":"private"}},{"type":"Feature","geometry":{"type":"Point","coordinates":[3.2519504,6.5834316]},"properties":{"osm_id":"node/11891422229","name":"Moyo Medical Center","named":true,"source":"OpenStreetMap contributors","source_tags":{"amenity":"hospital","name":"Moyo Medical Center","operator":"private"},"retrieved_at":"2026-09-06T12:43:12.245Z","confidence":"openstreetmap_mapped_unverified","field_verified":false,"layer":"osm_health_facility","facility_type":"hospital","operator":"private"}},{"type":"Feature","geometry":{"type":"Point","coordinates":[3.24624,6.5835035]},"properties":{"osm_id":"node/11891422230","name":"The Vine Medical Center","named":true,"source":"OpenStreetMap contributors","source_tags":{"amenity":"hospital","name":"The Vine Medical Center","operator":"private"},"retrieved_at":"2026-09-06T12:43:12.245Z","confidence":"openstreetmap_mapped_unverified","field_verified":false,"layer":"osm_health_facility","facility_type":"hospital","operator":"private"}},{"type":"Feature","geometry":{"type":"Point","coordinates":[3.2390705,6.5801768]},"properties":{"osm_id":"node/11891422231","name":"St Joseph Eye Clinic","named":true,"source":"OpenStreetMap contributors","source_tags":{"amenity":"hospital","name":"St Joseph Eye Clinic","operator":"private"},"retrieved_at":"2026-09-06T12:43:12.245Z","confidence":"openstreetmap_mapped_unverified","field_verified":false,"layer":"osm_health_facility","facility_type":"hospital","operator":"private"}},{"type":"Feature","geometry":{"type":"Point","coordinates":[3.2372761,6.5858003]},"properties":{"osm_id":"node/11891422232","name":"Fend Clinic","named":true,"source":"OpenStreetMap contributors","source_tags":{"amenity":"hospital","name":"Fend Clinic","operator":"private"},"retrieved_at":"2026-09-06T12:43:12.245Z","confidence":"openstreetmap_mapped_unverified","field_verified":false,"layer":"osm_health_facility","facility_type":"hospital","operator":"private"}},{"type":"Feature","geometry":{"type":"Point","coordinates":[3.3078946,6.5998114]},"properties":{"osm_id":"node/11891454363","name":"Ckc Hospital","named":true,"source":"OpenStreetMap contributors","source_tags":{"amenity":"hospital","name":"Ckc Hospital","operator":"private"},"retrieved_at":"2026-09-06T12:43:12.245Z","confidence":"openstreetmap_mapped_unverified","field_verified":false,"layer":"osm_health_facility","facility_type":"hospital","operator":"private"}},{"type":"Feature","geometry":{"type":"Point","coordinates":[3.3062249,6.6025838]},"properties":{"osm_id":"node/11891454364","name":"Crystal Specialist Hospital","named":true,"source":"OpenStreetMap contributors","source_tags":{"amenity":"hospital","name":"Crystal Specialist Hospital"},"retrieved_at":"2026-09-06T12:43:12.245Z","confidence":"openstreetmap_mapped_unverified","field_verified":false,"layer":"osm_health_facility","facility_type":"hospital","operator":null}},{"type":"Feature","geometry":{"type":"Point","coordinates":[3.3003455,6.6003776]},"properties":{"osm_id":"node/11891454365","name":"Alimosho Health Centre","named":true,"source":"OpenStreetMap contributors","source_tags":{"amenity":"hospital","name":"Alimosho Health Centre","operator":"private"},"retrieved_at":"2026-09-06T12:43:12.245Z","confidence":"openstreetmap_mapped_unverified","field_verified":false,"layer":"osm_health_facility","facility_type":"hospital","operator":"private"}},{"type":"Feature","geometry":{"type":"Point","coordinates":[3.30192,6.60392]},"properties":{"osm_id":"node/11891454366","name":"Moria Clinic And Maternity Home","named":true,"source":"OpenStreetMap contributors","source_tags":{"amenity":"hospital","name":"Moria Clinic And Maternity Home","operator":"private"},"retrieved_at":"2026-09-06T12:43:12.245Z","confidence":"openstreetmap_mapped_unverified","field_verified":false,"layer":"osm_health_facility","facility_type":"hospital","operator":"private"}},{"type":"Feature","geometry":{"type":"Point","coordinates":[3.2998091,6.6063486]},"properties":{"osm_id":"node/11891454367","name":"Light Hospital","named":true,"source":"OpenStreetMap contributors","source_tags":{"amenity":"hospital","name":"Light Hospital","operator":"private"},"retrieved_at":"2026-09-06T12:43:12.245Z","confidence":"openstreetmap_mapped_unverified","field_verified":false,"layer":"osm_health_facility","facility_type":"hospital","operator":"private"}},{"type":"Feature","geometry":{"type":"Point","coordinates":[3.2974058,6.6056612]},"properties":{"osm_id":"node/11891454368","name":"Tri Star Hospital","named":true,"source":"OpenStreetMap contributors","source_tags":{"amenity":"hospital","name":"Tri Star Hospital","operator":"private"},"retrieved_at":"2026-09-06T12:43:12.245Z","confidence":"openstreetmap_mapped_unverified","field_verified":false,"layer":"osm_health_facility","facility_type":"hospital","operator":"private"}},{"type":"Feature","geometry":{"type":"Point","coordinates":[3.2924813,6.6030774]},"properties":{"osm_id":"node/11891476169","name":"Top Talent Hospital","named":true,"source":"OpenStreetMap contributors","source_tags":{"amenity":"hospital","name":"Top Talent Hospital","operator":"private"},"retrieved_at":"2026-09-06T12:43:12.245Z","confidence":"openstreetmap_mapped_unverified","field_verified":false,"layer":"osm_health_facility","facility_type":"hospital","operator":"private"}},{"type":"Feature","geometry":{"type":"Point","coordinates":[3.2860011,6.6049365]},"properties":{"osm_id":"node/11891476170","name":"Prince And Princess Hospital","named":true,"source":"OpenStreetMap contributors","source_tags":{"amenity":"hospital","name":"Prince And Princess Hospital","operator":"private"},"retrieved_at":"2026-09-06T12:43:12.245Z","confidence":"openstreetmap_mapped_unverified","field_verified":false,"layer":"osm_health_facility","facility_type":"hospital","operator":"private"}},{"type":"Feature","geometry":{"type":"Point","coordinates":[3.2845768,6.6094899]},"properties":{"osm_id":"node/11891476171","name":"Health Center Akinogun","named":true,"source":"OpenStreetMap contributors","source_tags":{"amenity":"hospital","name":"Health Center Akinogun","operator:type":"public"},"retrieved_at":"2026-09-06T12:43:12.245Z","confidence":"openstreetmap_mapped_unverified","field_verified":false,"layer":"osm_health_facility","facility_type":"hospital","operator":null}},{"type":"Feature","geometry":{"type":"Point","coordinates":[3.280182,6.607036]},"properties":{"osm_id":"node/11891476172","name":"Rabban Medical Centre","named":true,"source":"OpenStreetMap contributors","source_tags":{"amenity":"hospital","name":"Rabban Medical Centre","operator":"private"},"retrieved_at":"2026-09-06T12:43:12.245Z","confidence":"openstreetmap_mapped_unverified","field_verified":false,"layer":"osm_health_facility","facility_type":"hospital","operator":"private"}},{"type":"Feature","geometry":{"type":"Point","coordinates":[3.2856323,6.6090583]},"properties":{"osm_id":"node/11891476173","name":"Good Land Medical Diagnosis","named":true,"source":"OpenStreetMap contributors","source_tags":{"amenity":"hospital","name":"Good Land Medical Diagnosis","operator":"private"},"retrieved_at":"2026-09-06T12:43:12.245Z","confidence":"openstreetmap_mapped_unverified","field_verified":false,"layer":"osm_health_facility","facility_type":"hospital","operator":"private"}},{"type":"Feature","geometry":{"type":"Point","coordinates":[3.3015224,6.6121789]},"properties":{"osm_id":"node/11891476174","name":"Krowa Hospital","named":true,"source":"OpenStreetMap contributors","source_tags":{"amenity":"hospital","name":"Krowa Hospital","operator":"private"},"retrieved_at":"2026-09-06T12:43:12.245Z","confidence":"openstreetmap_mapped_unverified","field_verified":false,"layer":"osm_health_facility","facility_type":"hospital","operator":"private"}},{"type":"Feature","geometry":{"type":"Point","coordinates":[3.2959165,6.6153528]},"properties":{"osm_id":"node/11891476175","name":"Oki Primary Health","named":true,"source":"OpenStreetMap contributors","source_tags":{"amenity":"hospital","name":"Oki Primary Health","operator:type":"public"},"retrieved_at":"2026-09-06T12:43:12.245Z","confidence":"openstreetmap_mapped_unverified","field_verified":false,"layer":"osm_health_facility","facility_type":"hospital","operator":null}},{"type":"Feature","geometry":{"type":"Point","coordinates":[3.2960024,6.6146335]},"properties":{"osm_id":"node/11891476176","name":"St Alexander Hospital And Maternity Home","named":true,"source":"OpenStreetMap contributors","source_tags":{"amenity":"hospital","name":"St Alexander Hospital And Maternity Home","operator":"private"},"retrieved_at":"2026-09-06T12:43:12.245Z","confidence":"openstreetmap_mapped_unverified","field_verified":false,"layer":"osm_health_facility","facility_type":"hospital","operator":"private"}},{"type":"Feature","geometry":{"type":"Point","coordinates":[3.2970598,6.6170274]},"properties":{"osm_id":"node/11891476177","name":"Omosola Hospital","named":true,"source":"OpenStreetMap contributors","source_tags":{"amenity":"hospital","name":"Omosola Hospital","operator":"private"},"retrieved_at":"2026-09-06T12:43:12.245Z","confidence":"openstreetmap_mapped_unverified","field_verified":false,"layer":"osm_health_facility","facility_type":"hospital","operator":"private"}},{"type":"Feature","geometry":{"type":"Point","coordinates":[3.2914647,6.6240372]},"properties":{"osm_id":"node/11891476178","name":"Ogundimu Primary Health Care Centre","named":true,"source":"OpenStreetMap contributors","source_tags":{"amenity":"hospital","name":"Ogundimu Primary Health Care Centre","operator:type":"public"},"retrieved_at":"2026-09-06T12:43:12.245Z","confidence":"openstreetmap_mapped_unverified","field_verified":false,"layer":"osm_health_facility","facility_type":"hospital","operator":null}},{"type":"Feature","geometry":{"type":"Point","coordinates":[3.2821266,6.6244835]},"properties":{"osm_id":"node/11891476179","name":"Aboru Primary Health Centre","named":true,"source":"OpenStreetMap contributors","source_tags":{"amenity":"hospital","name":"Aboru Primary Health Centre","operator:type":"public"},"retrieved_at":"2026-09-06T12:43:12.245Z","confidence":"openstreetmap_mapped_unverified","field_verified":false,"layer":"osm_health_facility","facility_type":"hospital","operator":null}},{"type":"Feature","geometry":{"type":"Point","coordinates":[3.2814148,6.6257207]},"properties":{"osm_id":"node/11891476180","name":"Day Star Health Cares","named":true,"source":"OpenStreetMap contributors","source_tags":{"amenity":"hospital","name":"Day Star Health Cares","operator":"private"},"retrieved_at":"2026-09-06T12:43:12.245Z","confidence":"openstreetmap_mapped_unverified","field_verified":false,"layer":"osm_health_facility","facility_type":"hospital","operator":"private"}},{"type":"Feature","geometry":{"type":"Point","coordinates":[3.3064958,6.5914997]},"properties":{"osm_id":"node/11891477754","name":"Royal Salvation Hospital","named":true,"source":"OpenStreetMap contributors","source_tags":{"amenity":"hospital","name":"Royal Salvation Hospital","operator":"private"},"retrieved_at":"2026-09-06T12:43:12.245Z","confidence":"openstreetmap_mapped_unverified","field_verified":false,"layer":"osm_health_facility","facility_type":"hospital","operator":"private"}},{"type":"Feature","geometry":{"type":"Point","coordinates":[3.3042059,6.5942747]},"properties":{"osm_id":"node/11891477755","name":"Summit Hospital And Maternity Home","named":true,"source":"OpenStreetMap contributors","source_tags":{"amenity":"hospital","name":"Summit Hospital And Maternity Home","operator":"private"},"retrieved_at":"2026-09-06T12:43:12.245Z","confidence":"openstreetmap_mapped_unverified","field_verified":false,"layer":"osm_health_facility","facility_type":"hospital","operator":"private"}},{"type":"Feature","geometry":{"type":"Point","coordinates":[3.2903912,6.5924799]},"properties":{"osm_id":"node/11891477756","name":"Blue Sky Hospital","named":true,"source":"OpenStreetMap contributors","source_tags":{"amenity":"hospital","name":"Blue Sky Hospital","operator":"private"},"retrieved_at":"2026-09-06T12:43:12.245Z","confidence":"openstreetmap_mapped_unverified","field_verified":false,"layer":"osm_health_facility","facility_type":"hospital","operator":"private"}},{"type":"Feature","geometry":{"type":"Point","coordinates":[3.289846,6.5925575]},"properties":{"osm_id":"node/11891477757","name":"Careway Hospital And Maternity","named":true,"source":"OpenStreetMap contributors","source_tags":{"amenity":"hospital","name":"Careway Hospital And Maternity","operator":"private"},"retrieved_at":"2026-09-06T12:43:12.245Z","confidence":"openstreetmap_mapped_unverified","field_verified":false,"layer":"osm_health_facility","facility_type":"hospital","operator":"private"}},{"type":"Feature","geometry":{"type":"Point","coordinates":[3.288686,6.5976066]},"properties":{"osm_id":"node/11891477758","name":"Solik Hospital","named":true,"source":"OpenStreetMap contributors","source_tags":{"amenity":"hospital","name":"Solik Hospital","operator":"private"},"retrieved_at":"2026-09-06T12:43:12.245Z","confidence":"openstreetmap_mapped_unverified","field_verified":false,"layer":"osm_health_facility","facility_type":"hospital","operator":"private"}},{"type":"Feature","geometry":{"type":"Point","coordinates":[3.2826617,6.5947583]},"properties":{"osm_id":"node/11891477759","name":"Rauf Aregbesola Flagship Pry Healthcare Center","named":true,"source":"OpenStreetMap contributors","source_tags":{"amenity":"hospital","name":"Rauf Aregbesola Flagship Pry Healthcare Center","operator":"private"},"retrieved_at":"2026-09-06T12:43:12.245Z","confidence":"openstreetmap_mapped_unverified","field_verified":false,"layer":"osm_health_facility","facility_type":"hospital","operator":"private"}},{"type":"Feature","geometry":{"type":"Point","coordinates":[3.2074358,6.5798125]},"properties":{"osm_id":"node/11891527761","name":"Isefun Primary Health Care Center","named":true,"source":"OpenStreetMap contributors","source_tags":{"amenity":"hospital","name":"Isefun Primary Health Care Center","operator:type":"public"},"retrieved_at":"2026-09-06T12:43:12.245Z","confidence":"openstreetmap_mapped_unverified","field_verified":false,"layer":"osm_health_facility","facility_type":"hospital","operator":null}},{"type":"Feature","geometry":{"type":"Point","coordinates":[3.208378,6.5794284]},"properties":{"osm_id":"node/11891527762","name":"Grace Point Medical Centre","named":true,"source":"OpenStreetMap contributors","source_tags":{"amenity":"hospital","name":"Grace Point Medical Centre","operator":"private"},"retrieved_at":"2026-09-06T12:43:12.245Z","confidence":"openstreetmap_mapped_unverified","field_verified":false,"layer":"osm_health_facility","facility_type":"hospital","operator":"private"}},{"type":"Feature","geometry":{"type":"Point","coordinates":[3.2068397,6.5779]},"properties":{"osm_id":"node/11891527763","name":"Oluwabamise Convalescent and Maternity Home","named":true,"source":"OpenStreetMap contributors","source_tags":{"amenity":"hospital","name":"Oluwabamise Convalescent and Maternity Home","operator":"private"},"retrieved_at":"2026-09-06T12:43:12.245Z","confidence":"openstreetmap_mapped_unverified","field_verified":false,"layer":"osm_health_facility","facility_type":"hospital","operator":"private"}},{"type":"Feature","geometry":{"type":"Point","coordinates":[3.2095313,6.5772432]},"properties":{"osm_id":"node/11891527764","name":"Hope In God Faith Clinic and Maternity Home","named":true,"source":"OpenStreetMap contributors","source_tags":{"amenity":"hospital","name":"Hope In God Faith Clinic and Maternity Home","operator":"private"},"retrieved_at":"2026-09-06T12:43:12.245Z","confidence":"openstreetmap_mapped_unverified","field_verified":false,"layer":"osm_health_facility","facility_type":"hospital","operator":"private"}},{"type":"Feature","geometry":{"type":"Point","coordinates":[3.214541,6.5753227]},"properties":{"osm_id":"node/11891527765","name":"Cele Apata Community Health Center","named":true,"source":"OpenStreetMap contributors","source_tags":{"amenity":"hospital","name":"Cele Apata Community Health Center","operator":"private"},"retrieved_at":"2026-09-06T12:43:12.245Z","confidence":"openstreetmap_mapped_unverified","field_verified":false,"layer":"osm_health_facility","facility_type":"hospital","operator":"private"}},{"type":"Feature","geometry":{"type":"Point","coordinates":[3.3029406,6.5699369]},"properties":{"osm_id":"node/11915825149","name":"Orisunbare Primary Health Care Center","named":true,"source":"OpenStreetMap contributors","source_tags":{"amenity":"hospital","name":"Orisunbare Primary Health Care Center","operator:type":"public"},"retrieved_at":"2026-09-06T12:43:12.245Z","confidence":"openstreetmap_mapped_unverified","field_verified":false,"layer":"osm_health_facility","facility_type":"hospital","operator":null}},{"type":"Feature","geometry":{"type":"Point","coordinates":[3.2822379,6.5776029]},"properties":{"osm_id":"node/11915825150","name":"Majesty Hospital","named":true,"source":"OpenStreetMap contributors","source_tags":{"amenity":"hospital","name":"Majesty Hospital","operator":"private"},"retrieved_at":"2026-09-06T12:43:12.245Z","confidence":"openstreetmap_mapped_unverified","field_verified":false,"layer":"osm_health_facility","facility_type":"hospital","operator":"private"}},{"type":"Feature","geometry":{"type":"Point","coordinates":[3.2878263,6.570635]},"properties":{"osm_id":"node/11915825151","name":"Alimosho Local Goverment Egbe Idimu Lcda Health Center","named":true,"source":"OpenStreetMap contributors","source_tags":{"amenity":"hospital","name":"Alimosho Local Goverment Egbe Idimu Lcda Health Center","operator:type":"public"},"retrieved_at":"2026-09-06T12:43:12.245Z","confidence":"openstreetmap_mapped_unverified","field_verified":false,"layer":"osm_health_facility","facility_type":"hospital","operator":null}},{"type":"Feature","geometry":{"type":"Point","coordinates":[3.2920428,6.571902]},"properties":{"osm_id":"node/11915825152","name":"Basic Hospital","named":true,"source":"OpenStreetMap contributors","source_tags":{"amenity":"hospital","name":"Basic Hospital","operator":"private"},"retrieved_at":"2026-09-06T12:43:12.245Z","confidence":"openstreetmap_mapped_unverified","field_verified":false,"layer":"osm_health_facility","facility_type":"hospital","operator":"private"}},{"type":"Feature","geometry":{"type":"Point","coordinates":[3.2996616,6.5916809]},"properties":{"osm_id":"node/11915825153","name":"Mary The Queen Hospital","named":true,"source":"OpenStreetMap contributors","source_tags":{"amenity":"hospital","name":"Mary The Queen Hospital","operator":"private"},"retrieved_at":"2026-09-06T12:43:12.245Z","confidence":"openstreetmap_mapped_unverified","field_verified":false,"layer":"osm_health_facility","facility_type":"hospital","operator":"private"}},{"type":"Feature","geometry":{"type":"Point","coordinates":[3.2980522,6.5884595]},"properties":{"osm_id":"node/11915825154","name":"Life Anchor Hospital","named":true,"source":"OpenStreetMap contributors","source_tags":{"amenity":"hospital","name":"Life Anchor Hospital","operator":"private"},"retrieved_at":"2026-09-06T12:43:12.245Z","confidence":"openstreetmap_mapped_unverified","field_verified":false,"layer":"osm_health_facility","facility_type":"hospital","operator":"private"}},{"type":"Feature","geometry":{"type":"Point","coordinates":[3.3061163,6.5869794]},"properties":{"osm_id":"node/11915825155","name":"Shasha Medical Centre","named":true,"source":"OpenStreetMap contributors","source_tags":{"amenity":"hospital","name":"Shasha Medical Centre","operator":"private"},"retrieved_at":"2026-09-06T12:43:12.245Z","confidence":"openstreetmap_mapped_unverified","field_verified":false,"layer":"osm_health_facility","facility_type":"hospital","operator":"private"}},{"type":"Feature","geometry":{"type":"Point","coordinates":[3.3053452,6.5846413]},"properties":{"osm_id":"node/11915825156","name":"Emc Hospital and Maternity","named":true,"source":"OpenStreetMap contributors","source_tags":{"amenity":"hospital","name":"Emc Hospital and Maternity","operator":"private"},"retrieved_at":"2026-09-06T12:43:12.245Z","confidence":"openstreetmap_mapped_unverified","field_verified":false,"layer":"osm_health_facility","facility_type":"hospital","operator":"private"}},{"type":"Feature","geometry":{"type":"Point","coordinates":[3.2971993,6.5853394]},"properties":{"osm_id":"node/11915825157","name":"Mojol Hospital and Maternity Home","named":true,"source":"OpenStreetMap contributors","source_tags":{"amenity":"hospital","name":"Mojol Hospital and Maternity Home","operator":"private"},"retrieved_at":"2026-09-06T12:43:12.245Z","confidence":"openstreetmap_mapped_unverified","field_verified":false,"layer":"osm_health_facility","facility_type":"hospital","operator":"private"}},{"type":"Feature","geometry":{"type":"Point","coordinates":[3.2582161,6.5749929]},"properties":{"osm_id":"node/11915885586","name":"Ogbomoshotedo Community Health Cetre","named":true,"source":"OpenStreetMap contributors","source_tags":{"amenity":"hospital","name":"Ogbomoshotedo Community Health Cetre","operator:type":"public"},"retrieved_at":"2026-09-06T12:43:12.245Z","confidence":"openstreetmap_mapped_unverified","field_verified":false,"layer":"osm_health_facility","facility_type":"hospital","operator":null}},{"type":"Feature","geometry":{"type":"Point","coordinates":[3.2631125,6.5776122]},"properties":{"osm_id":"node/11915885587","name":"Max Health Consultant Hospital Ltd","named":true,"source":"OpenStreetMap contributors","source_tags":{"amenity":"hospital","name":"Max Health Consultant Hospital Ltd","operator":"private"},"retrieved_at":"2026-09-06T12:43:12.245Z","confidence":"openstreetmap_mapped_unverified","field_verified":false,"layer":"osm_health_facility","facility_type":"hospital","operator":"private"}},{"type":"Feature","geometry":{"type":"Point","coordinates":[3.264192,6.5760867]},"properties":{"osm_id":"node/11915885588","name":"Flora Hospital And Maternity","named":true,"source":"OpenStreetMap contributors","source_tags":{"amenity":"hospital","name":"Flora Hospital And Maternity","operator":"private"},"retrieved_at":"2026-09-06T12:43:12.245Z","confidence":"openstreetmap_mapped_unverified","field_verified":false,"layer":"osm_health_facility","facility_type":"hospital","operator":"private"}},{"type":"Feature","geometry":{"type":"Point","coordinates":[3.2790159,6.5796932]},"properties":{"osm_id":"node/11915885589","name":"Carelife Medical Centre","named":true,"source":"OpenStreetMap contributors","source_tags":{"amenity":"hospital","name":"Carelife Medical Centre","operator":"private"},"retrieved_at":"2026-09-06T12:43:12.245Z","confidence":"openstreetmap_mapped_unverified","field_verified":false,"layer":"osm_health_facility","facility_type":"hospital","operator":"private"}},{"type":"Feature","geometry":{"type":"Point","coordinates":[3.2812281,6.5782184]},"properties":{"osm_id":"node/11915885590","name":"Ajiboye Clinic And Maternity Home","named":true,"source":"OpenStreetMap contributors","source_tags":{"amenity":"hospital","name":"Ajiboye Clinic And Maternity Home","operator":"private"},"retrieved_at":"2026-09-06T12:43:12.245Z","confidence":"openstreetmap_mapped_unverified","field_verified":false,"layer":"osm_health_facility","facility_type":"hospital","operator":"private"}},{"type":"Feature","geometry":{"type":"Point","coordinates":[3.2816827,6.5774124]},"properties":{"osm_id":"node/11915885591","name":"Pons Medicaldiagonistics","named":true,"source":"OpenStreetMap contributors","source_tags":{"amenity":"hospital","name":"Pons Medicaldiagonistics","operator":"private"},"retrieved_at":"2026-09-06T12:43:12.245Z","confidence":"openstreetmap_mapped_unverified","field_verified":false,"layer":"osm_health_facility","facility_type":"hospital","operator":"private"}},{"type":"Feature","geometry":{"type":"Point","coordinates":[3.280571,6.5768541]},"properties":{"osm_id":"node/11915885592","name":"Health Center Isheri Olofin","named":true,"source":"OpenStreetMap contributors","source_tags":{"amenity":"hospital","name":"Health Center Isheri Olofin","operator":"private"},"retrieved_at":"2026-09-06T12:43:12.245Z","confidence":"openstreetmap_mapped_unverified","field_verified":false,"layer":"osm_health_facility","facility_type":"hospital","operator":"private"}},{"type":"Feature","geometry":{"type":"Point","coordinates":[3.2813971,6.5742322]},"properties":{"osm_id":"node/11915885593","name":"Fellowship Hospital","named":true,"source":"OpenStreetMap contributors","source_tags":{"amenity":"hospital","name":"Fellowship Hospital","operator":"private"},"retrieved_at":"2026-09-06T12:43:12.245Z","confidence":"openstreetmap_mapped_unverified","field_verified":false,"layer":"osm_health_facility","facility_type":"hospital","operator":"private"}},{"type":"Feature","geometry":{"type":"Point","coordinates":[3.2560649,6.5658347]},"properties":{"osm_id":"node/11915885594","name":"Dove Hospital","named":true,"source":"OpenStreetMap contributors","source_tags":{"amenity":"hospital","name":"Dove Hospital","operator":"private"},"retrieved_at":"2026-09-06T12:43:12.245Z","confidence":"openstreetmap_mapped_unverified","field_verified":false,"layer":"osm_health_facility","facility_type":"hospital","operator":"private"}},{"type":"Feature","geometry":{"type":"Point","coordinates":[3.2696852,6.5622668]},"properties":{"osm_id":"node/11915885595","name":"Amuwo Mile 2 Primary Health Center","named":true,"source":"OpenStreetMap contributors","source_tags":{"amenity":"hospital","name":"Amuwo Mile 2 Primary Health Center","operator:type":"public"},"retrieved_at":"2026-09-06T12:43:12.245Z","confidence":"openstreetmap_mapped_unverified","field_verified":false,"layer":"osm_health_facility","facility_type":"hospital","operator":null}},{"type":"Feature","geometry":{"type":"Point","coordinates":[3.2803899,6.5579208]},"properties":{"osm_id":"node/11915885596","name":"Bluesea Hospital And Maternity","named":true,"source":"OpenStreetMap contributors","source_tags":{"amenity":"hospital","name":"Bluesea Hospital And Maternity","operator":"private"},"retrieved_at":"2026-09-06T12:43:12.245Z","confidence":"openstreetmap_mapped_unverified","field_verified":false,"layer":"osm_health_facility","facility_type":"hospital","operator":"private"}},{"type":"Feature","geometry":{"type":"Point","coordinates":[3.2547252,6.5516654]},"properties":{"osm_id":"node/11923506886","name":"Delife Hospital","named":true,"source":"OpenStreetMap contributors","source_tags":{"amenity":"hospital","name":"Delife Hospital","operator":"private"},"retrieved_at":"2026-09-06T12:43:12.245Z","confidence":"openstreetmap_mapped_unverified","field_verified":false,"layer":"osm_health_facility","facility_type":"hospital","operator":"private"}},{"type":"Feature","geometry":{"type":"Point","coordinates":[3.2691702,6.5523489]},"properties":{"osm_id":"node/11923506887","name":"Elf Foundation Primary Health Centre","named":true,"source":"OpenStreetMap contributors","source_tags":{"amenity":"hospital","name":"Elf Foundation Primary Health Centre","operator:type":"public"},"retrieved_at":"2026-09-06T12:43:12.245Z","confidence":"openstreetmap_mapped_unverified","field_verified":false,"layer":"osm_health_facility","facility_type":"hospital","operator":null}},{"type":"Feature","geometry":{"type":"Point","coordinates":[3.2654285,6.5522916]},"properties":{"osm_id":"node/11923506888","name":"Day Spring Hospital","named":true,"source":"OpenStreetMap contributors","source_tags":{"amenity":"hospital","name":"Day Spring Hospital","operator":"private"},"retrieved_at":"2026-09-06T12:43:12.245Z","confidence":"openstreetmap_mapped_unverified","field_verified":false,"layer":"osm_health_facility","facility_type":"hospital","operator":"private"}},{"type":"Feature","geometry":{"type":"Point","coordinates":[3.2596993,6.5499121]},"properties":{"osm_id":"node/11923506889","name":"B Rock Convalescent And Maternity Home","named":true,"source":"OpenStreetMap contributors","source_tags":{"amenity":"hospital","name":"B Rock Convalescent And Maternity Home","operator":"private"},"retrieved_at":"2026-09-06T12:43:12.245Z","confidence":"openstreetmap_mapped_unverified","field_verified":false,"layer":"osm_health_facility","facility_type":"hospital","operator":"private"}},{"type":"Feature","geometry":{"type":"Point","coordinates":[3.2661326,6.5491753]},"properties":{"osm_id":"node/11923506890","name":"Broad Hospital And Maternity","named":true,"source":"OpenStreetMap contributors","source_tags":{"amenity":"hospital","name":"Broad Hospital And Maternity","operator:type":"public"},"retrieved_at":"2026-09-06T12:43:12.245Z","confidence":"openstreetmap_mapped_unverified","field_verified":false,"layer":"osm_health_facility","facility_type":"hospital","operator":null}},{"type":"Feature","geometry":{"type":"Point","coordinates":[3.2625411,6.5492845]},"properties":{"osm_id":"node/11923506891","name":"Ogunmoded Memorial Hospital And Maternity Home","named":true,"source":"OpenStreetMap contributors","source_tags":{"amenity":"hospital","name":"Ogunmoded Memorial Hospital And Maternity Home","operator":"private"},"retrieved_at":"2026-09-06T12:43:12.245Z","confidence":"openstreetmap_mapped_unverified","field_verified":false,"layer":"osm_health_facility","facility_type":"hospital","operator":"private"}},{"type":"Feature","geometry":{"type":"Point","coordinates":[3.2607213,6.5486903]},"properties":{"osm_id":"node/11923506892","name":"Primex Hospital","named":true,"source":"OpenStreetMap contributors","source_tags":{"amenity":"hospital","name":"Primex Hospital","operator":"private"},"retrieved_at":"2026-09-06T12:43:12.245Z","confidence":"openstreetmap_mapped_unverified","field_verified":false,"layer":"osm_health_facility","facility_type":"hospital","operator":"private"}},{"type":"Feature","geometry":{"type":"Point","coordinates":[3.2623118,6.5475418]},"properties":{"osm_id":"node/11923506893","name":"Joba Diagnostic Medical Service","named":true,"source":"OpenStreetMap contributors","source_tags":{"amenity":"hospital","name":"Joba Diagnostic Medical Service","operator":"private"},"retrieved_at":"2026-09-06T12:43:12.245Z","confidence":"openstreetmap_mapped_unverified","field_verified":false,"layer":"osm_health_facility","facility_type":"hospital","operator":"private"}},{"type":"Feature","geometry":{"type":"Point","coordinates":[3.2645226,6.5467577]},"properties":{"osm_id":"node/11923506894","name":"Kamzone Medical Diagnostic","named":true,"source":"OpenStreetMap contributors","source_tags":{"amenity":"hospital","name":"Kamzone Medical Diagnostic","operator":"private"},"retrieved_at":"2026-09-06T12:43:12.245Z","confidence":"openstreetmap_mapped_unverified","field_verified":false,"layer":"osm_health_facility","facility_type":"hospital","operator":"private"}},{"type":"Feature","geometry":{"type":"Point","coordinates":[3.265733,6.5464879]},"properties":{"osm_id":"node/11923506895","name":"Health Point Diagnostic","named":true,"source":"OpenStreetMap contributors","source_tags":{"amenity":"hospital","name":"Health Point Diagnostic","operator":"private"},"retrieved_at":"2026-09-06T12:43:12.245Z","confidence":"openstreetmap_mapped_unverified","field_verified":false,"layer":"osm_health_facility","facility_type":"hospital","operator":"private"}},{"type":"Feature","geometry":{"type":"Point","coordinates":[3.2725283,6.5458297]},"properties":{"osm_id":"node/11923506896","name":"Joas Medical Diagnostics","named":true,"source":"OpenStreetMap contributors","source_tags":{"amenity":"hospital","name":"Joas Medical Diagnostics","operator":"private"},"retrieved_at":"2026-09-06T12:43:12.245Z","confidence":"openstreetmap_mapped_unverified","field_verified":false,"layer":"osm_health_facility","facility_type":"hospital","operator":"private"}},{"type":"Feature","geometry":{"type":"Point","coordinates":[3.2747278,6.544512]},"properties":{"osm_id":"node/11923506897","name":"Jones Specialist Hospital","named":true,"source":"OpenStreetMap contributors","source_tags":{"amenity":"hospital","name":"Jones Specialist Hospital","operator":"private"},"retrieved_at":"2026-09-06T12:43:12.245Z","confidence":"openstreetmap_mapped_unverified","field_verified":false,"layer":"osm_health_facility","facility_type":"hospital","operator":"private"}},{"type":"Feature","geometry":{"type":"Point","coordinates":[3.2562178,6.5397848]},"properties":{"osm_id":"node/11923506898","name":"Matcom Medical Diagnostic Service S","named":true,"source":"OpenStreetMap contributors","source_tags":{"amenity":"hospital","name":"Matcom Medical Diagnostic Service S","operator":"private"},"retrieved_at":"2026-09-06T12:43:12.245Z","confidence":"openstreetmap_mapped_unverified","field_verified":false,"layer":"osm_health_facility","facility_type":"hospital","operator":"private"}},{"type":"Feature","geometry":{"type":"Point","coordinates":[3.2802987,6.5411758]},"properties":{"osm_id":"node/11923506899","name":"Ohhbee Hospital","named":true,"source":"OpenStreetMap contributors","source_tags":{"amenity":"hospital","name":"Ohhbee Hospital","operator":"private"},"retrieved_at":"2026-09-06T12:43:12.245Z","confidence":"openstreetmap_mapped_unverified","field_verified":false,"layer":"osm_health_facility","facility_type":"hospital","operator":"private"}},{"type":"Feature","geometry":{"type":"Point","coordinates":[3.2817471,6.5418846]},"properties":{"osm_id":"node/11923506900","name":"Mt Sinai Hospital","named":true,"source":"OpenStreetMap contributors","source_tags":{"amenity":"hospital","name":"Mt Sinai Hospital","operator":"private"},"retrieved_at":"2026-09-06T12:43:12.245Z","confidence":"openstreetmap_mapped_unverified","field_verified":false,"layer":"osm_health_facility","facility_type":"hospital","operator":"private"}},{"type":"Feature","geometry":{"type":"Point","coordinates":[3.2832599,6.5414103]},"properties":{"osm_id":"node/11923506901","name":"Mount Pisgah Hospital","named":true,"source":"OpenStreetMap contributors","source_tags":{"amenity":"hospital","name":"Mount Pisgah Hospital","operator":"private"},"retrieved_at":"2026-09-06T12:43:12.245Z","confidence":"openstreetmap_mapped_unverified","field_verified":false,"layer":"osm_health_facility","facility_type":"hospital","operator":"private"}},{"type":"Feature","geometry":{"type":"Point","coordinates":[3.2727282,6.5377516]},"properties":{"osm_id":"node/11923506902","name":"Holiness Hospital","named":true,"source":"OpenStreetMap contributors","source_tags":{"amenity":"hospital","name":"Holiness Hospital","operator":"private"},"retrieved_at":"2026-09-06T12:43:12.245Z","confidence":"openstreetmap_mapped_unverified","field_verified":false,"layer":"osm_health_facility","facility_type":"hospital","operator":"private"}},{"type":"Feature","geometry":{"type":"Point","coordinates":[3.2793747,6.5320276]},"properties":{"osm_id":"node/11923506903","name":"Agodo Primary Health Center","named":true,"source":"OpenStreetMap contributors","source_tags":{"amenity":"hospital","name":"Agodo Primary Health Center","operator:type":"public"},"retrieved_at":"2026-09-06T12:43:12.245Z","confidence":"openstreetmap_mapped_unverified","field_verified":false,"layer":"osm_health_facility","facility_type":"hospital","operator":null}},{"type":"Feature","geometry":{"type":"Point","coordinates":[3.2578003,6.5218187]},"properties":{"osm_id":"node/11923596064","name":"Afonja Eye Clinic","named":true,"source":"OpenStreetMap contributors","source_tags":{"amenity":"hospital","name":"Afonja Eye Clinic","operator":"private"},"retrieved_at":"2026-09-06T12:43:12.245Z","confidence":"openstreetmap_mapped_unverified","field_verified":false,"layer":"osm_health_facility","facility_type":"hospital","operator":"private"}},{"type":"Feature","geometry":{"type":"Point","coordinates":[3.2535544,6.5288645]},"properties":{"osm_id":"node/11923596065","name":"Best Option Healthcare And Maternity Home","named":true,"source":"OpenStreetMap contributors","source_tags":{"amenity":"hospital","name":"Best Option Healthcare And Maternity Home","operator":"private"},"retrieved_at":"2026-09-06T12:43:12.245Z","confidence":"openstreetmap_mapped_unverified","field_verified":false,"layer":"osm_health_facility","facility_type":"hospital","operator":"private"}},{"type":"Feature","geometry":{"type":"Point","coordinates":[3.2589772,6.5287632]},"properties":{"osm_id":"node/11923596066","name":"Cornell Health Laboratory Service","named":true,"source":"OpenStreetMap contributors","source_tags":{"amenity":"hospital","name":"Cornell Health Laboratory Service","operator":"private"},"retrieved_at":"2026-09-06T12:43:12.245Z","confidence":"openstreetmap_mapped_unverified","field_verified":false,"layer":"osm_health_facility","facility_type":"hospital","operator":"private"}},{"type":"Feature","geometry":{"type":"Point","coordinates":[3.2593922,6.5306096]},"properties":{"osm_id":"node/11923596067","name":"Gg Able Medical Diaglab","named":true,"source":"OpenStreetMap contributors","source_tags":{"amenity":"hospital","name":"Gg Able Medical Diaglab","operator":"private"},"retrieved_at":"2026-09-06T12:43:12.245Z","confidence":"openstreetmap_mapped_unverified","field_verified":false,"layer":"osm_health_facility","facility_type":"hospital","operator":"private"}},{"type":"Feature","geometry":{"type":"Point","coordinates":[3.259989,6.5302502]},"properties":{"osm_id":"node/11923596068","name":"Faniyet Hospital","named":true,"source":"OpenStreetMap contributors","source_tags":{"amenity":"hospital","name":"Faniyet Hospital","operator":"private"},"retrieved_at":"2026-09-06T12:43:12.245Z","confidence":"openstreetmap_mapped_unverified","field_verified":false,"layer":"osm_health_facility","facility_type":"hospital","operator":"private"}},{"type":"Feature","geometry":{"type":"Point","coordinates":[3.2662413,6.5293548]},"properties":{"osm_id":"node/11923599869","name":"Samadex Clinic","named":true,"source":"OpenStreetMap contributors","source_tags":{"amenity":"hospital","name":"Samadex Clinic","operator":"private"},"retrieved_at":"2026-09-06T12:43:12.245Z","confidence":"openstreetmap_mapped_unverified","field_verified":false,"layer":"osm_health_facility","facility_type":"hospital","operator":"private"}},{"type":"Feature","geometry":{"type":"Point","coordinates":[3.27097,6.529504]},"properties":{"osm_id":"node/11923599870","name":"Zephaniah Maternity Center","named":true,"source":"OpenStreetMap contributors","source_tags":{"amenity":"hospital","name":"Zephaniah Maternity Center","operator":"private"},"retrieved_at":"2026-09-06T12:43:12.245Z","confidence":"openstreetmap_mapped_unverified","field_verified":false,"layer":"osm_health_facility","facility_type":"hospital","operator":"private"}},{"type":"Feature","geometry":{"type":"Point","coordinates":[3.2705033,6.5230578]},"properties":{"osm_id":"node/11923599871","name":"Molabi Hospital","named":true,"source":"OpenStreetMap contributors","source_tags":{"amenity":"hospital","name":"Molabi Hospital","operator":"private"},"retrieved_at":"2026-09-06T12:43:12.245Z","confidence":"openstreetmap_mapped_unverified","field_verified":false,"layer":"osm_health_facility","facility_type":"hospital","operator":"private"}},{"type":"Feature","geometry":{"type":"Point","coordinates":[3.2552858,6.5157721]},"properties":{"osm_id":"node/11923604168","name":"Victory Life Medical Diagnostic","named":true,"source":"OpenStreetMap contributors","source_tags":{"amenity":"hospital","name":"Victory Life Medical Diagnostic","operator:type":"public"},"retrieved_at":"2026-09-06T12:43:12.245Z","confidence":"openstreetmap_mapped_unverified","field_verified":false,"layer":"osm_health_facility","facility_type":"hospital","operator":null}},{"type":"Feature","geometry":{"type":"Point","coordinates":[3.2598013,6.5155549]},"properties":{"osm_id":"node/11923639569","name":"Glory Of God Health Care Centre","named":true,"source":"OpenStreetMap contributors","source_tags":{"amenity":"hospital","name":"Glory Of God Health Care Centre","operator":"private"},"retrieved_at":"2026-09-06T12:43:12.245Z","confidence":"openstreetmap_mapped_unverified","field_verified":false,"layer":"osm_health_facility","facility_type":"hospital","operator":"private"}},{"type":"Feature","geometry":{"type":"Point","coordinates":[3.2618196,6.5067047]},"properties":{"osm_id":"node/11923639570","name":"St Grace Natural Medical Clinic And Me Eternity","named":true,"source":"OpenStreetMap contributors","source_tags":{"amenity":"hospital","name":"St Grace Natural Medical Clinic And Me Eternity","operator:type":"public"},"retrieved_at":"2026-09-06T12:43:12.245Z","confidence":"openstreetmap_mapped_unverified","field_verified":false,"layer":"osm_health_facility","facility_type":"hospital","operator":null}},{"type":"Feature","geometry":{"type":"Point","coordinates":[3.2511592,6.5613475]},"properties":{"osm_id":"node/11924945902","name":"Alimosho General Hospital","named":true,"source":"OpenStreetMap contributors","source_tags":{"amenity":"hospital","name":"Alimosho General Hospital","operator:type":"public"},"retrieved_at":"2026-09-06T12:43:12.245Z","confidence":"openstreetmap_mapped_unverified","field_verified":false,"layer":"osm_health_facility","facility_type":"hospital","operator":null}},{"type":"Feature","geometry":{"type":"Point","coordinates":[3.2509768,6.5629783]},"properties":{"osm_id":"node/11924945903","name":"Kent Hospital","named":true,"source":"OpenStreetMap contributors","source_tags":{"amenity":"hospital","name":"Kent Hospital","operator":"private"},"retrieved_at":"2026-09-06T12:43:12.245Z","confidence":"openstreetmap_mapped_unverified","field_verified":false,"layer":"osm_health_facility","facility_type":"hospital","operator":"private"}},{"type":"Feature","geometry":{"type":"Point","coordinates":[3.2504967,6.5639588]},"properties":{"osm_id":"node/11924945904","name":"Shonowo Hospital","named":true,"source":"OpenStreetMap contributors","source_tags":{"amenity":"hospital","name":"Shonowo Hospital","operator:type":"public"},"retrieved_at":"2026-09-06T12:43:12.245Z","confidence":"openstreetmap_mapped_unverified","field_verified":false,"layer":"osm_health_facility","facility_type":"hospital","operator":null}},{"type":"Feature","geometry":{"type":"Point","coordinates":[3.2460804,6.5682955]},"properties":{"osm_id":"node/11924945905","name":"Purpose Of God Clinic and Maternity","named":true,"source":"OpenStreetMap contributors","source_tags":{"amenity":"hospital","name":"Purpose Of God Clinic and Maternity","operator":"private"},"retrieved_at":"2026-09-06T12:43:12.245Z","confidence":"openstreetmap_mapped_unverified","field_verified":false,"layer":"osm_health_facility","facility_type":"hospital","operator":"private"}},{"type":"Feature","geometry":{"type":"Point","coordinates":[3.2394513,6.5649008]},"properties":{"osm_id":"node/11924945906","name":"Santamaria Hospital Annex","named":true,"source":"OpenStreetMap contributors","source_tags":{"amenity":"hospital","name":"Santamaria Hospital Annex","operator":"private"},"retrieved_at":"2026-09-06T12:43:12.245Z","confidence":"openstreetmap_mapped_unverified","field_verified":false,"layer":"osm_health_facility","facility_type":"hospital","operator":"private"}},{"type":"Feature","geometry":{"type":"Point","coordinates":[3.2245503,6.5626145]},"properties":{"osm_id":"node/11924945907","name":"Mount Moriah Hospital And Maternity","named":true,"source":"OpenStreetMap contributors","source_tags":{"amenity":"hospital","name":"Mount Moriah Hospital And Maternity","operator":"private"},"retrieved_at":"2026-09-06T12:43:12.245Z","confidence":"openstreetmap_mapped_unverified","field_verified":false,"layer":"osm_health_facility","facility_type":"hospital","operator":"private"}},{"type":"Feature","geometry":{"type":"Point","coordinates":[3.2547051,6.5389294]},"properties":{"osm_id":"node/11925010462","name":"Above Clinic Medical Centre","named":true,"source":"OpenStreetMap contributors","source_tags":{"amenity":"hospital","name":"Above Clinic Medical Centre","operator":"private"},"retrieved_at":"2026-09-06T12:43:12.245Z","confidence":"openstreetmap_mapped_unverified","field_verified":false,"layer":"osm_health_facility","facility_type":"hospital","operator":"private"}},{"type":"Feature","geometry":{"type":"Point","coordinates":[3.245253,6.5316332]},"properties":{"osm_id":"node/11925010463","name":"Solvicaj Laboratory","named":true,"source":"OpenStreetMap contributors","source_tags":{"amenity":"hospital","name":"Solvicaj Laboratory","operator":"private"},"retrieved_at":"2026-09-06T12:43:12.245Z","confidence":"openstreetmap_mapped_unverified","field_verified":false,"layer":"osm_health_facility","facility_type":"hospital","operator":"private"}},{"type":"Feature","geometry":{"type":"Point","coordinates":[3.2432742,6.5369228]},"properties":{"osm_id":"node/11925010464","name":"Noble Clinic","named":true,"source":"OpenStreetMap contributors","source_tags":{"amenity":"hospital","name":"Noble Clinic","operator":"private"},"retrieved_at":"2026-09-06T12:43:12.245Z","confidence":"openstreetmap_mapped_unverified","field_verified":false,"layer":"osm_health_facility","facility_type":"hospital","operator":"private"}},{"type":"Feature","geometry":{"type":"Point","coordinates":[3.2454595,6.5376956]},"properties":{"osm_id":"node/11925010465","name":"Royal Jubille Hospital","named":true,"source":"OpenStreetMap contributors","source_tags":{"amenity":"hospital","name":"Royal Jubille Hospital","operator":"private"},"retrieved_at":"2026-09-06T12:43:12.245Z","confidence":"openstreetmap_mapped_unverified","field_verified":false,"layer":"osm_health_facility","facility_type":"hospital","operator":"private"}},{"type":"Feature","geometry":{"type":"Point","coordinates":[3.2454957,6.5389307]},"properties":{"osm_id":"node/11925010466","name":"St White Shield Clinic","named":true,"source":"OpenStreetMap contributors","source_tags":{"amenity":"hospital","name":"St White Shield Clinic","operator":"private"},"retrieved_at":"2026-09-06T12:43:12.245Z","confidence":"openstreetmap_mapped_unverified","field_verified":false,"layer":"osm_health_facility","facility_type":"hospital","operator":"private"}},{"type":"Feature","geometry":{"type":"Point","coordinates":[3.2476629,6.5482733]},"properties":{"osm_id":"node/11925010467","name":"Okey Madu Maternity Home","named":true,"source":"OpenStreetMap contributors","source_tags":{"amenity":"hospital","name":"Okey Madu Maternity Home","operator":"private"},"retrieved_at":"2026-09-06T12:43:12.245Z","confidence":"openstreetmap_mapped_unverified","field_verified":false,"layer":"osm_health_facility","facility_type":"hospital","operator":"private"}},{"type":"Feature","geometry":{"type":"Point","coordinates":[3.2437402,6.5517854]},"properties":{"osm_id":"node/11925010468","name":"Igando Diagnostic Center","named":true,"source":"OpenStreetMap contributors","source_tags":{"amenity":"hospital","name":"Igando Diagnostic Center","operator":"private"},"retrieved_at":"2026-09-06T12:43:12.245Z","confidence":"openstreetmap_mapped_unverified","field_verified":false,"layer":"osm_health_facility","facility_type":"hospital","operator":"private"}},{"type":"Feature","geometry":{"type":"Point","coordinates":[3.2482168,6.5534201]},"properties":{"osm_id":"node/11925019769","name":"De Fairlane Hospital","named":true,"source":"OpenStreetMap contributors","source_tags":{"amenity":"hospital","name":"De Fairlane Hospital","operator":"private"},"retrieved_at":"2026-09-06T12:43:12.245Z","confidence":"openstreetmap_mapped_unverified","field_verified":false,"layer":"osm_health_facility","facility_type":"hospital","operator":"private"}},{"type":"Feature","geometry":{"type":"Point","coordinates":[3.2481632,6.5558743]},"properties":{"osm_id":"node/11925019770","name":"Afriglobal Medicare","named":true,"source":"OpenStreetMap contributors","source_tags":{"amenity":"hospital","name":"Afriglobal Medicare","operator":"private"},"retrieved_at":"2026-09-06T12:43:12.245Z","confidence":"openstreetmap_mapped_unverified","field_verified":false,"layer":"osm_health_facility","facility_type":"hospital","operator":"private"}},{"type":"Feature","geometry":{"type":"Point","coordinates":[3.2452208,6.5588854]},"properties":{"osm_id":"node/11925019771","name":"Cj Confidence Care","named":true,"source":"OpenStreetMap contributors","source_tags":{"amenity":"hospital","name":"Cj Confidence Care","operator":"private"},"retrieved_at":"2026-09-06T12:43:12.245Z","confidence":"openstreetmap_mapped_unverified","field_verified":false,"layer":"osm_health_facility","facility_type":"hospital","operator":"private"}},{"type":"Feature","geometry":{"type":"Point","coordinates":[3.2369609,6.5608212]},"properties":{"osm_id":"node/11925019772","name":"Christ Apostolic Maternity Center","named":true,"source":"OpenStreetMap contributors","source_tags":{"amenity":"hospital","name":"Christ Apostolic Maternity Center","operator":"religious hospital"},"retrieved_at":"2026-09-06T12:43:12.245Z","confidence":"openstreetmap_mapped_unverified","field_verified":false,"layer":"osm_health_facility","facility_type":"hospital","operator":"religious hospital"}},{"type":"Feature","geometry":{"type":"Point","coordinates":[3.2268745,6.5569562]},"properties":{"osm_id":"node/11925019773","name":"Life Fount Medical Center","named":true,"source":"OpenStreetMap contributors","source_tags":{"amenity":"hospital","name":"Life Fount Medical Center","operator":"private"},"retrieved_at":"2026-09-06T12:43:12.245Z","confidence":"openstreetmap_mapped_unverified","field_verified":false,"layer":"osm_health_facility","facility_type":"hospital","operator":"private"}},{"type":"Feature","geometry":{"type":"Point","coordinates":[3.2525982,6.510892]},"properties":{"osm_id":"node/11925030440","name":"Crusaints Hospital","named":true,"source":"OpenStreetMap contributors","source_tags":{"amenity":"hospital","name":"Crusaints Hospital","operator":"private"},"retrieved_at":"2026-09-06T12:43:12.245Z","confidence":"openstreetmap_mapped_unverified","field_verified":false,"layer":"osm_health_facility","facility_type":"hospital","operator":"private"}},{"type":"Feature","geometry":{"type":"Point","coordinates":[3.2517278,6.5140412]},"properties":{"osm_id":"node/11925030441","name":"Ijegun Primary Health Care","named":true,"source":"OpenStreetMap contributors","source_tags":{"amenity":"hospital","name":"Ijegun Primary Health Care","operator:type":"public"},"retrieved_at":"2026-09-06T12:43:12.245Z","confidence":"openstreetmap_mapped_unverified","field_verified":false,"layer":"osm_health_facility","facility_type":"hospital","operator":null}},{"type":"Feature","geometry":{"type":"Point","coordinates":[3.2521798,6.5139999]},"properties":{"osm_id":"node/11925030442","name":"Olatemi Maternity Home","named":true,"source":"OpenStreetMap contributors","source_tags":{"amenity":"hospital","name":"Olatemi Maternity Home","operator":"private"},"retrieved_at":"2026-09-06T12:43:12.245Z","confidence":"openstreetmap_mapped_unverified","field_verified":false,"layer":"osm_health_facility","facility_type":"hospital","operator":"private"}},{"type":"Feature","geometry":{"type":"Point","coordinates":[3.2506241,6.5225555]},"properties":{"osm_id":"node/11925030443","name":"Datam Conv Health Care Center","named":true,"source":"OpenStreetMap contributors","source_tags":{"amenity":"hospital","name":"Datam Conv Health Care Center","operator":"private"},"retrieved_at":"2026-09-06T12:43:12.245Z","confidence":"openstreetmap_mapped_unverified","field_verified":false,"layer":"osm_health_facility","facility_type":"hospital","operator":"private"}},{"type":"Feature","geometry":{"type":"Point","coordinates":[3.2491449,6.5240758]},"properties":{"osm_id":"node/11925030444","name":"Maciland Medical Center","named":true,"source":"OpenStreetMap contributors","source_tags":{"amenity":"hospital","name":"Maciland Medical Center","operator":"private"},"retrieved_at":"2026-09-06T12:43:12.245Z","confidence":"openstreetmap_mapped_unverified","field_verified":false,"layer":"osm_health_facility","facility_type":"hospital","operator":"private"}},{"type":"Feature","geometry":{"type":"Point","coordinates":[3.2242063,6.5045281]},"properties":{"osm_id":"node/11925066632","name":"Ijagemo Primary Health Centre","named":true,"source":"OpenStreetMap contributors","source_tags":{"amenity":"hospital","name":"Ijagemo Primary Health Centre","operator:type":"public"},"retrieved_at":"2026-09-06T12:43:12.245Z","confidence":"openstreetmap_mapped_unverified","field_verified":false,"layer":"osm_health_facility","facility_type":"hospital","operator":null}},{"type":"Feature","geometry":{"type":"Point","coordinates":[3.2163817,6.5258492]},"properties":{"osm_id":"node/11925066633","name":"Adebek Maternity Home","named":true,"source":"OpenStreetMap contributors","source_tags":{"amenity":"hospital","name":"Adebek Maternity Home","operator":"private"},"retrieved_at":"2026-09-06T12:43:12.245Z","confidence":"openstreetmap_mapped_unverified","field_verified":false,"layer":"osm_health_facility","facility_type":"hospital","operator":"private"}},{"type":"Feature","geometry":{"type":"Point","coordinates":[3.2151418,6.5255295]},"properties":{"osm_id":"node/11925066634","name":"Pakal Medical Centre","named":true,"source":"OpenStreetMap contributors","source_tags":{"amenity":"hospital","name":"Pakal Medical Centre","operator":"private"},"retrieved_at":"2026-09-06T12:43:12.245Z","confidence":"openstreetmap_mapped_unverified","field_verified":false,"layer":"osm_health_facility","facility_type":"hospital","operator":"private"}},{"type":"Feature","geometry":{"type":"Point","coordinates":[3.214319,6.5276866]},"properties":{"osm_id":"node/11925066635","name":"Hefamaa Laboratory","named":true,"source":"OpenStreetMap contributors","source_tags":{"amenity":"hospital","name":"Hefamaa Laboratory","operator":"private"},"retrieved_at":"2026-09-06T12:43:12.245Z","confidence":"openstreetmap_mapped_unverified","field_verified":false,"layer":"osm_health_facility","facility_type":"hospital","operator":"private"}},{"type":"Feature","geometry":{"type":"Point","coordinates":[3.2201421,6.5360594]},"properties":{"osm_id":"node/11925066636","name":"Sholay Beauty World","named":true,"source":"OpenStreetMap contributors","source_tags":{"amenity":"hospital","name":"Sholay Beauty World","operator":"private"},"retrieved_at":"2026-09-06T12:43:12.245Z","confidence":"openstreetmap_mapped_unverified","field_verified":false,"layer":"osm_health_facility","facility_type":"hospital","operator":"private"}},{"type":"Feature","geometry":{"type":"Point","coordinates":[3.2217327,6.5526647]},"properties":{"osm_id":"node/11925076786","name":"Winkoye Laboratory Service","named":true,"source":"OpenStreetMap contributors","source_tags":{"amenity":"hospital","name":"Winkoye Laboratory Service","operator":"private"},"retrieved_at":"2026-09-06T12:43:12.245Z","confidence":"openstreetmap_mapped_unverified","field_verified":false,"layer":"osm_health_facility","facility_type":"hospital","operator":"private"}},{"type":"Feature","geometry":{"type":"Point","coordinates":[3.2265379,6.5518107]},"properties":{"osm_id":"node/11925076787","name":"Vintage Hospital","named":true,"source":"OpenStreetMap contributors","source_tags":{"amenity":"hospital","name":"Vintage Hospital","operator":"private"},"retrieved_at":"2026-09-06T12:43:12.245Z","confidence":"openstreetmap_mapped_unverified","field_verified":false,"layer":"osm_health_facility","facility_type":"hospital","operator":"private"}},{"type":"Feature","geometry":{"type":"Point","coordinates":[3.2359591,6.5503741]},"properties":{"osm_id":"node/11925076788","name":"Egan Primary Health Care Center","named":true,"source":"OpenStreetMap contributors","source_tags":{"amenity":"hospital","name":"Egan Primary Health Care Center","operator":"private"},"retrieved_at":"2026-09-06T12:43:12.245Z","confidence":"openstreetmap_mapped_unverified","field_verified":false,"layer":"osm_health_facility","facility_type":"hospital","operator":"private"}},{"type":"Feature","geometry":{"type":"Point","coordinates":[3.2315496,6.5487316]},"properties":{"osm_id":"node/11925076789","name":"Santa Maria Hospital","named":true,"source":"OpenStreetMap contributors","source_tags":{"amenity":"hospital","name":"Santa Maria Hospital","operator":"mission/Reliiuos"},"retrieved_at":"2026-09-06T12:43:12.245Z","confidence":"openstreetmap_mapped_unverified","field_verified":false,"layer":"osm_health_facility","facility_type":"hospital","operator":"mission/Reliiuos"}},{"type":"Feature","geometry":{"type":"Point","coordinates":[3.2236565,6.5405003]},"properties":{"osm_id":"node/11925076790","name":"Marie Stopes Clinic General Medical Care And Laboratory","named":true,"source":"OpenStreetMap contributors","source_tags":{"amenity":"hospital","name":"Marie Stopes Clinic General Medical Care And Laboratory","operator":"private"},"retrieved_at":"2026-09-06T12:43:12.245Z","confidence":"openstreetmap_mapped_unverified","field_verified":false,"layer":"osm_health_facility","facility_type":"hospital","operator":"private"}},{"type":"Feature","geometry":{"type":"Point","coordinates":[3.2243002,6.5423682]},"properties":{"osm_id":"node/11925076791","name":"Eldunamis Medical Center","named":true,"source":"OpenStreetMap contributors","source_tags":{"amenity":"hospital","name":"Eldunamis Medical Center","operator":"private"},"retrieved_at":"2026-09-06T12:43:12.245Z","confidence":"openstreetmap_mapped_unverified","field_verified":false,"layer":"osm_health_facility","facility_type":"hospital","operator":"private"}},{"type":"Feature","geometry":{"type":"Point","coordinates":[3.2283443,6.541796]},"properties":{"osm_id":"node/11925076792","name":"Bukz Clinical Diagnostic Center","named":true,"source":"OpenStreetMap contributors","source_tags":{"amenity":"hospital","name":"Bukz Clinical Diagnostic Center","operator":"private"},"retrieved_at":"2026-09-06T12:43:12.245Z","confidence":"openstreetmap_mapped_unverified","field_verified":false,"layer":"osm_health_facility","facility_type":"hospital","operator":"private"}},{"type":"Feature","geometry":{"type":"Point","coordinates":[3.2306933,6.5401725]},"properties":{"osm_id":"node/11925076793","name":"Divine Blessing Hospital","named":true,"source":"OpenStreetMap contributors","source_tags":{"amenity":"hospital","name":"Divine Blessing Hospital","operator":"private"},"retrieved_at":"2026-09-06T12:43:12.245Z","confidence":"openstreetmap_mapped_unverified","field_verified":false,"layer":"osm_health_facility","facility_type":"hospital","operator":"private"}},{"type":"Feature","geometry":{"type":"Point","coordinates":[3.2272104,6.5358509]},"properties":{"osm_id":"node/11925076794","name":"Jubilee Health Center And Laboratory","named":true,"source":"OpenStreetMap contributors","source_tags":{"amenity":"hospital","name":"Jubilee Health Center And Laboratory","operator":"private"},"retrieved_at":"2026-09-06T12:43:12.245Z","confidence":"openstreetmap_mapped_unverified","field_verified":false,"layer":"osm_health_facility","facility_type":"hospital","operator":"private"}},{"type":"Feature","geometry":{"type":"Point","coordinates":[3.236737,6.5341381]},"properties":{"osm_id":"node/11925076795","name":"Betterlife Hospital","named":true,"source":"OpenStreetMap contributors","source_tags":{"amenity":"hospital","name":"Betterlife Hospital","operator":"private"},"retrieved_at":"2026-09-06T12:43:12.245Z","confidence":"openstreetmap_mapped_unverified","field_verified":false,"layer":"osm_health_facility","facility_type":"hospital","operator":"private"}},{"type":"Feature","geometry":{"type":"Point","coordinates":[3.2188976,6.551744]},"properties":{"osm_id":"node/11925076800","name":"Isuti Medical Centre","named":true,"source":"OpenStreetMap contributors","source_tags":{"amenity":"hospital","name":"Isuti Medical Centre","operator":"private"},"retrieved_at":"2026-09-06T12:43:12.245Z","confidence":"openstreetmap_mapped_unverified","field_verified":false,"layer":"osm_health_facility","facility_type":"hospital","operator":"private"}},{"type":"Feature","geometry":{"type":"Point","coordinates":[3.2182176,6.5494684]},"properties":{"osm_id":"node/11925076801","name":"Pelfik Clinic And Maternity Center","named":true,"source":"OpenStreetMap contributors","source_tags":{"amenity":"hospital","name":"Pelfik Clinic And Maternity Center","operator":"private"},"retrieved_at":"2026-09-06T12:43:12.245Z","confidence":"openstreetmap_mapped_unverified","field_verified":false,"layer":"osm_health_facility","facility_type":"hospital","operator":"private"}},{"type":"Feature","geometry":{"type":"Point","coordinates":[3.2189526,6.5471541]},"properties":{"osm_id":"node/11925076802","name":"Atinuke Tr Clinic And Maternity Home","named":true,"source":"OpenStreetMap contributors","source_tags":{"amenity":"hospital","name":"Atinuke Tr Clinic And Maternity Home","operator":"private"},"retrieved_at":"2026-09-06T12:43:12.245Z","confidence":"openstreetmap_mapped_unverified","field_verified":false,"layer":"osm_health_facility","facility_type":"hospital","operator":"private"}},{"type":"Feature","geometry":{"type":"Point","coordinates":[3.2367732,6.5326165]},"properties":{"osm_id":"node/11925078331","name":"Roland Orthopedic Hospital","named":true,"source":"OpenStreetMap contributors","source_tags":{"amenity":"hospital","name":"Roland Orthopedic Hospital","operator":"private"},"retrieved_at":"2026-09-06T12:43:12.245Z","confidence":"openstreetmap_mapped_unverified","field_verified":false,"layer":"osm_health_facility","facility_type":"hospital","operator":"private"}},{"type":"Feature","geometry":{"type":"Point","coordinates":[3.2387862,6.5284168]},"properties":{"osm_id":"node/11925078332","name":"Okerube Health Centre","named":true,"source":"OpenStreetMap contributors","source_tags":{"amenity":"hospital","name":"Okerube Health Centre","operator":"private"},"retrieved_at":"2026-09-06T12:43:12.245Z","confidence":"openstreetmap_mapped_unverified","field_verified":false,"layer":"osm_health_facility","facility_type":"hospital","operator":"private"}},{"type":"Feature","geometry":{"type":"Point","coordinates":[3.2381793,6.5228606]},"properties":{"osm_id":"node/11925078333","name":"Ayodamola Health Careand Maternity Home","named":true,"source":"OpenStreetMap contributors","source_tags":{"amenity":"hospital","name":"Ayodamola Health Careand Maternity Home","operator":"private"},"retrieved_at":"2026-09-06T12:43:12.245Z","confidence":"openstreetmap_mapped_unverified","field_verified":false,"layer":"osm_health_facility","facility_type":"hospital","operator":"private"}},{"type":"Feature","geometry":{"type":"Point","coordinates":[3.2443987,6.495324]},"properties":{"osm_id":"node/11925139252","name":"Ojo Bala Ologunebi Trado And Maternity Clinic","named":true,"source":"OpenStreetMap contributors","source_tags":{"amenity":"hospital","name":"Ojo Bala Ologunebi Trado And Maternity Clinic","operator":"private"},"retrieved_at":"2026-09-06T12:43:12.245Z","confidence":"openstreetmap_mapped_unverified","field_verified":false,"layer":"osm_health_facility","facility_type":"hospital","operator":"private"}},{"type":"Feature","geometry":{"type":"Point","coordinates":[3.247498,6.4983674]},"properties":{"osm_id":"node/11925139253","name":"Ijedodo Primary Health Center","named":true,"source":"OpenStreetMap contributors","source_tags":{"amenity":"hospital","name":"Ijedodo Primary Health Center","operator:type":"public"},"retrieved_at":"2026-09-06T12:43:12.245Z","confidence":"openstreetmap_mapped_unverified","field_verified":false,"layer":"osm_health_facility","facility_type":"hospital","operator":null}},{"type":"Feature","geometry":{"type":"Point","coordinates":[3.3417106,6.5265321]},"properties":{"osm_id":"node/11925914566","name":"Divine Nursin Hme","named":true,"source":"OpenStreetMap contributors","source_tags":{"amenity":"hospital","name":"Divine Nursin Hme","operator":"private"},"retrieved_at":"2026-09-06T12:43:12.245Z","confidence":"openstreetmap_mapped_unverified","field_verified":false,"layer":"osm_health_facility","facility_type":"hospital","operator":"private"}},{"type":"Feature","geometry":{"type":"Point","coordinates":[3.3411077,6.524273]},"properties":{"osm_id":"node/11925914567","name":"Good Hope Hospital","named":true,"source":"OpenStreetMap contributors","source_tags":{"amenity":"hospital","name":"Good Hope Hospital","operator":"private"},"retrieved_at":"2026-09-06T12:43:12.245Z","confidence":"openstreetmap_mapped_unverified","field_verified":false,"layer":"osm_health_facility","facility_type":"hospital","operator":"private"}},{"type":"Feature","geometry":{"type":"Point","coordinates":[3.3394776,6.5244768]},"properties":{"osm_id":"node/11925914568","name":"Salvation Hospital","named":true,"source":"OpenStreetMap contributors","source_tags":{"amenity":"hospital","name":"Salvation Hospital","operator":"other"},"retrieved_at":"2026-09-06T12:43:12.245Z","confidence":"openstreetmap_mapped_unverified","field_verified":false,"layer":"osm_health_facility","facility_type":"hospital","operator":"other"}},{"type":"Feature","geometry":{"type":"Point","coordinates":[3.3427982,6.530542]},"properties":{"osm_id":"node/11925925645","name":"Femtab Hosp","named":true,"source":"OpenStreetMap contributors","source_tags":{"amenity":"hospital","name":"Femtab Hosp","operator":"private"},"retrieved_at":"2026-09-06T12:43:12.245Z","confidence":"openstreetmap_mapped_unverified","field_verified":false,"layer":"osm_health_facility","facility_type":"hospital","operator":"private"}},{"type":"Feature","geometry":{"type":"Point","coordinates":[3.3443009,6.5289311]},"properties":{"osm_id":"node/11925925646","name":"Divine Nursing Home","named":true,"source":"OpenStreetMap contributors","source_tags":{"amenity":"hospital","name":"Divine Nursing Home","operator":"private"},"retrieved_at":"2026-09-06T12:43:12.245Z","confidence":"openstreetmap_mapped_unverified","field_verified":false,"layer":"osm_health_facility","facility_type":"hospital","operator":"private"}},{"type":"Feature","geometry":{"type":"Point","coordinates":[3.3442194,6.5284098]},"properties":{"osm_id":"node/11925925647","name":"Best Hospital","named":true,"source":"OpenStreetMap contributors","source_tags":{"amenity":"hospital","name":"Best Hospital","operator":"private"},"retrieved_at":"2026-09-06T12:43:12.245Z","confidence":"openstreetmap_mapped_unverified","field_verified":false,"layer":"osm_health_facility","facility_type":"hospital","operator":"private"}},{"type":"Feature","geometry":{"type":"Point","coordinates":[3.3444853,6.5278279]},"properties":{"osm_id":"node/11925925648","name":"Hammed Conwale Hospital","named":true,"source":"OpenStreetMap contributors","source_tags":{"amenity":"hospital","name":"Hammed Conwale Hospital","operator":"private"},"retrieved_at":"2026-09-06T12:43:12.245Z","confidence":"openstreetmap_mapped_unverified","field_verified":false,"layer":"osm_health_facility","facility_type":"hospital","operator":"private"}},{"type":"Feature","geometry":{"type":"Point","coordinates":[3.3463696,6.5275561]},"properties":{"osm_id":"node/11925925649","name":"Alafiatayo Hospital","named":true,"source":"OpenStreetMap contributors","source_tags":{"amenity":"hospital","name":"Alafiatayo Hospital","operator":"private"},"retrieved_at":"2026-09-06T12:43:12.245Z","confidence":"openstreetmap_mapped_unverified","field_verified":false,"layer":"osm_health_facility","facility_type":"hospital","operator":"private"}},{"type":"Feature","geometry":{"type":"Point","coordinates":[3.3489398,6.5271883]},"properties":{"osm_id":"node/11925925650","name":"Isolo Road Primary Health Care Centre","named":true,"source":"OpenStreetMap contributors","source_tags":{"amenity":"hospital","name":"Isolo Road Primary Health Care Centre","operator:type":"public"},"retrieved_at":"2026-09-06T12:43:12.245Z","confidence":"openstreetmap_mapped_unverified","field_verified":false,"layer":"osm_health_facility","facility_type":"hospital","operator":null}},{"type":"Feature","geometry":{"type":"Point","coordinates":[3.3511654,6.5276966]},"properties":{"osm_id":"node/11925925651","name":"Saltak Consualtant Home","named":true,"source":"OpenStreetMap contributors","source_tags":{"amenity":"hospital","name":"Saltak Consualtant Home","operator":"private"},"retrieved_at":"2026-09-06T12:43:12.245Z","confidence":"openstreetmap_mapped_unverified","field_verified":false,"layer":"osm_health_facility","facility_type":"hospital","operator":"private"}},{"type":"Feature","geometry":{"type":"Point","coordinates":[3.3548502,6.5255353]},"properties":{"osm_id":"node/11925925652","name":"Alhameed Conval Hospital","named":true,"source":"OpenStreetMap contributors","source_tags":{"amenity":"hospital","name":"Alhameed Conval Hospital","operator:type":"public"},"retrieved_at":"2026-09-06T12:43:12.245Z","confidence":"openstreetmap_mapped_unverified","field_verified":false,"layer":"osm_health_facility","facility_type":"hospital","operator":null}},{"type":"Feature","geometry":{"type":"Point","coordinates":[3.3546945,6.5249265]},"properties":{"osm_id":"node/11925925653","name":"Health Center Mushin","named":true,"source":"OpenStreetMap contributors","source_tags":{"amenity":"hospital","name":"Health Center Mushin","operator:type":"public"},"retrieved_at":"2026-09-06T12:43:12.245Z","confidence":"openstreetmap_mapped_unverified","field_verified":false,"layer":"osm_health_facility","facility_type":"hospital","operator":null}},{"type":"Feature","geometry":{"type":"Point","coordinates":[3.3533138,6.5253016]},"properties":{"osm_id":"node/11925925654","name":"Ogungbaiye Primary Health Centre","named":true,"source":"OpenStreetMap contributors","source_tags":{"amenity":"hospital","name":"Ogungbaiye Primary Health Centre","operator:type":"public"},"retrieved_at":"2026-09-06T12:43:12.245Z","confidence":"openstreetmap_mapped_unverified","field_verified":false,"layer":"osm_health_facility","facility_type":"hospital","operator":null}},{"type":"Feature","geometry":{"type":"Point","coordinates":[3.349666,6.5249139]},"properties":{"osm_id":"node/11925925655","name":"Orisegun Med Center","named":true,"source":"OpenStreetMap contributors","source_tags":{"amenity":"hospital","name":"Orisegun Med Center","operator":"private"},"retrieved_at":"2026-09-06T12:43:12.245Z","confidence":"openstreetmap_mapped_unverified","field_verified":false,"layer":"osm_health_facility","facility_type":"hospital","operator":"private"}},{"type":"Feature","geometry":{"type":"Point","coordinates":[3.3516663,6.5208093]},"properties":{"osm_id":"node/11925925656","name":"Saint Kizito Clinic","named":true,"source":"OpenStreetMap contributors","source_tags":{"amenity":"hospital","name":"Saint Kizito Clinic","operator":"private"},"retrieved_at":"2026-09-06T12:43:12.245Z","confidence":"openstreetmap_mapped_unverified","field_verified":false,"layer":"osm_health_facility","facility_type":"hospital","operator":"private"}},{"type":"Feature","geometry":{"type":"Point","coordinates":[3.3457218,6.5217154]},"properties":{"osm_id":"node/11925925657","name":"Ajoke Clinic","named":true,"source":"OpenStreetMap contributors","source_tags":{"amenity":"hospital","name":"Ajoke Clinic","operator":"private"},"retrieved_at":"2026-09-06T12:43:12.245Z","confidence":"openstreetmap_mapped_unverified","field_verified":false,"layer":"osm_health_facility","facility_type":"hospital","operator":"private"}},{"type":"Feature","geometry":{"type":"Point","coordinates":[3.3443338,6.5214642]},"properties":{"osm_id":"node/11925925658","name":"Labake Maternity Center","named":true,"source":"OpenStreetMap contributors","source_tags":{"amenity":"hospital","name":"Labake Maternity Center","operator":"private"},"retrieved_at":"2026-09-06T12:43:12.245Z","confidence":"openstreetmap_mapped_unverified","field_verified":false,"layer":"osm_health_facility","facility_type":"hospital","operator":"private"}},{"type":"Feature","geometry":{"type":"Point","coordinates":[3.3449507,6.5211178]},"properties":{"osm_id":"node/11925925659","name":"Odus Health Center","named":true,"source":"OpenStreetMap contributors","source_tags":{"amenity":"hospital","name":"Odus Health Center","operator":"other"},"retrieved_at":"2026-09-06T12:43:12.245Z","confidence":"openstreetmap_mapped_unverified","field_verified":false,"layer":"osm_health_facility","facility_type":"hospital","operator":"other"}},{"type":"Feature","geometry":{"type":"Point","coordinates":[3.344999,6.5208753]},"properties":{"osm_id":"node/11925925660","name":"Awesome Grace Hospital","named":true,"source":"OpenStreetMap contributors","source_tags":{"amenity":"hospital","name":"Awesome Grace Hospital","operator":"private"},"retrieved_at":"2026-09-06T12:43:12.245Z","confidence":"openstreetmap_mapped_unverified","field_verified":false,"layer":"osm_health_facility","facility_type":"hospital","operator":"private"}},{"type":"Feature","geometry":{"type":"Point","coordinates":[3.3452511,6.5208353]},"properties":{"osm_id":"node/11925925661","name":"Odus Specialist Clinic","named":true,"source":"OpenStreetMap contributors","source_tags":{"amenity":"hospital","name":"Odus Specialist Clinic","operator":"private"},"retrieved_at":"2026-09-06T12:43:12.245Z","confidence":"openstreetmap_mapped_unverified","field_verified":false,"layer":"osm_health_facility","facility_type":"hospital","operator":"private"}},{"type":"Feature","geometry":{"type":"Point","coordinates":[3.3596589,6.5157248]},"properties":{"osm_id":"node/11925925662","name":"St Claire Specialist Clinic","named":true,"source":"OpenStreetMap contributors","source_tags":{"amenity":"hospital","name":"St Claire Specialist Clinic","operator":"private"},"retrieved_at":"2026-09-06T12:43:12.245Z","confidence":"openstreetmap_mapped_unverified","field_verified":false,"layer":"osm_health_facility","facility_type":"hospital","operator":"private"}},{"type":"Feature","geometry":{"type":"Point","coordinates":[3.3602279,6.5153217]},"properties":{"osm_id":"node/11925925663","name":"VNusamin Clinic","named":true,"source":"OpenStreetMap contributors","source_tags":{"amenity":"hospital","name":"VNusamin Clinic","operator":"private"},"retrieved_at":"2026-09-06T12:43:12.245Z","confidence":"openstreetmap_mapped_unverified","field_verified":false,"layer":"osm_health_facility","facility_type":"hospital","operator":"private"}},{"type":"Feature","geometry":{"type":"Point","coordinates":[3.3561402,6.5147048]},"properties":{"osm_id":"node/11925925664","name":"A Aand A Medical Diagostic Center","named":true,"source":"OpenStreetMap contributors","source_tags":{"amenity":"hospital","name":"A Aand A Medical Diagostic Center","operator":"private"},"retrieved_at":"2026-09-06T12:43:12.245Z","confidence":"openstreetmap_mapped_unverified","field_verified":false,"layer":"osm_health_facility","facility_type":"hospital","operator":"private"}},{"type":"Feature","geometry":{"type":"Point","coordinates":[3.3512633,6.5192031]},"properties":{"osm_id":"node/11925925665","name":"Aishat Specialist Hospital Limited","named":true,"source":"OpenStreetMap contributors","source_tags":{"amenity":"hospital","name":"Aishat Specialist Hospital Limited","operator":"private"},"retrieved_at":"2026-09-06T12:43:12.245Z","confidence":"openstreetmap_mapped_unverified","field_verified":false,"layer":"osm_health_facility","facility_type":"hospital","operator":"private"}},{"type":"Feature","geometry":{"type":"Point","coordinates":[3.3473741,6.5174233]},"properties":{"osm_id":"node/11925925666","name":"Ola Omoyenji Maternity Home","named":true,"source":"OpenStreetMap contributors","source_tags":{"amenity":"hospital","name":"Ola Omoyenji Maternity Home","operator":"private"},"retrieved_at":"2026-09-06T12:43:12.245Z","confidence":"openstreetmap_mapped_unverified","field_verified":false,"layer":"osm_health_facility","facility_type":"hospital","operator":"private"}},{"type":"Feature","geometry":{"type":"Point","coordinates":[3.346552,6.5169846]},"properties":{"osm_id":"node/11925925667","name":"Dela Nursing Home","named":true,"source":"OpenStreetMap contributors","source_tags":{"amenity":"hospital","name":"Dela Nursing Home","operator":"private"},"retrieved_at":"2026-09-06T12:43:12.245Z","confidence":"openstreetmap_mapped_unverified","field_verified":false,"layer":"osm_health_facility","facility_type":"hospital","operator":"private"}},{"type":"Feature","geometry":{"type":"Point","coordinates":[3.3442801,6.5164769]},"properties":{"osm_id":"node/11925925668","name":"Betlem Hospital","named":true,"source":"OpenStreetMap contributors","source_tags":{"amenity":"hospital","name":"Betlem Hospital","operator":"private"},"retrieved_at":"2026-09-06T12:43:12.245Z","confidence":"openstreetmap_mapped_unverified","field_verified":false,"layer":"osm_health_facility","facility_type":"hospital","operator":"private"}},{"type":"Feature","geometry":{"type":"Point","coordinates":[3.3441272,6.5162677]},"properties":{"osm_id":"node/11925928169","name":"Risaaj Hospital And Medicure","named":true,"source":"OpenStreetMap contributors","source_tags":{"amenity":"hospital","name":"Risaaj Hospital And Medicure","operator":"private"},"retrieved_at":"2026-09-06T12:43:12.245Z","confidence":"openstreetmap_mapped_unverified","field_verified":false,"layer":"osm_health_facility","facility_type":"hospital","operator":"private"}},{"type":"Feature","geometry":{"type":"Point","coordinates":[3.3447448,6.5145596]},"properties":{"osm_id":"node/11925928170","name":"Alves Primary Health Center","named":true,"source":"OpenStreetMap contributors","source_tags":{"amenity":"hospital","name":"Alves Primary Health Center","operator":"private"},"retrieved_at":"2026-09-06T12:43:12.245Z","confidence":"openstreetmap_mapped_unverified","field_verified":false,"layer":"osm_health_facility","facility_type":"hospital","operator":"private"}},{"type":"Feature","geometry":{"type":"Point","coordinates":[3.3428961,6.5150139]},"properties":{"osm_id":"node/11925928171","name":"Mount Camel Hospital","named":true,"source":"OpenStreetMap contributors","source_tags":{"amenity":"hospital","name":"Mount Camel Hospital","operator":"private"},"retrieved_at":"2026-09-06T12:43:12.245Z","confidence":"openstreetmap_mapped_unverified","field_verified":false,"layer":"osm_health_facility","facility_type":"hospital","operator":"private"}},{"type":"Feature","geometry":{"type":"Point","coordinates":[3.3415738,6.514369]},"properties":{"osm_id":"node/11925928172","name":"Belan Consultant Home","named":true,"source":"OpenStreetMap contributors","source_tags":{"amenity":"hospital","name":"Belan Consultant Home","operator":"private"},"retrieved_at":"2026-09-06T12:43:12.245Z","confidence":"openstreetmap_mapped_unverified","field_verified":false,"layer":"osm_health_facility","facility_type":"hospital","operator":"private"}},{"type":"Feature","geometry":{"type":"Point","coordinates":[3.3391839,6.5240558]},"properties":{"osm_id":"node/11925959169","name":"Phonex Clinic","named":true,"source":"OpenStreetMap contributors","source_tags":{"amenity":"hospital","name":"Phonex Clinic","operator":"private"},"retrieved_at":"2026-09-06T12:43:12.245Z","confidence":"openstreetmap_mapped_unverified","field_verified":false,"layer":"osm_health_facility","facility_type":"hospital","operator":"private"}},{"type":"Feature","geometry":{"type":"Point","coordinates":[3.3392731,6.5211465]},"properties":{"osm_id":"node/11925959170","name":"Mary Anne Hospital","named":true,"source":"OpenStreetMap contributors","source_tags":{"amenity":"hospital","name":"Mary Anne Hospital","operator":"private"},"retrieved_at":"2026-09-06T12:43:12.245Z","confidence":"openstreetmap_mapped_unverified","field_verified":false,"layer":"osm_health_facility","facility_type":"hospital","operator":"private"}},{"type":"Feature","geometry":{"type":"Point","coordinates":[3.337537,6.5201438]},"properties":{"osm_id":"node/11925959171","name":"Ilasa Health Centre","named":true,"source":"OpenStreetMap contributors","source_tags":{"amenity":"hospital","name":"Ilasa Health Centre","operator":"private"},"retrieved_at":"2026-09-06T12:43:12.245Z","confidence":"openstreetmap_mapped_unverified","field_verified":false,"layer":"osm_health_facility","facility_type":"hospital","operator":"private"}},{"type":"Feature","geometry":{"type":"Point","coordinates":[3.3391947,6.5180852]},"properties":{"osm_id":"node/11925959172","name":"Bethlem Hospital","named":true,"source":"OpenStreetMap contributors","source_tags":{"amenity":"hospital","name":"Bethlem Hospital","operator":"private"},"retrieved_at":"2026-09-06T12:43:12.245Z","confidence":"openstreetmap_mapped_unverified","field_verified":false,"layer":"osm_health_facility","facility_type":"hospital","operator":"private"}},{"type":"Feature","geometry":{"type":"Point","coordinates":[3.3335714,6.5120852]},"properties":{"osm_id":"node/11925959173","name":"Zephaniah Maternity Center","named":true,"source":"OpenStreetMap contributors","source_tags":{"amenity":"hospital","name":"Zephaniah Maternity Center","operator":"private"},"retrieved_at":"2026-09-06T12:43:12.245Z","confidence":"openstreetmap_mapped_unverified","field_verified":false,"layer":"osm_health_facility","facility_type":"hospital","operator":"private"}},{"type":"Feature","geometry":{"type":"Point","coordinates":[3.3347318,6.5124986]},"properties":{"osm_id":"node/11925959174","name":"Dans Medical Hospital","named":true,"source":"OpenStreetMap contributors","source_tags":{"amenity":"hospital","name":"Dans Medical Hospital","operator":"private"},"retrieved_at":"2026-09-06T12:43:12.245Z","confidence":"openstreetmap_mapped_unverified","field_verified":false,"layer":"osm_health_facility","facility_type":"hospital","operator":"private"}},{"type":"Feature","geometry":{"type":"Point","coordinates":[3.3372366,6.5099439]},"properties":{"osm_id":"node/11925959175","name":"Itireijesha Primary Health Care","named":true,"source":"OpenStreetMap contributors","source_tags":{"amenity":"hospital","name":"Itireijesha Primary Health Care","operator:type":"public"},"retrieved_at":"2026-09-06T12:43:12.245Z","confidence":"openstreetmap_mapped_unverified","field_verified":false,"layer":"osm_health_facility","facility_type":"hospital","operator":null}},{"type":"Feature","geometry":{"type":"Point","coordinates":[3.3352411,6.5080359]},"properties":{"osm_id":"node/11925959176","name":"Able God Hospital","named":true,"source":"OpenStreetMap contributors","source_tags":{"amenity":"hospital","name":"Able God Hospital","operator":"private"},"retrieved_at":"2026-09-06T12:43:12.245Z","confidence":"openstreetmap_mapped_unverified","field_verified":false,"layer":"osm_health_facility","facility_type":"hospital","operator":"private"}},{"type":"Feature","geometry":{"type":"Point","coordinates":[3.3294193,6.5090219]},"properties":{"osm_id":"node/11925959177","name":"St Femos Conual Home","named":true,"source":"OpenStreetMap contributors","source_tags":{"amenity":"hospital","name":"St Femos Conual Home","operator":"private"},"retrieved_at":"2026-09-06T12:43:12.245Z","confidence":"openstreetmap_mapped_unverified","field_verified":false,"layer":"osm_health_facility","facility_type":"hospital","operator":"private"}},{"type":"Feature","geometry":{"type":"Point","coordinates":[3.3291002,6.5085142]},"properties":{"osm_id":"node/11925959178","name":"Mountain Of Fire Hospital","named":true,"source":"OpenStreetMap contributors","source_tags":{"amenity":"hospital","name":"Mountain Of Fire Hospital","operator":"private"},"retrieved_at":"2026-09-06T12:43:12.245Z","confidence":"openstreetmap_mapped_unverified","field_verified":false,"layer":"osm_health_facility","facility_type":"hospital","operator":"private"}},{"type":"Feature","geometry":{"type":"Point","coordinates":[3.3317381,6.5041024]},"properties":{"osm_id":"node/11925959179","name":"Able God Hospital Maternity","named":true,"source":"OpenStreetMap contributors","source_tags":{"amenity":"hospital","name":"Able God Hospital Maternity","operator":"other"},"retrieved_at":"2026-09-06T12:43:12.245Z","confidence":"openstreetmap_mapped_unverified","field_verified":false,"layer":"osm_health_facility","facility_type":"hospital","operator":"other"}},{"type":"Feature","geometry":{"type":"Point","coordinates":[3.329013,6.5033136]},"properties":{"osm_id":"node/11925959180","name":"Adetutu Clinic Ltd","named":true,"source":"OpenStreetMap contributors","source_tags":{"amenity":"hospital","name":"Adetutu Clinic Ltd","operator":"private"},"retrieved_at":"2026-09-06T12:43:12.245Z","confidence":"openstreetmap_mapped_unverified","field_verified":false,"layer":"osm_health_facility","facility_type":"hospital","operator":"private"}},{"type":"Feature","geometry":{"type":"Point","coordinates":[3.3278207,6.5018372]},"properties":{"osm_id":"node/11925959181","name":"Am Hospital","named":true,"source":"OpenStreetMap contributors","source_tags":{"amenity":"hospital","name":"Am Hospital","operator":"private"},"retrieved_at":"2026-09-06T12:43:12.245Z","confidence":"openstreetmap_mapped_unverified","field_verified":false,"layer":"osm_health_facility","facility_type":"hospital","operator":"private"}},{"type":"Feature","geometry":{"type":"Point","coordinates":[3.3273024,6.4995393]},"properties":{"osm_id":"node/11925959182","name":"Bimtom Hospital","named":true,"source":"OpenStreetMap contributors","source_tags":{"amenity":"hospital","name":"Bimtom Hospital","operator":"private"},"retrieved_at":"2026-09-06T12:43:12.245Z","confidence":"openstreetmap_mapped_unverified","field_verified":false,"layer":"osm_health_facility","facility_type":"hospital","operator":"private"}},{"type":"Feature","geometry":{"type":"Point","coordinates":[3.359904,6.5425148]},"properties":{"osm_id":"node/11925999039","name":"Crusaints Hospital","named":true,"source":"OpenStreetMap contributors","source_tags":{"amenity":"hospital","name":"Crusaints Hospital","operator":"private"},"retrieved_at":"2026-09-06T12:43:12.245Z","confidence":"openstreetmap_mapped_unverified","field_verified":false,"layer":"osm_health_facility","facility_type":"hospital","operator":"private"}},{"type":"Feature","geometry":{"type":"Point","coordinates":[3.359617,6.5453501]},"properties":{"osm_id":"node/11925999040","name":"Iyalode Bisoye","named":true,"source":"OpenStreetMap contributors","source_tags":{"amenity":"hospital","name":"Iyalode Bisoye","operator":"private"},"retrieved_at":"2026-09-06T12:43:12.245Z","confidence":"openstreetmap_mapped_unverified","field_verified":false,"layer":"osm_health_facility","facility_type":"hospital","operator":"private"}},{"type":"Feature","geometry":{"type":"Point","coordinates":[3.3611874,6.546773]},"properties":{"osm_id":"node/11925999041","name":"Nidus Aquilae","named":true,"source":"OpenStreetMap contributors","source_tags":{"amenity":"hospital","name":"Nidus Aquilae","operator":"private"},"retrieved_at":"2026-09-06T12:43:12.245Z","confidence":"openstreetmap_mapped_unverified","field_verified":false,"layer":"osm_health_facility","facility_type":"hospital","operator":"private"}},{"type":"Feature","geometry":{"type":"Point","coordinates":[3.361343,6.5466145]},"properties":{"osm_id":"node/11925999042","name":"Grace Springs Med Clinic","named":true,"source":"OpenStreetMap contributors","source_tags":{"amenity":"hospital","name":"Grace Springs Med Clinic","operator":"private"},"retrieved_at":"2026-09-06T12:43:12.245Z","confidence":"openstreetmap_mapped_unverified","field_verified":false,"layer":"osm_health_facility","facility_type":"hospital","operator":"private"}},{"type":"Feature","geometry":{"type":"Point","coordinates":[3.3616461,6.5485278]},"properties":{"osm_id":"node/11925999043","name":"Coker Primary Health Center","named":true,"source":"OpenStreetMap contributors","source_tags":{"amenity":"hospital","name":"Coker Primary Health Center","operator":"private"},"retrieved_at":"2026-09-06T12:43:12.245Z","confidence":"openstreetmap_mapped_unverified","field_verified":false,"layer":"osm_health_facility","facility_type":"hospital","operator":"private"}},{"type":"Feature","geometry":{"type":"Point","coordinates":[3.359448,6.5483386]},"properties":{"osm_id":"node/11925999044","name":"May Hospital Ilupeju","named":true,"source":"OpenStreetMap contributors","source_tags":{"amenity":"hospital","name":"May Hospital Ilupeju","operator":"private"},"retrieved_at":"2026-09-06T12:43:12.245Z","confidence":"openstreetmap_mapped_unverified","field_verified":false,"layer":"osm_health_facility","facility_type":"hospital","operator":"private"}},{"type":"Feature","geometry":{"type":"Point","coordinates":[3.3597913,6.5488155]},"properties":{"osm_id":"node/11925999045","name":"Mary Anne Med Clinic","named":true,"source":"OpenStreetMap contributors","source_tags":{"amenity":"hospital","name":"Mary Anne Med Clinic","operator":"private"},"retrieved_at":"2026-09-06T12:43:12.245Z","confidence":"openstreetmap_mapped_unverified","field_verified":false,"layer":"osm_health_facility","facility_type":"hospital","operator":"private"}},{"type":"Feature","geometry":{"type":"Point","coordinates":[3.3603492,6.5506195]},"properties":{"osm_id":"node/11925999046","name":"Ufoma Specialist Hospital","named":true,"source":"OpenStreetMap contributors","source_tags":{"amenity":"hospital","name":"Ufoma Specialist Hospital","operator":"private"},"retrieved_at":"2026-09-06T12:43:12.245Z","confidence":"openstreetmap_mapped_unverified","field_verified":false,"layer":"osm_health_facility","facility_type":"hospital","operator":"private"}},{"type":"Feature","geometry":{"type":"Point","coordinates":[3.3603385,6.553618]},"properties":{"osm_id":"node/11925999047","name":"Sharon Clinic","named":true,"source":"OpenStreetMap contributors","source_tags":{"amenity":"hospital","name":"Sharon Clinic","operator":"private"},"retrieved_at":"2026-09-06T12:43:12.245Z","confidence":"openstreetmap_mapped_unverified","field_verified":false,"layer":"osm_health_facility","facility_type":"hospital","operator":"private"}},{"type":"Feature","geometry":{"type":"Point","coordinates":[3.3640601,6.5572946]},"properties":{"osm_id":"node/11925999048","name":"Odonton Ville Dental Clinic","named":true,"source":"OpenStreetMap contributors","source_tags":{"amenity":"hospital","name":"Odonton Ville Dental Clinic","operator":"private"},"retrieved_at":"2026-09-06T12:43:12.245Z","confidence":"openstreetmap_mapped_unverified","field_verified":false,"layer":"osm_health_facility","facility_type":"hospital","operator":"private"}},{"type":"Feature","geometry":{"type":"Point","coordinates":[3.3621597,6.5567563]},"properties":{"osm_id":"node/11925999049","name":"Rosanna Clinic","named":true,"source":"OpenStreetMap contributors","source_tags":{"amenity":"hospital","name":"Rosanna Clinic","operator":"private"},"retrieved_at":"2026-09-06T12:43:12.245Z","confidence":"openstreetmap_mapped_unverified","field_verified":false,"layer":"osm_health_facility","facility_type":"hospital","operator":"private"}},{"type":"Feature","geometry":{"type":"Point","coordinates":[3.356165,6.5561301]},"properties":{"osm_id":"node/11925999050","name":"D2 Staff Clinic","named":true,"source":"OpenStreetMap contributors","source_tags":{"amenity":"hospital","name":"D2 Staff Clinic","operator":"private"},"retrieved_at":"2026-09-06T12:43:12.245Z","confidence":"openstreetmap_mapped_unverified","field_verified":false,"layer":"osm_health_facility","facility_type":"hospital","operator":"private"}},{"type":"Feature","geometry":{"type":"Point","coordinates":[3.354435,6.5546725]},"properties":{"osm_id":"node/11925999051","name":"Glasmithkline Company Clinic","named":true,"source":"OpenStreetMap contributors","source_tags":{"amenity":"hospital","name":"Glasmithkline Company Clinic","operator":"private"},"retrieved_at":"2026-09-06T12:43:12.245Z","confidence":"openstreetmap_mapped_unverified","field_verified":false,"layer":"osm_health_facility","facility_type":"hospital","operator":"private"}},{"type":"Feature","geometry":{"type":"Point","coordinates":[3.3466727,6.5530737]},"properties":{"osm_id":"node/11925999052","name":"Mecure Health Care","named":true,"source":"OpenStreetMap contributors","source_tags":{"amenity":"hospital","name":"Mecure Health Care","operator":"private"},"retrieved_at":"2026-09-06T12:43:12.245Z","confidence":"openstreetmap_mapped_unverified","field_verified":false,"layer":"osm_health_facility","facility_type":"hospital","operator":"private"}},{"type":"Feature","geometry":{"type":"Point","coordinates":[3.3501414,6.5506968]},"properties":{"osm_id":"node/11925999053","name":"Federal Medical Centre","named":true,"source":"OpenStreetMap contributors","source_tags":{"amenity":"hospital","name":"Federal Medical Centre","operator":"private"},"retrieved_at":"2026-09-06T12:43:12.245Z","confidence":"openstreetmap_mapped_unverified","field_verified":false,"layer":"osm_health_facility","facility_type":"hospital","operator":"private"}},{"type":"Feature","geometry":{"type":"Point","coordinates":[3.3486508,6.5482866]},"properties":{"osm_id":"node/11925999054","name":"Federal Neuro Psychatric Hospital Oshodi","named":true,"source":"OpenStreetMap contributors","source_tags":{"amenity":"hospital","name":"Federal Neuro Psychatric Hospital Oshodi","operator":"government"},"retrieved_at":"2026-09-06T12:43:12.245Z","confidence":"openstreetmap_mapped_unverified","field_verified":false,"layer":"osm_health_facility","facility_type":"hospital","operator":"government"}},{"type":"Feature","geometry":{"type":"Point","coordinates":[3.3449507,6.5477523]},"properties":{"osm_id":"node/11925999055","name":"Ladipo","named":true,"source":"OpenStreetMap contributors","source_tags":{"amenity":"hospital","name":"Ladipo","operator":"private"},"retrieved_at":"2026-09-06T12:43:12.245Z","confidence":"openstreetmap_mapped_unverified","field_verified":false,"layer":"osm_health_facility","facility_type":"hospital","operator":"private"}},{"type":"Feature","geometry":{"type":"Point","coordinates":[3.344256,6.5444854]},"properties":{"osm_id":"node/11925999056","name":"Goodhope Clinic and Maternity","named":true,"source":"OpenStreetMap contributors","source_tags":{"amenity":"hospital","name":"Goodhope Clinic and Maternity","operator":"private"},"retrieved_at":"2026-09-06T12:43:12.245Z","confidence":"openstreetmap_mapped_unverified","field_verified":false,"layer":"osm_health_facility","facility_type":"hospital","operator":"private"}},{"type":"Feature","geometry":{"type":"Point","coordinates":[3.3555561,6.5272869]},"properties":{"osm_id":"node/11926018050","name":"Regina Mundi Catholic Hospital","named":true,"source":"OpenStreetMap contributors","source_tags":{"amenity":"hospital","name":"Regina Mundi Catholic Hospital","operator":"mission/Reliiuos"},"retrieved_at":"2026-09-06T12:43:12.245Z","confidence":"openstreetmap_mapped_unverified","field_verified":false,"layer":"osm_health_facility","facility_type":"hospital","operator":"mission/Reliiuos"}},{"type":"Feature","geometry":{"type":"Point","coordinates":[3.3624615,6.5414382]},"properties":{"osm_id":"node/11926018051","name":"Rally Hospital","named":true,"source":"OpenStreetMap contributors","source_tags":{"amenity":"hospital","name":"Rally Hospital","operator":"private"},"retrieved_at":"2026-09-06T12:43:12.245Z","confidence":"openstreetmap_mapped_unverified","field_verified":false,"layer":"osm_health_facility","facility_type":"hospital","operator":"private"}},{"type":"Feature","geometry":{"type":"Point","coordinates":[3.3666913,6.5405376]},"properties":{"osm_id":"node/11926018052","name":"Ultima Medical Hospital","named":true,"source":"OpenStreetMap contributors","source_tags":{"amenity":"hospital","name":"Ultima Medical Hospital","operator":"private"},"retrieved_at":"2026-09-06T12:43:12.245Z","confidence":"openstreetmap_mapped_unverified","field_verified":false,"layer":"osm_health_facility","facility_type":"hospital","operator":"private"}},{"type":"Feature","geometry":{"type":"Point","coordinates":[3.3567122,6.5289577]},"properties":{"osm_id":"node/11926018053","name":"Tolajide Health Centre","named":true,"source":"OpenStreetMap contributors","source_tags":{"amenity":"hospital","name":"Tolajide Health Centre","operator":"private"},"retrieved_at":"2026-09-06T12:43:12.245Z","confidence":"openstreetmap_mapped_unverified","field_verified":false,"layer":"osm_health_facility","facility_type":"hospital","operator":"private"}},{"type":"Feature","geometry":{"type":"Point","coordinates":[3.3640051,6.5392252]},"properties":{"osm_id":"node/11926018054","name":"Mojide Specialist Hospital","named":true,"source":"OpenStreetMap contributors","source_tags":{"amenity":"hospital","name":"Mojide Specialist Hospital","operator":"private"},"retrieved_at":"2026-09-06T12:43:12.245Z","confidence":"openstreetmap_mapped_unverified","field_verified":false,"layer":"osm_health_facility","facility_type":"hospital","operator":"private"}},{"type":"Feature","geometry":{"type":"Point","coordinates":[3.3634472,6.5389614]},"properties":{"osm_id":"node/11926018055","name":"Fafty Clinic","named":true,"source":"OpenStreetMap contributors","source_tags":{"amenity":"hospital","name":"Fafty Clinic","operator":"private"},"retrieved_at":"2026-09-06T12:43:12.245Z","confidence":"openstreetmap_mapped_unverified","field_verified":false,"layer":"osm_health_facility","facility_type":"hospital","operator":"private"}},{"type":"Feature","geometry":{"type":"Point","coordinates":[3.3637798,6.5388068]},"properties":{"osm_id":"node/11926018056","name":"Omo Medical Health Center","named":true,"source":"OpenStreetMap contributors","source_tags":{"amenity":"hospital","name":"Omo Medical Health Center","operator":"private"},"retrieved_at":"2026-09-06T12:43:12.245Z","confidence":"openstreetmap_mapped_unverified","field_verified":false,"layer":"osm_health_facility","facility_type":"hospital","operator":"private"}},{"type":"Feature","geometry":{"type":"Point","coordinates":[3.3502775,6.5374078]},"properties":{"osm_id":"node/11926018057","name":"Fountain Of Grace Hospital","named":true,"source":"OpenStreetMap contributors","source_tags":{"amenity":"hospital","name":"Fountain Of Grace Hospital","operator":"private"},"retrieved_at":"2026-09-06T12:43:12.245Z","confidence":"openstreetmap_mapped_unverified","field_verified":false,"layer":"osm_health_facility","facility_type":"hospital","operator":"private"}},{"type":"Feature","geometry":{"type":"Point","coordinates":[3.3547944,6.5374718]},"properties":{"osm_id":"node/11926018058","name":"Fafolu Mga Center","named":true,"source":"OpenStreetMap contributors","source_tags":{"amenity":"hospital","name":"Fafolu Mga Center","operator":"private"},"retrieved_at":"2026-09-06T12:43:12.245Z","confidence":"openstreetmap_mapped_unverified","field_verified":false,"layer":"osm_health_facility","facility_type":"hospital","operator":"private"}},{"type":"Feature","geometry":{"type":"Point","coordinates":[3.3548588,6.5390013]},"properties":{"osm_id":"node/11926018059","name":"Ebenezer Specialist Clinic and Maternity","named":true,"source":"OpenStreetMap contributors","source_tags":{"amenity":"hospital","name":"Ebenezer Specialist Clinic and Maternity","operator":"private"},"retrieved_at":"2026-09-06T12:43:12.245Z","confidence":"openstreetmap_mapped_unverified","field_verified":false,"layer":"osm_health_facility","facility_type":"hospital","operator":"private"}},{"type":"Feature","geometry":{"type":"Point","coordinates":[3.3534291,6.5367736]},"properties":{"osm_id":"node/11926018060","name":"Merit Medical Clinic","named":true,"source":"OpenStreetMap contributors","source_tags":{"amenity":"hospital","name":"Merit Medical Clinic","operator":"private"},"retrieved_at":"2026-09-06T12:43:12.245Z","confidence":"openstreetmap_mapped_unverified","field_verified":false,"layer":"osm_health_facility","facility_type":"hospital","operator":"private"}},{"type":"Feature","geometry":{"type":"Point","coordinates":[3.3544578,6.5298238]},"properties":{"osm_id":"node/11926018061","name":"Olutoba Clinic","named":true,"source":"OpenStreetMap contributors","source_tags":{"amenity":"hospital","name":"Olutoba Clinic","operator":"private"},"retrieved_at":"2026-09-06T12:43:12.245Z","confidence":"openstreetmap_mapped_unverified","field_verified":false,"layer":"osm_health_facility","facility_type":"hospital","operator":"private"}},{"type":"Feature","geometry":{"type":"Point","coordinates":[3.3562991,6.5335679]},"properties":{"osm_id":"node/11926018062","name":"Heritage Hospital","named":true,"source":"OpenStreetMap contributors","source_tags":{"amenity":"hospital","name":"Heritage Hospital","operator":"private"},"retrieved_at":"2026-09-06T12:43:12.245Z","confidence":"openstreetmap_mapped_unverified","field_verified":false,"layer":"osm_health_facility","facility_type":"hospital","operator":"private"}},{"type":"Feature","geometry":{"type":"Point","coordinates":[3.3553952,6.5346151]},"properties":{"osm_id":"node/11926018063","name":"Fafolu Clinic and Maternity Home","named":true,"source":"OpenStreetMap contributors","source_tags":{"amenity":"hospital","name":"Fafolu Clinic and Maternity Home","operator":"private"},"retrieved_at":"2026-09-06T12:43:12.245Z","confidence":"openstreetmap_mapped_unverified","field_verified":false,"layer":"osm_health_facility","facility_type":"hospital","operator":"private"}},{"type":"Feature","geometry":{"type":"Point","coordinates":[3.3518936,6.5356144]},"properties":{"osm_id":"node/11926018064","name":"Calvaty Med Center","named":true,"source":"OpenStreetMap contributors","source_tags":{"amenity":"hospital","name":"Calvaty Med Center","operator":"private"},"retrieved_at":"2026-09-06T12:43:12.245Z","confidence":"openstreetmap_mapped_unverified","field_verified":false,"layer":"osm_health_facility","facility_type":"hospital","operator":"private"}},{"type":"Feature","geometry":{"type":"Point","coordinates":[3.3525172,6.5343546]},"properties":{"osm_id":"node/11926018065","name":"Divine Favour Maternity Home","named":true,"source":"OpenStreetMap contributors","source_tags":{"amenity":"hospital","name":"Divine Favour Maternity Home","operator":"private"},"retrieved_at":"2026-09-06T12:43:12.245Z","confidence":"openstreetmap_mapped_unverified","field_verified":false,"layer":"osm_health_facility","facility_type":"hospital","operator":"private"}},{"type":"Feature","geometry":{"type":"Point","coordinates":[3.3527331,6.532827]},"properties":{"osm_id":"node/11926018066","name":"Merit Medical Centre Ojuwoyw","named":true,"source":"OpenStreetMap contributors","source_tags":{"amenity":"hospital","name":"Merit Medical Centre Ojuwoyw","operator":"private"},"retrieved_at":"2026-09-06T12:43:12.245Z","confidence":"openstreetmap_mapped_unverified","field_verified":false,"layer":"osm_health_facility","facility_type":"hospital","operator":"private"}},{"type":"Feature","geometry":{"type":"Point","coordinates":[3.3540541,6.5331068]},"properties":{"osm_id":"node/11926018067","name":"Ayatuga Health Care","named":true,"source":"OpenStreetMap contributors","source_tags":{"amenity":"hospital","name":"Ayatuga Health Care","operator":"private"},"retrieved_at":"2026-09-06T12:43:12.245Z","confidence":"openstreetmap_mapped_unverified","field_verified":false,"layer":"osm_health_facility","facility_type":"hospital","operator":"private"}},{"type":"Feature","geometry":{"type":"Point","coordinates":[3.3552021,6.5331175]},"properties":{"osm_id":"node/11926018068","name":"Ayantuga Primary Health Centre","named":true,"source":"OpenStreetMap contributors","source_tags":{"amenity":"hospital","name":"Ayantuga Primary Health Centre","operator":"government"},"retrieved_at":"2026-09-06T12:43:12.245Z","confidence":"openstreetmap_mapped_unverified","field_verified":false,"layer":"osm_health_facility","facility_type":"hospital","operator":"government"}},{"type":"Feature","geometry":{"type":"Point","coordinates":[3.3646367,6.5326059]},"properties":{"osm_id":"node/11926103969","name":"Kayode Health Center Onipanu","named":true,"source":"OpenStreetMap contributors","source_tags":{"amenity":"hospital","name":"Kayode Health Center Onipanu","operator":"government"},"retrieved_at":"2026-09-06T12:43:12.245Z","confidence":"openstreetmap_mapped_unverified","field_verified":false,"layer":"osm_health_facility","facility_type":"hospital","operator":"government"}},{"type":"Feature","geometry":{"type":"Point","coordinates":[3.3658692,6.5307818]},"properties":{"osm_id":"node/11926103970","name":"Legus Specialist Hospital","named":true,"source":"OpenStreetMap contributors","source_tags":{"amenity":"hospital","name":"Legus Specialist Hospital","operator:type":"public"},"retrieved_at":"2026-09-06T12:43:12.245Z","confidence":"openstreetmap_mapped_unverified","field_verified":false,"layer":"osm_health_facility","facility_type":"hospital","operator":null}},{"type":"Feature","geometry":{"type":"Point","coordinates":[3.3585763,6.5288085]},"properties":{"osm_id":"node/11926103971","name":"Redeemtion Medical Clinic","named":true,"source":"OpenStreetMap contributors","source_tags":{"amenity":"hospital","name":"Redeemtion Medical Clinic","operator":"mission/Reliiuos"},"retrieved_at":"2026-09-06T12:43:12.245Z","confidence":"openstreetmap_mapped_unverified","field_verified":false,"layer":"osm_health_facility","facility_type":"hospital","operator":"mission/Reliiuos"}},{"type":"Feature","geometry":{"type":"Point","coordinates":[3.3587185,6.5281423]},"properties":{"osm_id":"node/11926103972","name":"Continental Hospital And Maternity Home","named":true,"source":"OpenStreetMap contributors","source_tags":{"amenity":"hospital","name":"Continental Hospital And Maternity Home","operator":"private"},"retrieved_at":"2026-09-06T12:43:12.245Z","confidence":"openstreetmap_mapped_unverified","field_verified":false,"layer":"osm_health_facility","facility_type":"hospital","operator":"private"}},{"type":"Feature","geometry":{"type":"Point","coordinates":[3.3657673,6.5271457]},"properties":{"osm_id":"node/11926103973","name":"Kajla Primary Health Center","named":true,"source":"OpenStreetMap contributors","source_tags":{"amenity":"hospital","name":"Kajla Primary Health Center","operator:type":"public"},"retrieved_at":"2026-09-06T12:43:12.245Z","confidence":"openstreetmap_mapped_unverified","field_verified":false,"layer":"osm_health_facility","facility_type":"hospital","operator":null}},{"type":"Feature","geometry":{"type":"Point","coordinates":[3.367095,6.520313]},"properties":{"osm_id":"node/11926103974","name":"Jag-Bon Medical Center","named":true,"source":"OpenStreetMap contributors","source_tags":{"amenity":"hospital","name":"Jag-Bon Medical Center","operator":"private"},"retrieved_at":"2026-09-06T12:43:12.245Z","confidence":"openstreetmap_mapped_unverified","field_verified":false,"layer":"osm_health_facility","facility_type":"hospital","operator":"private"}},{"type":"Feature","geometry":{"type":"Point","coordinates":[3.3648741,6.5211258]},"properties":{"osm_id":"node/11926103975","name":"Bm Hospital","named":true,"source":"OpenStreetMap contributors","source_tags":{"amenity":"hospital","name":"Bm Hospital","operator":"private"},"retrieved_at":"2026-09-06T12:43:12.245Z","confidence":"openstreetmap_mapped_unverified","field_verified":false,"layer":"osm_health_facility","facility_type":"hospital","operator":"private"}},{"type":"Feature","geometry":{"type":"Point","coordinates":[3.3455354,6.5381459]},"properties":{"osm_id":"node/11926103976","name":"Debof Clinicks Ltd","named":true,"source":"OpenStreetMap contributors","source_tags":{"amenity":"hospital","name":"Debof Clinicks Ltd","operator":"private"},"retrieved_at":"2026-09-06T12:43:12.245Z","confidence":"openstreetmap_mapped_unverified","field_verified":false,"layer":"osm_health_facility","facility_type":"hospital","operator":"private"}},{"type":"Feature","geometry":{"type":"Point","coordinates":[3.3438456,6.5387948]},"properties":{"osm_id":"node/11926103977","name":"Oluwalase Clinic","named":true,"source":"OpenStreetMap contributors","source_tags":{"amenity":"hospital","name":"Oluwalase Clinic","operator":"private"},"retrieved_at":"2026-09-06T12:43:12.245Z","confidence":"openstreetmap_mapped_unverified","field_verified":false,"layer":"osm_health_facility","facility_type":"hospital","operator":"private"}},{"type":"Feature","geometry":{"type":"Point","coordinates":[3.3498108,6.5365284]},"properties":{"osm_id":"node/11926103978","name":"Palm Avenue Primary Health Centre","named":true,"source":"OpenStreetMap contributors","source_tags":{"amenity":"hospital","name":"Palm Avenue Primary Health Centre","operator":"government"},"retrieved_at":"2026-09-06T12:43:12.245Z","confidence":"openstreetmap_mapped_unverified","field_verified":false,"layer":"osm_health_facility","facility_type":"hospital","operator":"government"}},{"type":"Feature","geometry":{"type":"Point","coordinates":[3.3506745,6.5363019]},"properties":{"osm_id":"node/11926103979","name":"New Bethsaida Hospital Maternity","named":true,"source":"OpenStreetMap contributors","source_tags":{"amenity":"hospital","name":"New Bethsaida Hospital Maternity","operator":"private"},"retrieved_at":"2026-09-06T12:43:12.245Z","confidence":"openstreetmap_mapped_unverified","field_verified":false,"layer":"osm_health_facility","facility_type":"hospital","operator":"private"}},{"type":"Feature","geometry":{"type":"Point","coordinates":[3.347712,6.5326445]},"properties":{"osm_id":"node/11926103980","name":"Cedar Clinic","named":true,"source":"OpenStreetMap contributors","source_tags":{"amenity":"hospital","name":"Cedar Clinic","operator":"private"},"retrieved_at":"2026-09-06T12:43:12.245Z","confidence":"openstreetmap_mapped_unverified","field_verified":false,"layer":"osm_health_facility","facility_type":"hospital","operator":"private"}},{"type":"Feature","geometry":{"type":"Point","coordinates":[3.3460906,6.5342301]},"properties":{"osm_id":"node/11926103981","name":"Mercy Maternity Center","named":true,"source":"OpenStreetMap contributors","source_tags":{"amenity":"hospital","name":"Mercy Maternity Center","operator":"private"},"retrieved_at":"2026-09-06T12:43:12.245Z","confidence":"openstreetmap_mapped_unverified","field_verified":false,"layer":"osm_health_facility","facility_type":"hospital","operator":"private"}},{"type":"Feature","geometry":{"type":"Point","coordinates":[3.3465788,6.5340715]},"properties":{"osm_id":"node/11926103982","name":"Diamond Clinic","named":true,"source":"OpenStreetMap contributors","source_tags":{"amenity":"hospital","name":"Diamond Clinic","operator":"private"},"retrieved_at":"2026-09-06T12:43:12.245Z","confidence":"openstreetmap_mapped_unverified","field_verified":false,"layer":"osm_health_facility","facility_type":"hospital","operator":"private"}},{"type":"Feature","geometry":{"type":"Point","coordinates":[3.3448541,6.534346]},"properties":{"osm_id":"node/11926103983","name":"Hillstar Hospital","named":true,"source":"OpenStreetMap contributors","source_tags":{"amenity":"hospital","name":"Hillstar Hospital","operator":"private"},"retrieved_at":"2026-09-06T12:43:12.245Z","confidence":"openstreetmap_mapped_unverified","field_verified":false,"layer":"osm_health_facility","facility_type":"hospital","operator":"private"}},{"type":"Feature","geometry":{"type":"Point","coordinates":[3.3447012,6.5340462]},"properties":{"osm_id":"node/11926103984","name":"Canvalescent And Health Care Center","named":true,"source":"OpenStreetMap contributors","source_tags":{"amenity":"hospital","name":"Canvalescent And Health Care Center","operator":"private"},"retrieved_at":"2026-09-06T12:43:12.245Z","confidence":"openstreetmap_mapped_unverified","field_verified":false,"layer":"osm_health_facility","facility_type":"hospital","operator":"private"}},{"type":"Feature","geometry":{"type":"Point","coordinates":[3.3476704,6.5313441]},"properties":{"osm_id":"node/11926103985","name":"Nature Hospital","named":true,"source":"OpenStreetMap contributors","source_tags":{"amenity":"hospital","name":"Nature Hospital","operator":"private"},"retrieved_at":"2026-09-06T12:43:12.245Z","confidence":"openstreetmap_mapped_unverified","field_verified":false,"layer":"osm_health_facility","facility_type":"hospital","operator":"private"}},{"type":"Feature","geometry":{"type":"Point","coordinates":[3.3460061,6.5319503]},"properties":{"osm_id":"node/11926103986","name":"John Vic Clinic","named":true,"source":"OpenStreetMap contributors","source_tags":{"amenity":"hospital","name":"John Vic Clinic","operator":"private"},"retrieved_at":"2026-09-06T12:43:12.245Z","confidence":"openstreetmap_mapped_unverified","field_verified":false,"layer":"osm_health_facility","facility_type":"hospital","operator":"private"}},{"type":"Feature","geometry":{"type":"Point","coordinates":[3.3462515,6.5315253]},"properties":{"osm_id":"node/11926103987","name":"Mushin General Hospital","named":true,"source":"OpenStreetMap contributors","source_tags":{"amenity":"hospital","name":"Mushin General Hospital","operator:type":"public"},"retrieved_at":"2026-09-06T12:43:12.245Z","confidence":"openstreetmap_mapped_unverified","field_verified":false,"layer":"osm_health_facility","facility_type":"hospital","operator":null}},{"type":"Feature","geometry":{"type":"Point","coordinates":[3.3437088,6.531879]},"properties":{"osm_id":"node/11926103988","name":"Rembo Hospital","named":true,"source":"OpenStreetMap contributors","source_tags":{"amenity":"hospital","name":"Rembo Hospital","operator":"private"},"retrieved_at":"2026-09-06T12:43:12.245Z","confidence":"openstreetmap_mapped_unverified","field_verified":false,"layer":"osm_health_facility","facility_type":"hospital","operator":"private"}},{"type":"Feature","geometry":{"type":"Point","coordinates":[3.3427352,6.5316625]},"properties":{"osm_id":"node/11926103989","name":"St Andrew Hospital","named":true,"source":"OpenStreetMap contributors","source_tags":{"amenity":"hospital","name":"St Andrew Hospital","operator":"private"},"retrieved_at":"2026-09-06T12:43:12.245Z","confidence":"openstreetmap_mapped_unverified","field_verified":false,"layer":"osm_health_facility","facility_type":"hospital","operator":"private"}},{"type":"Feature","geometry":{"type":"Point","coordinates":[3.3407323,6.5314473]},"properties":{"osm_id":"node/11926103990","name":"Huse Of Peace Specialist Clinic","named":true,"source":"OpenStreetMap contributors","source_tags":{"amenity":"hospital","healthcare":"hospital","name":"Huse Of Peace Specialist Clinic","operator":"private"},"retrieved_at":"2026-09-06T12:43:12.245Z","confidence":"openstreetmap_mapped_unverified","field_verified":false,"layer":"osm_health_facility","facility_type":"hospital","operator":"private"}},{"type":"Feature","geometry":{"type":"Point","coordinates":[3.3419614,6.532839]},"properties":{"osm_id":"node/11926103991","name":"Sentinel Hospital","named":true,"source":"OpenStreetMap contributors","source_tags":{"amenity":"hospital","name":"Sentinel Hospital","operator":"private"},"retrieved_at":"2026-09-06T12:43:12.245Z","confidence":"openstreetmap_mapped_unverified","field_verified":false,"layer":"osm_health_facility","facility_type":"hospital","operator":"private"}},{"type":"Feature","geometry":{"type":"Point","coordinates":[3.3396587,6.5365557]},"properties":{"osm_id":"node/11926103992","name":"Saint Claire Hospital Ltd","named":true,"source":"OpenStreetMap contributors","source_tags":{"amenity":"hospital","name":"Saint Claire Hospital Ltd","operator":"private"},"retrieved_at":"2026-09-06T12:43:12.245Z","confidence":"openstreetmap_mapped_unverified","field_verified":false,"layer":"osm_health_facility","facility_type":"hospital","operator":"private"}},{"type":"Feature","geometry":{"type":"Point","coordinates":[3.3391719,6.5348776]},"properties":{"osm_id":"node/11926103993","name":"Oluwadamilare Maternity Home","named":true,"source":"OpenStreetMap contributors","source_tags":{"amenity":"hospital","name":"Oluwadamilare Maternity Home","operator:type":"public"},"retrieved_at":"2026-09-06T12:43:12.245Z","confidence":"openstreetmap_mapped_unverified","field_verified":false,"layer":"osm_health_facility","facility_type":"hospital","operator":null}},{"type":"Feature","geometry":{"type":"Point","coordinates":[3.3197781,6.4918275]},"properties":{"osm_id":"node/11942279497","name":"The Lords Chosen Mission Hospital","named":true,"source":"OpenStreetMap contributors","source_tags":{"amenity":"hospital","name":"The Lords Chosen Mission Hospital","operator":"private"},"retrieved_at":"2026-09-06T12:43:12.245Z","confidence":"openstreetmap_mapped_unverified","field_verified":false,"layer":"osm_health_facility","facility_type":"hospital","operator":"private"}},{"type":"Feature","geometry":{"type":"Point","coordinates":[3.3156368,6.4628607]},"properties":{"osm_id":"node/11942321671","name":"Olutope Nursing Home","named":true,"source":"OpenStreetMap contributors","source_tags":{"amenity":"hospital","name":"Olutope Nursing Home","operator":"private"},"retrieved_at":"2026-09-06T12:43:12.245Z","confidence":"openstreetmap_mapped_unverified","field_verified":false,"layer":"osm_health_facility","facility_type":"hospital","operator":"private"}},{"type":"Feature","geometry":{"type":"Point","coordinates":[3.3119246,6.4725005]},"properties":{"osm_id":"node/11942321672","name":"Clinic Healthcare","named":true,"source":"OpenStreetMap contributors","source_tags":{"amenity":"hospital","name":"Clinic Healthcare","operator":"private"},"retrieved_at":"2026-09-06T12:43:12.245Z","confidence":"openstreetmap_mapped_unverified","field_verified":false,"layer":"osm_health_facility","facility_type":"hospital","operator":"private"}},{"type":"Feature","geometry":{"type":"Point","coordinates":[3.3042669,6.4708335]},"properties":{"osm_id":"node/11942321673","name":"Panox Hospital and Neurological Center","named":true,"source":"OpenStreetMap contributors","source_tags":{"amenity":"hospital","name":"Panox Hospital and Neurological Center","operator":"private"},"retrieved_at":"2026-09-06T12:43:12.245Z","confidence":"openstreetmap_mapped_unverified","field_verified":false,"layer":"osm_health_facility","facility_type":"hospital","operator":"private"}},{"type":"Feature","geometry":{"type":"Point","coordinates":[3.3073488,6.4702591]},"properties":{"osm_id":"node/11942321674","name":"Bogije Primary Health Center","named":true,"source":"OpenStreetMap contributors","source_tags":{"amenity":"hospital","name":"Bogije Primary Health Center","operator:type":"public"},"retrieved_at":"2026-09-06T12:43:12.245Z","confidence":"openstreetmap_mapped_unverified","field_verified":false,"layer":"osm_health_facility","facility_type":"hospital","operator":null}},{"type":"Feature","geometry":{"type":"Point","coordinates":[3.3060667,6.4699606]},"properties":{"osm_id":"node/11942321675","name":"Cherith Hospital","named":true,"source":"OpenStreetMap contributors","source_tags":{"amenity":"hospital","name":"Cherith Hospital","operator":"private"},"retrieved_at":"2026-09-06T12:43:12.245Z","confidence":"openstreetmap_mapped_unverified","field_verified":false,"layer":"osm_health_facility","facility_type":"hospital","operator":"private"}},{"type":"Feature","geometry":{"type":"Point","coordinates":[3.3122425,6.4677126]},"properties":{"osm_id":"node/11942321676","name":"Zodiak Hospital","named":true,"source":"OpenStreetMap contributors","source_tags":{"amenity":"hospital","name":"Zodiak Hospital","operator":"private"},"retrieved_at":"2026-09-06T12:43:12.245Z","confidence":"openstreetmap_mapped_unverified","field_verified":false,"layer":"osm_health_facility","facility_type":"hospital","operator":"private"}},{"type":"Feature","geometry":{"type":"Point","coordinates":[3.3139665,6.4651954]},"properties":{"osm_id":"node/11942321677","name":"Amc Hospital","named":true,"source":"OpenStreetMap contributors","source_tags":{"amenity":"hospital","name":"Amc Hospital","operator":"private"},"retrieved_at":"2026-09-06T12:43:12.245Z","confidence":"openstreetmap_mapped_unverified","field_verified":false,"layer":"osm_health_facility","facility_type":"hospital","operator":"private"}},{"type":"Feature","geometry":{"type":"Point","coordinates":[3.3057864,6.4592374]},"properties":{"osm_id":"node/11942321678","name":"Hf Dental Eye Clinic","named":true,"source":"OpenStreetMap contributors","source_tags":{"amenity":"hospital","name":"Hf Dental Eye Clinic","operator:type":"public"},"retrieved_at":"2026-09-06T12:43:12.245Z","confidence":"openstreetmap_mapped_unverified","field_verified":false,"layer":"osm_health_facility","facility_type":"hospital","operator":null}},{"type":"Feature","geometry":{"type":"Point","coordinates":[3.3064985,6.4641826]},"properties":{"osm_id":"node/11942321679","name":"Deoyefemi Clinic Block 4 Jakande Estate Mile 2","named":true,"source":"OpenStreetMap contributors","source_tags":{"amenity":"hospital","name":"Deoyefemi Clinic Block 4 Jakande Estate Mile 2","operator":"private"},"retrieved_at":"2026-09-06T12:43:12.245Z","confidence":"openstreetmap_mapped_unverified","field_verified":false,"layer":"osm_health_facility","facility_type":"hospital","operator":"private"}},{"type":"Feature","geometry":{"type":"Point","coordinates":[3.311706,6.4631738]},"properties":{"osm_id":"node/11942321680","name":"Jes And Jes Mosque Road Jakande Estate","named":true,"source":"OpenStreetMap contributors","source_tags":{"amenity":"hospital","name":"Jes And Jes Mosque Road Jakande Estate","operator":"private"},"retrieved_at":"2026-09-06T12:43:12.245Z","confidence":"openstreetmap_mapped_unverified","field_verified":false,"layer":"osm_health_facility","facility_type":"hospital","operator":"private"}},{"type":"Feature","geometry":{"type":"Point","coordinates":[3.3041798,6.4592507]},"properties":{"osm_id":"node/11942321681","name":"Jeokem Hospital","named":true,"source":"OpenStreetMap contributors","source_tags":{"amenity":"hospital","name":"Jeokem Hospital","operator":"private"},"retrieved_at":"2026-09-06T12:43:12.245Z","confidence":"openstreetmap_mapped_unverified","field_verified":false,"layer":"osm_health_facility","facility_type":"hospital","operator":"private"}},{"type":"Feature","geometry":{"type":"Point","coordinates":[3.3000143,6.4585418]},"properties":{"osm_id":"node/11942321682","name":"Safehands Medical Centre","named":true,"source":"OpenStreetMap contributors","source_tags":{"amenity":"hospital","name":"Safehands Medical Centre","operator":"private"},"retrieved_at":"2026-09-06T12:43:12.245Z","confidence":"openstreetmap_mapped_unverified","field_verified":false,"layer":"osm_health_facility","facility_type":"hospital","operator":"private"}},{"type":"Feature","geometry":{"type":"Point","coordinates":[3.3033389,6.457457]},"properties":{"osm_id":"node/11942321683","name":"Blessed Assurance Maternity Home","named":true,"source":"OpenStreetMap contributors","source_tags":{"amenity":"hospital","name":"Blessed Assurance Maternity Home","operator":"private"},"retrieved_at":"2026-09-06T12:43:12.245Z","confidence":"openstreetmap_mapped_unverified","field_verified":false,"layer":"osm_health_facility","facility_type":"hospital","operator":"private"}},{"type":"Feature","geometry":{"type":"Point","coordinates":[3.3063564,6.456239]},"properties":{"osm_id":"node/11942321684","name":"Adetunji Memorial Hospital","named":true,"source":"OpenStreetMap contributors","source_tags":{"amenity":"hospital","name":"Adetunji Memorial Hospital","operator:type":"public"},"retrieved_at":"2026-09-06T12:43:12.245Z","confidence":"openstreetmap_mapped_unverified","field_verified":false,"layer":"osm_health_facility","facility_type":"hospital","operator":null}},{"type":"Feature","geometry":{"type":"Point","coordinates":[3.2957228,6.4701539]},"properties":{"osm_id":"node/11942350426","name":"Levan Hospital First Avenue G Close Festac Town","named":true,"source":"OpenStreetMap contributors","source_tags":{"amenity":"hospital","healthcare":"hospital","name":"Levan Hospital First Avenue G Close Festac Town","operator":"private"},"retrieved_at":"2026-09-06T12:43:12.245Z","confidence":"openstreetmap_mapped_unverified","field_verified":false,"layer":"osm_health_facility","facility_type":"hospital","operator":"private"}},{"type":"Feature","geometry":{"type":"Point","coordinates":[3.289445,6.4756533]},"properties":{"osm_id":"node/11942350427","name":"Emel Specialist Hospital Festac Town","named":true,"source":"OpenStreetMap contributors","source_tags":{"amenity":"hospital","name":"Emel Specialist Hospital Festac Town","operator":"private"},"retrieved_at":"2026-09-06T12:43:12.245Z","confidence":"openstreetmap_mapped_unverified","field_verified":false,"layer":"osm_health_facility","facility_type":"hospital","operator":"private"}},{"type":"Feature","geometry":{"type":"Point","coordinates":[3.2929105,6.4700939]},"properties":{"osm_id":"node/11942350428","name":"Pentecost Medical Center 112 Festac Town","named":true,"source":"OpenStreetMap contributors","source_tags":{"amenity":"hospital","healthcare":"hospital","name":"Pentecost Medical Center 112 Festac Town","operator":"private"},"retrieved_at":"2026-09-06T12:43:12.245Z","confidence":"openstreetmap_mapped_unverified","field_verified":false,"layer":"osm_health_facility","facility_type":"hospital","operator":"private"}},{"type":"Feature","geometry":{"type":"Point","coordinates":[3.2889321,6.468101]},"properties":{"osm_id":"node/11942350429","name":"Praise Medical Center","named":true,"source":"OpenStreetMap contributors","source_tags":{"amenity":"hospital","name":"Praise Medical Center","operator":"private"},"retrieved_at":"2026-09-06T12:43:12.245Z","confidence":"openstreetmap_mapped_unverified","field_verified":false,"layer":"osm_health_facility","facility_type":"hospital","operator":"private"}},{"type":"Feature","geometry":{"type":"Point","coordinates":[3.2864825,6.4683895]},"properties":{"osm_id":"node/11942350430","name":"Faith Care Hospital","named":true,"source":"OpenStreetMap contributors","source_tags":{"amenity":"hospital","name":"Faith Care Hospital","operator":"private"},"retrieved_at":"2026-09-06T12:43:12.245Z","confidence":"openstreetmap_mapped_unverified","field_verified":false,"layer":"osm_health_facility","facility_type":"hospital","operator":"private"}},{"type":"Feature","geometry":{"type":"Point","coordinates":[3.2859307,6.4677386]},"properties":{"osm_id":"node/11942350431","name":"Zodiac Hospital","named":true,"source":"OpenStreetMap contributors","source_tags":{"amenity":"hospital","name":"Zodiac Hospital","operator":"private"},"retrieved_at":"2026-09-06T12:43:12.245Z","confidence":"openstreetmap_mapped_unverified","field_verified":false,"layer":"osm_health_facility","facility_type":"hospital","operator":"private"}},{"type":"Feature","geometry":{"type":"Point","coordinates":[3.2850033,6.4671383]},"properties":{"osm_id":"node/11942350432","name":"Holy Rosary Medical Center","named":true,"source":"OpenStreetMap contributors","source_tags":{"amenity":"hospital","name":"Holy Rosary Medical Center","operator":"private"},"retrieved_at":"2026-09-06T12:43:12.245Z","confidence":"openstreetmap_mapped_unverified","field_verified":false,"layer":"osm_health_facility","facility_type":"hospital","operator":"private"}},{"type":"Feature","geometry":{"type":"Point","coordinates":[3.2859253,6.4666852]},"properties":{"osm_id":"node/11942350433","name":"Godspower Specialist Clinic Hospital And Matanity","named":true,"source":"OpenStreetMap contributors","source_tags":{"amenity":"hospital","name":"Godspower Specialist Clinic Hospital And Matanity","operator":"private"},"retrieved_at":"2026-09-06T12:43:12.245Z","confidence":"openstreetmap_mapped_unverified","field_verified":false,"layer":"osm_health_facility","facility_type":"hospital","operator":"private"}},{"type":"Feature","geometry":{"type":"Point","coordinates":[3.2957791,6.4683509]},"properties":{"osm_id":"node/11942350434","name":"Neb's Clinic and Health Care Service","named":true,"source":"OpenStreetMap contributors","source_tags":{"amenity":"hospital","healthcare":"hospital","name":"Neb's Clinic and Health Care Service","operator":"private"},"retrieved_at":"2026-09-06T12:43:12.245Z","confidence":"openstreetmap_mapped_unverified","field_verified":false,"layer":"osm_health_facility","facility_type":"hospital","operator":"private"}},{"type":"Feature","geometry":{"type":"Point","coordinates":[3.2984921,6.4649528]},"properties":{"osm_id":"node/11942350435","name":"Sheperd Specialist Hospital","named":true,"source":"OpenStreetMap contributors","source_tags":{"amenity":"hospital","healthcare":"hospital","name":"Sheperd Specialist Hospital","operator":"private"},"retrieved_at":"2026-09-06T12:43:12.245Z","confidence":"openstreetmap_mapped_unverified","field_verified":false,"layer":"osm_health_facility","facility_type":"hospital","operator":"private"}},{"type":"Feature","geometry":{"type":"Point","coordinates":[3.2873248,6.4652274]},"properties":{"osm_id":"node/11942350436","name":"St Clements Hospital","named":true,"source":"OpenStreetMap contributors","source_tags":{"amenity":"hospital","name":"St Clements Hospital","operator":"private"},"retrieved_at":"2026-09-06T12:43:12.245Z","confidence":"openstreetmap_mapped_unverified","field_verified":false,"layer":"osm_health_facility","facility_type":"hospital","operator":"private"}},{"type":"Feature","geometry":{"type":"Point","coordinates":[3.2935488,6.4657777]},"properties":{"osm_id":"node/11942350437","name":"Royal Oak Hospital","named":true,"source":"OpenStreetMap contributors","source_tags":{"amenity":"hospital","healthcare":"hospital","name":"Royal Oak Hospital","operator":"private"},"retrieved_at":"2026-09-06T12:43:12.245Z","confidence":"openstreetmap_mapped_unverified","field_verified":false,"layer":"osm_health_facility","facility_type":"hospital","operator":"private"}},{"type":"Feature","geometry":{"type":"Point","coordinates":[3.2952514,6.4646537]},"properties":{"osm_id":"node/11942350438","name":"Lasapienza Hospital and Maternity","named":true,"source":"OpenStreetMap contributors","source_tags":{"amenity":"hospital","healthcare":"hospital","name":"Lasapienza Hospital and Maternity","operator":"private"},"retrieved_at":"2026-09-06T12:43:12.245Z","confidence":"openstreetmap_mapped_unverified","field_verified":false,"layer":"osm_health_facility","facility_type":"hospital","operator":"private"}},{"type":"Feature","geometry":{"type":"Point","coordinates":[3.2955042,6.4633351]},"properties":{"osm_id":"node/11942350439","name":"St Judes Hospital Maternity","named":true,"source":"OpenStreetMap contributors","source_tags":{"amenity":"hospital","healthcare":"hospital","name":"St Judes Hospital Maternity","operator":"private"},"retrieved_at":"2026-09-06T12:43:12.245Z","confidence":"openstreetmap_mapped_unverified","field_verified":false,"layer":"osm_health_facility","facility_type":"hospital","operator":"private"}},{"type":"Feature","geometry":{"type":"Point","coordinates":[3.2951535,6.4589649]},"properties":{"osm_id":"node/11942350440","name":"Fravyn Maternity","named":true,"source":"OpenStreetMap contributors","source_tags":{"amenity":"hospital","name":"Fravyn Maternity","operator":"private"},"retrieved_at":"2026-09-06T12:43:12.245Z","confidence":"openstreetmap_mapped_unverified","field_verified":false,"layer":"osm_health_facility","facility_type":"hospital","operator":"private"}},{"type":"Feature","geometry":{"type":"Point","coordinates":[3.2959856,6.4589769]},"properties":{"osm_id":"node/11942350441","name":"Common Sight Ltd","named":true,"source":"OpenStreetMap contributors","source_tags":{"amenity":"hospital","name":"Common Sight Ltd","operator":"private"},"retrieved_at":"2026-09-06T12:43:12.245Z","confidence":"openstreetmap_mapped_unverified","field_verified":false,"layer":"osm_health_facility","facility_type":"hospital","operator":"private"}},{"type":"Feature","geometry":{"type":"Point","coordinates":[3.2941228,6.4577236]},"properties":{"osm_id":"node/11942350442","name":"Makal Medical Center","named":true,"source":"OpenStreetMap contributors","source_tags":{"amenity":"hospital","name":"Makal Medical Center","operator":"private"},"retrieved_at":"2026-09-06T12:43:12.245Z","confidence":"openstreetmap_mapped_unverified","field_verified":false,"layer":"osm_health_facility","facility_type":"hospital","operator":"private"}},{"type":"Feature","geometry":{"type":"Point","coordinates":[3.2929346,6.4583206]},"properties":{"osm_id":"node/11942350443","name":"Macfin Medical Clinic","named":true,"source":"OpenStreetMap contributors","source_tags":{"amenity":"hospital","name":"Macfin Medical Clinic","operator":"private"},"retrieved_at":"2026-09-06T12:43:12.245Z","confidence":"openstreetmap_mapped_unverified","field_verified":false,"layer":"osm_health_facility","facility_type":"hospital","operator":"private"}},{"type":"Feature","geometry":{"type":"Point","coordinates":[3.2912824,6.4590935]},"properties":{"osm_id":"node/11942350444","name":"Agboju Primary Health Care Centre","named":true,"source":"OpenStreetMap contributors","source_tags":{"amenity":"hospital","healthcare":"hospital","name":"Agboju Primary Health Care Centre","operator:type":"public"},"retrieved_at":"2026-09-06T12:43:12.245Z","confidence":"openstreetmap_mapped_unverified","field_verified":false,"layer":"osm_health_facility","facility_type":"hospital","operator":null}},{"type":"Feature","geometry":{"type":"Point","coordinates":[3.286736,6.4581567]},"properties":{"osm_id":"node/11942350445","name":"Golden Care Hospital","named":true,"source":"OpenStreetMap contributors","source_tags":{"amenity":"hospital","name":"Golden Care Hospital","operator":"private"},"retrieved_at":"2026-09-06T12:43:12.245Z","confidence":"openstreetmap_mapped_unverified","field_verified":false,"layer":"osm_health_facility","facility_type":"hospital","operator":"private"}},{"type":"Feature","geometry":{"type":"Point","coordinates":[3.2968748,6.4567894]},"properties":{"osm_id":"node/11942350446","name":"Far East Maternity Center","named":true,"source":"OpenStreetMap contributors","source_tags":{"amenity":"hospital","name":"Far East Maternity Center","operator":"private"},"retrieved_at":"2026-09-06T12:43:12.245Z","confidence":"openstreetmap_mapped_unverified","field_verified":false,"layer":"osm_health_facility","facility_type":"hospital","operator":"private"}},{"type":"Feature","geometry":{"type":"Point","coordinates":[3.2927126,6.455682]},"properties":{"osm_id":"node/11942350447","name":"St Grace Nursing and Convascent Home","named":true,"source":"OpenStreetMap contributors","source_tags":{"amenity":"hospital","name":"St Grace Nursing and Convascent Home","operator":"private"},"retrieved_at":"2026-09-06T12:43:12.245Z","confidence":"openstreetmap_mapped_unverified","field_verified":false,"layer":"osm_health_facility","facility_type":"hospital","operator":"private"}},{"type":"Feature","geometry":{"type":"Point","coordinates":[3.2916337,6.4522586]},"properties":{"osm_id":"node/11942350448","name":"Eromon Specialist Hospital","named":true,"source":"OpenStreetMap contributors","source_tags":{"amenity":"hospital","name":"Eromon Specialist Hospital","operator":"private"},"retrieved_at":"2026-09-06T12:43:12.245Z","confidence":"openstreetmap_mapped_unverified","field_verified":false,"layer":"osm_health_facility","facility_type":"hospital","operator":"private"}},{"type":"Feature","geometry":{"type":"Point","coordinates":[3.2741618,6.4708521]},"properties":{"osm_id":"node/11942424908","name":"Pathcare Laboratories","named":true,"source":"OpenStreetMap contributors","source_tags":{"amenity":"hospital","name":"Pathcare Laboratories","operator":"private"},"retrieved_at":"2026-09-06T12:43:12.245Z","confidence":"openstreetmap_mapped_unverified","field_verified":false,"layer":"osm_health_facility","facility_type":"hospital","operator":"private"}},{"type":"Feature","geometry":{"type":"Point","coordinates":[3.27408,6.4706469]},"properties":{"osm_id":"node/11942424909","name":"Linopmedical Laboratory Services","named":true,"source":"OpenStreetMap contributors","source_tags":{"amenity":"hospital","name":"Linopmedical Laboratory Services","operator":"private"},"retrieved_at":"2026-09-06T12:43:12.245Z","confidence":"openstreetmap_mapped_unverified","field_verified":false,"layer":"osm_health_facility","facility_type":"hospital","operator":"private"}},{"type":"Feature","geometry":{"type":"Point","coordinates":[3.2782991,6.4701285]},"properties":{"osm_id":"node/11942424910","name":"Renue Clinic","named":true,"source":"OpenStreetMap contributors","source_tags":{"amenity":"hospital","name":"Renue Clinic","operator":"private"},"retrieved_at":"2026-09-06T12:43:12.245Z","confidence":"openstreetmap_mapped_unverified","field_verified":false,"layer":"osm_health_facility","facility_type":"hospital","operator":"private"}},{"type":"Feature","geometry":{"type":"Point","coordinates":[3.2780966,6.4690358]},"properties":{"osm_id":"node/11942424911","name":"Primecare Hospital Festac","named":true,"source":"OpenStreetMap contributors","source_tags":{"amenity":"hospital","name":"Primecare Hospital Festac","operator":"private"},"retrieved_at":"2026-09-06T12:43:12.245Z","confidence":"openstreetmap_mapped_unverified","field_verified":false,"layer":"osm_health_facility","facility_type":"hospital","operator":"private"}},{"type":"Feature","geometry":{"type":"Point","coordinates":[3.2714729,6.4645584]},"properties":{"osm_id":"node/11942424912","name":"De Marvel Hospitalsabo Crown Hospital","named":true,"source":"OpenStreetMap contributors","source_tags":{"amenity":"hospital","name":"De Marvel Hospitalsabo Crown Hospital","operator":"private"},"retrieved_at":"2026-09-06T12:43:12.245Z","confidence":"openstreetmap_mapped_unverified","field_verified":false,"layer":"osm_health_facility","facility_type":"hospital","operator":"private"}},{"type":"Feature","geometry":{"type":"Point","coordinates":[3.2837695,6.4694543]},"properties":{"osm_id":"node/11942424913","name":"Festac Primary Health Centre","named":true,"source":"OpenStreetMap contributors","source_tags":{"amenity":"hospital","name":"Festac Primary Health Centre","operator":"private"},"retrieved_at":"2026-09-06T12:43:12.245Z","confidence":"openstreetmap_mapped_unverified","field_verified":false,"layer":"osm_health_facility","facility_type":"hospital","operator":"private"}},{"type":"Feature","geometry":{"type":"Point","coordinates":[3.2833041,6.4681337]},"properties":{"osm_id":"node/11942424914","name":"Golden Cross Hospital Festac","named":true,"source":"OpenStreetMap contributors","source_tags":{"amenity":"hospital","name":"Golden Cross Hospital Festac","operator":"mission/religious"},"retrieved_at":"2026-09-06T12:43:12.245Z","confidence":"openstreetmap_mapped_unverified","field_verified":false,"layer":"osm_health_facility","facility_type":"hospital","operator":"mission/religious"}},{"type":"Feature","geometry":{"type":"Point","coordinates":[3.2830212,6.4683802]},"properties":{"osm_id":"node/11942424915","name":"Holy Family Catholic Church Medical Centre Festac","named":true,"source":"OpenStreetMap contributors","source_tags":{"amenity":"hospital","name":"Holy Family Catholic Church Medical Centre Festac","operator":"mission/religious"},"retrieved_at":"2026-09-06T12:43:12.245Z","confidence":"openstreetmap_mapped_unverified","field_verified":false,"layer":"osm_health_facility","facility_type":"hospital","operator":"mission/religious"}},{"type":"Feature","geometry":{"type":"Point","coordinates":[3.2840994,6.4675061]},"properties":{"osm_id":"node/11942424916","name":"The Hosanna Hospital","named":true,"source":"OpenStreetMap contributors","source_tags":{"amenity":"hospital","name":"The Hosanna Hospital","operator":"private"},"retrieved_at":"2026-09-06T12:43:12.245Z","confidence":"openstreetmap_mapped_unverified","field_verified":false,"layer":"osm_health_facility","facility_type":"hospital","operator":"private"}},{"type":"Feature","geometry":{"type":"Point","coordinates":[3.283866,6.4632738]},"properties":{"osm_id":"node/11942424917","name":"Bethesda Family Clinic And Maternity","named":true,"source":"OpenStreetMap contributors","source_tags":{"amenity":"hospital","name":"Bethesda Family Clinic And Maternity","operator":"private"},"retrieved_at":"2026-09-06T12:43:12.245Z","confidence":"openstreetmap_mapped_unverified","field_verified":false,"layer":"osm_health_facility","facility_type":"hospital","operator":"private"}},{"type":"Feature","geometry":{"type":"Point","coordinates":[3.2841249,6.4626635]},"properties":{"osm_id":"node/11942424918","name":"Firstline Hospital Festac","named":true,"source":"OpenStreetMap contributors","source_tags":{"amenity":"hospital","name":"Firstline Hospital Festac","operator":"private"},"retrieved_at":"2026-09-06T12:43:12.245Z","confidence":"openstreetmap_mapped_unverified","field_verified":false,"layer":"osm_health_facility","facility_type":"hospital","operator":"private"}},{"type":"Feature","geometry":{"type":"Point","coordinates":[3.2766187,6.4568974]},"properties":{"osm_id":"node/11942424919","name":"Elbethel Hospital","named":true,"source":"OpenStreetMap contributors","source_tags":{"amenity":"hospital","name":"Elbethel Hospital","operator":"private"},"retrieved_at":"2026-09-06T12:43:12.245Z","confidence":"openstreetmap_mapped_unverified","field_verified":false,"layer":"osm_health_facility","facility_type":"hospital","operator":"private"}},{"type":"Feature","geometry":{"type":"Point","coordinates":[3.2821199,6.4516509]},"properties":{"osm_id":"node/11942424920","name":"Nigerian Navy Reference Hospital","named":true,"source":"OpenStreetMap contributors","source_tags":{"amenity":"hospital","name":"Nigerian Navy Reference Hospital","operator":"private"},"retrieved_at":"2026-09-06T12:43:12.245Z","confidence":"openstreetmap_mapped_unverified","field_verified":false,"layer":"osm_health_facility","facility_type":"hospital","operator":"private"}},{"type":"Feature","geometry":{"type":"Point","coordinates":[3.3325555,6.4206234]},"properties":{"osm_id":"node/11970671716","name":"Igbologun Medical Centre","named":true,"source":"OpenStreetMap contributors","source_tags":{"amenity":"hospital","name":"Igbologun Medical Centre","operator":"State"},"retrieved_at":"2026-09-06T12:43:12.245Z","confidence":"openstreetmap_mapped_unverified","field_verified":false,"layer":"osm_health_facility","facility_type":"hospital","operator":"State"}},{"type":"Feature","geometry":{"type":"Point","coordinates":[3.3286428,6.4177241]},"properties":{"osm_id":"node/11970671717","name":"Igbologun Primary Health Center Snake Island","named":true,"source":"OpenStreetMap contributors","source_tags":{"amenity":"hospital","name":"Igbologun Primary Health Center Snake Island","operator:type":"public"},"retrieved_at":"2026-09-06T12:43:12.245Z","confidence":"openstreetmap_mapped_unverified","field_verified":false,"layer":"osm_health_facility","facility_type":"hospital","operator":null}},{"type":"Feature","geometry":{"type":"Point","coordinates":[3.3465493,6.4267238]},"properties":{"osm_id":"node/11970682230","name":"Nanti","named":true,"source":"OpenStreetMap contributors","source_tags":{"amenity":"hospital","name":"Nanti"},"retrieved_at":"2026-09-06T12:43:12.245Z","confidence":"openstreetmap_mapped_unverified","field_verified":false,"layer":"osm_health_facility","facility_type":"hospital","operator":null}},{"type":"Feature","geometry":{"type":"Point","coordinates":[3.2544288,6.4249233]},"properties":{"osm_id":"node/11975012213","name":"Oriom Clinic","named":true,"source":"OpenStreetMap contributors","source_tags":{"amenity":"hospital","healthcare":"hospital","name":"Oriom Clinic","operator":"private"},"retrieved_at":"2026-09-06T12:43:12.245Z","confidence":"openstreetmap_mapped_unverified","field_verified":false,"layer":"osm_health_facility","facility_type":"hospital","operator":"private"}},{"type":"Feature","geometry":{"type":"Point","coordinates":[3.2454273,6.4213624]},"properties":{"osm_id":"node/11975012214","name":"Outreach Medical Service","named":true,"source":"OpenStreetMap contributors","source_tags":{"amenity":"hospital","name":"Outreach Medical Service","operator":"private"},"retrieved_at":"2026-09-06T12:43:12.245Z","confidence":"openstreetmap_mapped_unverified","field_verified":false,"layer":"osm_health_facility","facility_type":"hospital","operator":"private"}},{"type":"Feature","geometry":{"type":"Point","coordinates":[3.2523206,6.4137527]},"properties":{"osm_id":"node/11975012215","name":"Igbologun Medical Center","named":true,"source":"OpenStreetMap contributors","source_tags":{"amenity":"hospital","name":"Igbologun Medical Center","operator:type":"public"},"retrieved_at":"2026-09-06T12:43:12.245Z","confidence":"openstreetmap_mapped_unverified","field_verified":false,"layer":"osm_health_facility","facility_type":"hospital","operator":null}},{"type":"Feature","geometry":{"type":"Point","coordinates":[3.2743549,6.4223233]},"properties":{"osm_id":"node/11975020406","name":"Far East Medical Center","named":true,"source":"OpenStreetMap contributors","source_tags":{"amenity":"hospital","name":"Far East Medical Center","operator":"private"},"retrieved_at":"2026-09-06T12:43:12.245Z","confidence":"openstreetmap_mapped_unverified","field_verified":false,"layer":"osm_health_facility","facility_type":"hospital","operator":"private"}},{"type":"Feature","geometry":{"type":"Point","coordinates":[3.2338093,6.4266452]},"properties":{"osm_id":"node/11975050294","name":"Irede Primary Health Centre","named":true,"source":"OpenStreetMap contributors","source_tags":{"amenity":"hospital","name":"Irede Primary Health Centre","operator:type":"public"},"retrieved_at":"2026-09-06T12:43:12.245Z","confidence":"openstreetmap_mapped_unverified","field_verified":false,"layer":"osm_health_facility","facility_type":"hospital","operator":null}},{"type":"Feature","geometry":{"type":"Point","coordinates":[3.2002549,6.4182879]},"properties":{"osm_id":"node/11975057900","name":"Iyagbe Maternity Centre","named":true,"source":"OpenStreetMap contributors","source_tags":{"amenity":"hospital","name":"Iyagbe Maternity Centre","operator:type":"public"},"retrieved_at":"2026-09-06T12:43:12.245Z","confidence":"openstreetmap_mapped_unverified","field_verified":false,"layer":"osm_health_facility","facility_type":"hospital","operator":null}},{"type":"Feature","geometry":{"type":"Point","coordinates":[3.3206686,6.4485139]},"properties":{"osm_id":"node/11975079559","name":"Hilton Hospital","named":true,"source":"OpenStreetMap contributors","source_tags":{"amenity":"hospital","name":"Hilton Hospital","operator":"private"},"retrieved_at":"2026-09-06T12:43:12.245Z","confidence":"openstreetmap_mapped_unverified","field_verified":false,"layer":"osm_health_facility","facility_type":"hospital","operator":"private"}},{"type":"Feature","geometry":{"type":"Point","coordinates":[3.3307752,6.443242]},"properties":{"osm_id":"node/11975079560","name":"Ibafon Primary Health Center","named":true,"source":"OpenStreetMap contributors","source_tags":{"amenity":"hospital","name":"Ibafon Primary Health Center","operator:type":"public"},"retrieved_at":"2026-09-06T12:43:12.245Z","confidence":"openstreetmap_mapped_unverified","field_verified":false,"layer":"osm_health_facility","facility_type":"hospital","operator":null}},{"type":"Feature","geometry":{"type":"Point","coordinates":[3.3109456,6.4462778]},"properties":{"osm_id":"node/11975079561","name":"St Joseph Mission Clinic","named":true,"source":"OpenStreetMap contributors","source_tags":{"amenity":"hospital","name":"St Joseph Mission Clinic","operator":"mission/religious"},"retrieved_at":"2026-09-06T12:43:12.245Z","confidence":"openstreetmap_mapped_unverified","field_verified":false,"layer":"osm_health_facility","facility_type":"hospital","operator":"mission/religious"}},{"type":"Feature","geometry":{"type":"Point","coordinates":[3.3119468,6.4428902]},"properties":{"osm_id":"node/11975079562","name":"The Point Clinic","named":true,"source":"OpenStreetMap contributors","source_tags":{"amenity":"hospital","name":"The Point Clinic","operator":"private"},"retrieved_at":"2026-09-06T12:43:12.245Z","confidence":"openstreetmap_mapped_unverified","field_verified":false,"layer":"osm_health_facility","facility_type":"hospital","operator":"private"}},{"type":"Feature","geometry":{"type":"Point","coordinates":[3.3120386,6.4416056]},"properties":{"osm_id":"node/11975079563","name":"Aminat Convalesce Home","named":true,"source":"OpenStreetMap contributors","source_tags":{"amenity":"hospital","name":"Aminat Convalesce Home","operator":"private"},"retrieved_at":"2026-09-06T12:43:12.245Z","confidence":"openstreetmap_mapped_unverified","field_verified":false,"layer":"osm_health_facility","facility_type":"hospital","operator":"private"}},{"type":"Feature","geometry":{"type":"Point","coordinates":[3.3118978,6.4388124]},"properties":{"osm_id":"node/11975079564","name":"Asheco Hospital","named":true,"source":"OpenStreetMap contributors","source_tags":{"amenity":"hospital","name":"Asheco Hospital","operator":"private"},"retrieved_at":"2026-09-06T12:43:12.245Z","confidence":"openstreetmap_mapped_unverified","field_verified":false,"layer":"osm_health_facility","facility_type":"hospital","operator":"private"}},{"type":"Feature","geometry":{"type":"Point","coordinates":[3.2774971,6.4467495]},"properties":{"osm_id":"node/11975117976","name":"Grace View Medical Center","named":true,"source":"OpenStreetMap contributors","source_tags":{"amenity":"hospital","name":"Grace View Medical Center","operator":"private"},"retrieved_at":"2026-09-06T12:43:12.245Z","confidence":"openstreetmap_mapped_unverified","field_verified":false,"layer":"osm_health_facility","facility_type":"hospital","operator":"private"}},{"type":"Feature","geometry":{"type":"Point","coordinates":[3.2798119,6.4481701]},"properties":{"osm_id":"node/11975117977","name":"Jes 7 Jes Clinic Amuwo Housing","named":true,"source":"OpenStreetMap contributors","source_tags":{"amenity":"hospital","name":"Jes 7 Jes Clinic Amuwo Housing","operator":"private"},"retrieved_at":"2026-09-06T12:43:12.245Z","confidence":"openstreetmap_mapped_unverified","field_verified":false,"layer":"osm_health_facility","facility_type":"hospital","operator":"private"}},{"type":"Feature","geometry":{"type":"Point","coordinates":[3.2608929,6.4557813]},"properties":{"osm_id":"node/11975119548","name":"Kexpress Clinic","named":true,"source":"OpenStreetMap contributors","source_tags":{"amenity":"hospital","name":"Kexpress Clinic","operator":"private"},"retrieved_at":"2026-09-06T12:43:12.245Z","confidence":"openstreetmap_mapped_unverified","field_verified":false,"layer":"osm_health_facility","facility_type":"hospital","operator":"private"}},{"type":"Feature","geometry":{"type":"Point","coordinates":[3.2619672,6.4557233]},"properties":{"osm_id":"node/11975119549","name":"Dunamis House Medical Center","named":true,"source":"OpenStreetMap contributors","source_tags":{"amenity":"hospital","name":"Dunamis House Medical Center","operator":"private"},"retrieved_at":"2026-09-06T12:43:12.245Z","confidence":"openstreetmap_mapped_unverified","field_verified":false,"layer":"osm_health_facility","facility_type":"hospital","operator":"private"}},{"type":"Feature","geometry":{"type":"Point","coordinates":[3.2625472,6.453204]},"properties":{"osm_id":"node/11975119550","name":"Rhowil Total Care Medical Center","named":true,"source":"OpenStreetMap contributors","source_tags":{"amenity":"hospital","name":"Rhowil Total Care Medical Center","operator":"private"},"retrieved_at":"2026-09-06T12:43:12.245Z","confidence":"openstreetmap_mapped_unverified","field_verified":false,"layer":"osm_health_facility","facility_type":"hospital","operator":"private"}},{"type":"Feature","geometry":{"type":"Point","coordinates":[3.2605657,6.4542575]},"properties":{"osm_id":"node/11975119551","name":"Life Hope Multi Medical Center","named":true,"source":"OpenStreetMap contributors","source_tags":{"amenity":"hospital","name":"Life Hope Multi Medical Center","operator":"private"},"retrieved_at":"2026-09-06T12:43:12.245Z","confidence":"openstreetmap_mapped_unverified","field_verified":false,"layer":"osm_health_facility","facility_type":"hospital","operator":"private"}},{"type":"Feature","geometry":{"type":"Point","coordinates":[3.2420866,6.4675367]},"properties":{"osm_id":"node/11975119552","name":"Shalom Riyyah Hospital And Maternity","named":true,"source":"OpenStreetMap contributors","source_tags":{"amenity":"hospital","name":"Shalom Riyyah Hospital And Maternity","operator":"private"},"retrieved_at":"2026-09-06T12:43:12.245Z","confidence":"openstreetmap_mapped_unverified","field_verified":false,"layer":"osm_health_facility","facility_type":"hospital","operator":"private"}},{"type":"Feature","geometry":{"type":"Point","coordinates":[3.2417527,6.46519]},"properties":{"osm_id":"node/11975119553","name":"Norex Clinic","named":true,"source":"OpenStreetMap contributors","source_tags":{"amenity":"hospital","name":"Norex Clinic","operator":"private"},"retrieved_at":"2026-09-06T12:43:12.245Z","confidence":"openstreetmap_mapped_unverified","field_verified":false,"layer":"osm_health_facility","facility_type":"hospital","operator":"private"}},{"type":"Feature","geometry":{"type":"Point","coordinates":[3.2454561,6.4531161]},"properties":{"osm_id":"node/11975119554","name":"Agbaju Primary Health Center","named":true,"source":"OpenStreetMap contributors","source_tags":{"amenity":"hospital","name":"Agbaju Primary Health Center","operator:type":"public"},"retrieved_at":"2026-09-06T12:43:12.245Z","confidence":"openstreetmap_mapped_unverified","field_verified":false,"layer":"osm_health_facility","facility_type":"hospital","operator":null}},{"type":"Feature","geometry":{"type":"Point","coordinates":[3.2520369,6.4529548]},"properties":{"osm_id":"node/11975119555","name":"Divine Care Neighborhood Clinic And Maternity Satellite Town","named":true,"source":"OpenStreetMap contributors","source_tags":{"amenity":"hospital","name":"Divine Care Neighborhood Clinic And Maternity Satellite Town","operator":"private"},"retrieved_at":"2026-09-06T12:43:12.245Z","confidence":"openstreetmap_mapped_unverified","field_verified":false,"layer":"osm_health_facility","facility_type":"hospital","operator":"private"}},{"type":"Feature","geometry":{"type":"Point","coordinates":[3.2562956,6.4517575]},"properties":{"osm_id":"node/11975119556","name":"Hopeland Hospital","named":true,"source":"OpenStreetMap contributors","source_tags":{"amenity":"hospital","name":"Hopeland Hospital","operator":"private"},"retrieved_at":"2026-09-06T12:43:12.245Z","confidence":"openstreetmap_mapped_unverified","field_verified":false,"layer":"osm_health_facility","facility_type":"hospital","operator":"private"}},{"type":"Feature","geometry":{"type":"Point","coordinates":[3.2564941,6.4509872]},"properties":{"osm_id":"node/11975119557","name":"Outreach Specialist Hospital","named":true,"source":"OpenStreetMap contributors","source_tags":{"amenity":"hospital","name":"Outreach Specialist Hospital","operator:type":"public"},"retrieved_at":"2026-09-06T12:43:12.245Z","confidence":"openstreetmap_mapped_unverified","field_verified":false,"layer":"osm_health_facility","facility_type":"hospital","operator":null}},{"type":"Feature","geometry":{"type":"Point","coordinates":[3.256643,6.4486838]},"properties":{"osm_id":"node/11975119558","name":"Charles Henry Specialist Hospital","named":true,"source":"OpenStreetMap contributors","source_tags":{"amenity":"hospital","name":"Charles Henry Specialist Hospital","operator":"private"},"retrieved_at":"2026-09-06T12:43:12.245Z","confidence":"openstreetmap_mapped_unverified","field_verified":false,"layer":"osm_health_facility","facility_type":"hospital","operator":"private"}},{"type":"Feature","geometry":{"type":"Point","coordinates":[3.2608272,6.44841]},"properties":{"osm_id":"node/11975119559","name":"Irede Primary Health Center Riverine","named":true,"source":"OpenStreetMap contributors","source_tags":{"amenity":"hospital","name":"Irede Primary Health Center Riverine","operator:type":"public"},"retrieved_at":"2026-09-06T12:43:12.245Z","confidence":"openstreetmap_mapped_unverified","field_verified":false,"layer":"osm_health_facility","facility_type":"hospital","operator":null}},{"type":"Feature","geometry":{"type":"Point","coordinates":[3.2646802,6.4497333]},"properties":{"osm_id":"node/11975119560","name":"Satellite Town Primary Health Care Center","named":true,"source":"OpenStreetMap contributors","source_tags":{"amenity":"hospital","name":"Satellite Town Primary Health Care Center","operator":"private"},"retrieved_at":"2026-09-06T12:43:12.245Z","confidence":"openstreetmap_mapped_unverified","field_verified":false,"layer":"osm_health_facility","facility_type":"hospital","operator":"private"}},{"type":"Feature","geometry":{"type":"Point","coordinates":[3.2614616,6.4457401]},"properties":{"osm_id":"node/11975127997","name":"Holy Family Hospital and Maternity Home","named":true,"source":"OpenStreetMap contributors","source_tags":{"amenity":"hospital","name":"Holy Family Hospital and Maternity Home","operator":"private"},"retrieved_at":"2026-09-06T12:43:12.245Z","confidence":"openstreetmap_mapped_unverified","field_verified":false,"layer":"osm_health_facility","facility_type":"hospital","operator":"private"}},{"type":"Feature","geometry":{"type":"Point","coordinates":[3.2663083,6.4420493]},"properties":{"osm_id":"node/11975127998","name":"Bengoz Maternity Home","named":true,"source":"OpenStreetMap contributors","source_tags":{"amenity":"hospital","name":"Bengoz Maternity Home","operator":"private"},"retrieved_at":"2026-09-06T12:43:12.245Z","confidence":"openstreetmap_mapped_unverified","field_verified":false,"layer":"osm_health_facility","facility_type":"hospital","operator":"private"}},{"type":"Feature","geometry":{"type":"Point","coordinates":[3.2650986,6.4413071]},"properties":{"osm_id":"node/11975127999","name":"Irede Primary Health Center","named":true,"source":"OpenStreetMap contributors","source_tags":{"amenity":"hospital","name":"Irede Primary Health Center","operator:type":"public"},"retrieved_at":"2026-09-06T12:43:12.245Z","confidence":"openstreetmap_mapped_unverified","field_verified":false,"layer":"osm_health_facility","facility_type":"hospital","operator":null}},{"type":"Feature","geometry":{"type":"Point","coordinates":[3.2636301,6.4413204]},"properties":{"osm_id":"node/11975128000","name":"De Uzoma Clinic","named":true,"source":"OpenStreetMap contributors","source_tags":{"amenity":"hospital","name":"De Uzoma Clinic","operator":"private"},"retrieved_at":"2026-09-06T12:43:12.245Z","confidence":"openstreetmap_mapped_unverified","field_verified":false,"layer":"osm_health_facility","facility_type":"hospital","operator":"private"}},{"type":"Feature","geometry":{"type":"Point","coordinates":[3.259295,6.4345972]},"properties":{"osm_id":"node/11975128001","name":"Orion Clinic","named":true,"source":"OpenStreetMap contributors","source_tags":{"amenity":"hospital","name":"Orion Clinic","operator":"private"},"retrieved_at":"2026-09-06T12:43:12.245Z","confidence":"openstreetmap_mapped_unverified","field_verified":false,"layer":"osm_health_facility","facility_type":"hospital","operator":"private"}},{"type":"Feature","geometry":{"type":"Point","coordinates":[3.2316582,6.4548372]},"properties":{"osm_id":"node/11975219713","name":"Joycy Hospital Saka Adisa Street Abule Osun","named":true,"source":"OpenStreetMap contributors","source_tags":{"amenity":"hospital","name":"Joycy Hospital Saka Adisa Street Abule Osun","operator":"private"},"retrieved_at":"2026-09-06T12:43:12.245Z","confidence":"openstreetmap_mapped_unverified","field_verified":false,"layer":"osm_health_facility","facility_type":"hospital","operator":"private"}},{"type":"Feature","geometry":{"type":"Point","coordinates":[3.3868421,6.5527493]},"properties":{"osm_id":"node/12110032961","name":"Unnamed (OSM node/12110032961)","named":false,"source":"OpenStreetMap contributors","source_tags":{"amenity":"hospital","healthcare":"hospital"},"retrieved_at":"2026-09-06T12:43:12.245Z","confidence":"openstreetmap_mapped_unverified","field_verified":false,"layer":"osm_health_facility","facility_type":"hospital","operator":null}},{"type":"Feature","geometry":{"type":"Point","coordinates":[3.4207899,6.6009752]},"properties":{"osm_id":"node/12281555810","name":"Good shepherd Catholic church hospital","named":true,"source":"OpenStreetMap contributors","source_tags":{"amenity":"hospital","facility_manager":"private/individual","name":"Good shepherd Catholic church hospital","operator":"private/individual","source:position":"gps","status":"functional","users_PLWD":"yes","users_boy":"yes","users_elderly":"yes","users_female":"yes","users_girl":"yes","users_men":"yes"},"retrieved_at":"2026-09-06T12:43:12.245Z","confidence":"openstreetmap_mapped_unverified","field_verified":false,"layer":"osm_health_facility","facility_type":"hospital","operator":"private/individual"}},{"type":"Feature","geometry":{"type":"Point","coordinates":[3.4208514,6.6072503]},"properties":{"osm_id":"node/12281555811","name":"Barry Medical Clinic","named":true,"source":"OpenStreetMap contributors","source_tags":{"amenity":"hospital","facility_manager":"private/individual","name":"Barry Medical Clinic","operator":"private/individual","source:position":"gps","status":"functional","users_PLWD":"yes","users_boy":"yes","users_elderly":"yes","users_female":"yes","users_girl":"yes","users_men":"yes"},"retrieved_at":"2026-09-06T12:43:12.245Z","confidence":"openstreetmap_mapped_unverified","field_verified":false,"layer":"osm_health_facility","facility_type":"hospital","operator":"private/individual"}},{"type":"Feature","geometry":{"type":"Point","coordinates":[3.4300369,6.6055412]},"properties":{"osm_id":"node/12281555812","name":"Layo clinic","named":true,"source":"OpenStreetMap contributors","source_tags":{"amenity":"hospital","facility_manager":"private/individual","name":"Layo clinic","operator":"private/individual","source:position":"gps","status":"functional","users_PLWD":"yes","users_boy":"yes","users_elderly":"yes","users_female":"yes","users_girl":"yes","users_men":"yes"},"retrieved_at":"2026-09-06T12:43:12.245Z","confidence":"openstreetmap_mapped_unverified","field_verified":false,"layer":"osm_health_facility","facility_type":"hospital","operator":"private/individual"}},{"type":"Feature","geometry":{"type":"Point","coordinates":[3.423843,6.6080355]},"properties":{"osm_id":"node/12281555813","name":"dan's medical centre hospital","named":true,"source":"OpenStreetMap contributors","source_tags":{"amenity":"hospital","facility_manager":"private/individual","name":"dan's medical centre hospital","operator":"private/individual","source:position":"gps","status":"functional","users_PLWD":"yes","users_boy":"yes","users_elderly":"yes","users_female":"yes","users_girl":"yes","users_men":"yes"},"retrieved_at":"2026-09-06T12:43:12.245Z","confidence":"openstreetmap_mapped_unverified","field_verified":false,"layer":"osm_health_facility","facility_type":"hospital","operator":"private/individual"}},{"type":"Feature","geometry":{"type":"Point","coordinates":[3.4310909,6.6072722]},"properties":{"osm_id":"node/12281555814","name":"Ajegunle Primary Health care Centre","named":true,"source":"OpenStreetMap contributors","source_tags":{"amenity":"hospital","facility_manager":"local government","name":"Ajegunle Primary Health care Centre","operator":"local government","source:position":"gps","status":"functional","users_PLWD":"yes","users_boy":"yes","users_elderly":"yes","users_female":"yes","users_girl":"yes","users_men":"yes"},"retrieved_at":"2026-09-06T12:43:12.245Z","confidence":"openstreetmap_mapped_unverified","field_verified":false,"layer":"osm_health_facility","facility_type":"hospital","operator":"local government"}},{"type":"Feature","geometry":{"type":"Point","coordinates":[3.4149575,6.6068512]},"properties":{"osm_id":"node/12281555815","name":"vertiarg hospital","named":true,"source":"OpenStreetMap contributors","source_tags":{"amenity":"hospital","facility_manager":"private/individual","name":"vertiarg hospital","operator":"private/individual","source:position":"gps","status":"functional","users_PLWD":"yes","users_boy":"yes","users_elderly":"yes","users_female":"yes","users_girl":"yes","users_men":"yes"},"retrieved_at":"2026-09-06T12:43:12.245Z","confidence":"openstreetmap_mapped_unverified","field_verified":false,"layer":"osm_health_facility","facility_type":"hospital","operator":"private/individual"}},{"type":"Feature","geometry":{"type":"Point","coordinates":[3.4230459,6.6064179]},"properties":{"osm_id":"node/12281555816","name":"calvary medical centre","named":true,"source":"OpenStreetMap contributors","source_tags":{"amenity":"hospital","facility_manager":"private/individual","name":"calvary medical centre","operator":"private/individual","source:position":"gps","status":"functional","users_PLWD":"yes","users_boy":"yes","users_elderly":"yes","users_female":"yes","users_girl":"yes","users_men":"yes"},"retrieved_at":"2026-09-06T12:43:12.245Z","confidence":"openstreetmap_mapped_unverified","field_verified":false,"layer":"osm_health_facility","facility_type":"hospital","operator":"private/individual"}},{"type":"Feature","geometry":{"type":"Point","coordinates":[3.4224352,6.606741]},"properties":{"osm_id":"node/12281555817","name":"kingfield diagnostic services","named":true,"source":"OpenStreetMap contributors","source_tags":{"amenity":"hospital","facility_manager":"private/individual","name":"kingfield diagnostic services","operator":"private/individual","source:position":"gps","status":"functional","users_PLWD":"no","users_boy":"yes","users_elderly":"yes","users_female":"yes","users_girl":"yes","users_men":"yes"},"retrieved_at":"2026-09-06T12:43:12.245Z","confidence":"openstreetmap_mapped_unverified","field_verified":false,"layer":"osm_health_facility","facility_type":"hospital","operator":"private/individual"}},{"type":"Feature","geometry":{"type":"Point","coordinates":[3.420809,6.607275]},"properties":{"osm_id":"node/12281555824","name":"Carry medical clinic","named":true,"source":"OpenStreetMap contributors","source_tags":{"amenity":"clinic","facility_manager":"private/individual","name":"Carry medical clinic","operator":"private/individual","source:position":"gps","status":"functional","users_PLWD":"yes","users_boy":"yes","users_elderly":"yes","users_female":"yes","users_girl":"yes","users_men":"yes"},"retrieved_at":"2026-09-06T12:43:12.245Z","confidence":"openstreetmap_mapped_unverified","field_verified":false,"layer":"osm_health_facility","facility_type":"clinic","operator":"private/individual"}},{"type":"Feature","geometry":{"type":"Point","coordinates":[3.4215831,6.5988653]},"properties":{"osm_id":"node/12281555825","name":"Josemaria specialist clinic","named":true,"source":"OpenStreetMap contributors","source_tags":{"amenity":"clinic","facility_manager":"private/individual","name":"Josemaria specialist clinic","operator":"private/individual","source:position":"gps","status":"functional","users_PLWD":"yes","users_boy":"yes","users_elderly":"yes","users_female":"yes","users_girl":"yes","users_men":"yes"},"retrieved_at":"2026-09-06T12:43:12.245Z","confidence":"openstreetmap_mapped_unverified","field_verified":false,"layer":"osm_health_facility","facility_type":"clinic","operator":"private/individual"}},{"type":"Feature","geometry":{"type":"Point","coordinates":[3.4181207,6.601154]},"properties":{"osm_id":"node/12281555826","name":"Donas Hospital","named":true,"source":"OpenStreetMap contributors","source_tags":{"amenity":"clinic","facility_manager":"private/individual","name":"Donas Hospital","operator":"private/individual","source:position":"gps","status":"functional","users_PLWD":"yes","users_boy":"yes","users_elderly":"yes","users_female":"yes","users_girl":"yes","users_men":"yes"},"retrieved_at":"2026-09-06T12:43:12.245Z","confidence":"openstreetmap_mapped_unverified","field_verified":false,"layer":"osm_health_facility","facility_type":"clinic","operator":"private/individual"}},{"type":"Feature","geometry":{"type":"Point","coordinates":[3.2337858,6.5250008]},"properties":{"osm_id":"node/12282713900","name":"Lord's own medical center","named":true,"source":"OpenStreetMap contributors","source_tags":{"amenity":"hospital","facility_use":"health care","name":"Lord's own medical center","operator":"private/ individual","source":"survey","source:position":"gps","status":"functional","users_PLWD":"yes","users_boy":"yes","users_elderly":"yes","users_female":"yes","users_girl":"yes","users_men":"yes"},"retrieved_at":"2026-09-06T12:43:12.245Z","confidence":"openstreetmap_mapped_unverified","field_verified":false,"layer":"osm_health_facility","facility_type":"hospital","operator":"private/ individual"}},{"type":"Feature","geometry":{"type":"Point","coordinates":[3.2388417,6.5285637]},"properties":{"osm_id":"node/12282723401","name":"Babatunde Sanwo-Olu primary health care center Okerube","named":true,"source":"OpenStreetMap contributors","source_tags":{"amenity":"hospital","facility_use":"health care","name":"Babatunde Sanwo-Olu primary health care center Okerube","operator":"state government","source":"survey","source:position":"gps","status":"functional","users_PLWD":"yes","users_boy":"yes","users_elderly":"yes","users_female":"yes","users_girl":"yes","users_men":"yes"},"retrieved_at":"2026-09-06T12:43:12.245Z","confidence":"openstreetmap_mapped_unverified","field_verified":false,"layer":"osm_health_facility","facility_type":"hospital","operator":"state government"}},{"type":"Feature","geometry":{"type":"Point","coordinates":[3.2372613,6.5204337]},"properties":{"osm_id":"node/12282723406","name":"Temitope faith clinic and maternity house","named":true,"source":"OpenStreetMap contributors","source_tags":{"amenity":"hospital","facility_use":"essential healthcare facility that provides patients in need with specialised medical care, nursing care, and necessary medical supplies","name":"Temitope faith clinic and maternity house","operator":"private/ individual","source":"survey","source:position":"gps","status":"functional","users_PLWD":"yes","users_boy":"yes","users_elderly":"yes","users_female":"yes","users_girl":"yes","users_men":"yes"},"retrieved_at":"2026-09-06T12:43:12.245Z","confidence":"openstreetmap_mapped_unverified","field_verified":false,"layer":"osm_health_facility","facility_type":"hospital","operator":"private/ individual"}},{"type":"Feature","geometry":{"type":"Point","coordinates":[3.2373504,6.5303443]},"properties":{"osm_id":"node/12282723407","name":"Elisafe faith maternity home","named":true,"source":"OpenStreetMap contributors","source_tags":{"amenity":"clinic","facility_use":"for birth attandance","name":"Elisafe faith maternity home","operator":"private/ individual","source":"survey","source:position":"gps","status":"functional","users_PLWD":"no","users_boy":"no","users_elderly":"no","users_female":"yes","users_girl":"no","users_men":"no"},"retrieved_at":"2026-09-06T12:43:12.245Z","confidence":"openstreetmap_mapped_unverified","field_verified":false,"layer":"osm_health_facility","facility_type":"clinic","operator":"private/ individual"}},{"type":"Feature","geometry":{"type":"Point","coordinates":[3.2368086,6.5326196]},"properties":{"osm_id":"node/12282723408","name":"Orthopedic hospital","named":true,"source":"OpenStreetMap contributors","source_tags":{"amenity":"hospital","facility_use":"pile stroke","name":"Orthopedic hospital","operator":"private/ individual","source":"survey","source:position":"gps","status":"functional","users_PLWD":"no","users_boy":"yes","users_elderly":"yes","users_female":"yes","users_girl":"yes","users_men":"yes"},"retrieved_at":"2026-09-06T12:43:12.245Z","confidence":"openstreetmap_mapped_unverified","field_verified":false,"layer":"osm_health_facility","facility_type":"hospital","operator":"private/ individual"}},{"type":"Feature","geometry":{"type":"Point","coordinates":[3.2370546,6.529012]},"properties":{"osm_id":"node/12282723410","name":"Better life Hospital","named":true,"source":"OpenStreetMap contributors","source_tags":{"amenity":"hospital","facility_use":"medical","name":"Better life Hospital","operator":"private/ individual","source":"survey","source:position":"gps","status":"functional","users_PLWD":"yes","users_boy":"yes","users_elderly":"yes","users_female":"yes","users_girl":"yes","users_men":"yes"},"retrieved_at":"2026-09-06T12:43:12.245Z","confidence":"openstreetmap_mapped_unverified","field_verified":false,"layer":"osm_health_facility","facility_type":"hospital","operator":"private/ individual"}},{"type":"Feature","geometry":{"type":"Point","coordinates":[3.3879416,6.5542207]},"properties":{"osm_id":"way/394119616","name":"Gbagada General Hospital","named":true,"source":"OpenStreetMap contributors","source_tags":{"amenity":"hospital","healthcare":"hospital","name":"Gbagada General Hospital","wikidata":"Q48743188","wikipedia":"en:Gbagada General Hospital"},"retrieved_at":"2026-09-06T12:43:12.245Z","confidence":"openstreetmap_mapped_unverified","field_verified":false,"layer":"osm_health_facility","facility_type":"hospital","operator":null}},{"type":"Feature","geometry":{"type":"Point","coordinates":[3.3681755,6.532734]},"properties":{"osm_id":"way/525043228","name":"National Orthopaedic Hospital Igbobi","named":true,"source":"OpenStreetMap contributors","source_tags":{"amenity":"hospital","healthcare":"hospital","healthcare:speciality":"orthopaedics","name":"National Orthopaedic Hospital Igbobi","short_name":"NOHIL","website":"https://www.nohlagos.gov.ng/","wikidata":"Q23023017","wikipedia":"en:National Orthopaedic Hospital"},"retrieved_at":"2026-09-06T12:43:12.245Z","confidence":"openstreetmap_mapped_unverified","field_verified":false,"layer":"osm_health_facility","facility_type":"hospital","operator":null}},{"type":"Feature","geometry":{"type":"Point","coordinates":[3.4369585,6.4460012]},"properties":{"osm_id":"way/556508170","name":"Gold Cross Hospital - Bourdillon","named":true,"source":"OpenStreetMap contributors","source_tags":{"addr:city":"Lagos","addr:housenumber":"17B","addr:street":"Bourdillon Road","amenity":"hospital","healthcare":"hospital","name":"Gold Cross Hospital - Bourdillon"},"retrieved_at":"2026-09-06T12:43:12.245Z","confidence":"openstreetmap_mapped_unverified","field_verified":false,"layer":"osm_health_facility","facility_type":"hospital","operator":null}},{"type":"Feature","geometry":{"type":"Point","coordinates":[3.3568566,6.5834889]},"properties":{"osm_id":"way/568367654","name":"Reddington Hospital - Ikeja GRA","named":true,"source":"OpenStreetMap contributors","source_tags":{"amenity":"hospital","healthcare":"hospital","name":"Reddington Hospital - Ikeja GRA"},"retrieved_at":"2026-09-06T12:43:12.245Z","confidence":"openstreetmap_mapped_unverified","field_verified":false,"layer":"osm_health_facility","facility_type":"hospital","operator":null}},{"type":"Feature","geometry":{"type":"Point","coordinates":[3.420182,6.4332741]},"properties":{"osm_id":"way/594743340","name":"Reddington Hospital","named":true,"source":"OpenStreetMap contributors","source_tags":{"addr:street":"Idowu Martins Street","amenity":"hospital","healthcare":"hospital","name":"Reddington Hospital"},"retrieved_at":"2026-09-06T12:43:12.245Z","confidence":"openstreetmap_mapped_unverified","field_verified":false,"layer":"osm_health_facility","facility_type":"hospital","operator":null}},{"type":"Feature","geometry":{"type":"Point","coordinates":[3.4560403,6.4394408]},"properties":{"osm_id":"way/595195260","name":"Eye Foundation Hospital & Laser Centre","named":true,"source":"OpenStreetMap contributors","source_tags":{"amenity":"hospital","healthcare":"hospital","name":"Eye Foundation Hospital & Laser Centre"},"retrieved_at":"2026-09-06T12:43:12.245Z","confidence":"openstreetmap_mapped_unverified","field_verified":false,"layer":"osm_health_facility","facility_type":"hospital","operator":null}},{"type":"Feature","geometry":{"type":"Point","coordinates":[3.4562046,6.4396793]},"properties":{"osm_id":"way/595195261","name":"Unnamed (OSM way/595195261)","named":false,"source":"OpenStreetMap contributors","source_tags":{"amenity":"hospital","building":"yes","height":"11"},"retrieved_at":"2026-09-06T12:43:12.245Z","confidence":"openstreetmap_mapped_unverified","field_verified":false,"layer":"osm_health_facility","facility_type":"hospital","operator":null}},{"type":"Feature","geometry":{"type":"Point","coordinates":[3.505188,6.4344648]},"properties":{"osm_id":"way/643481485","name":"St. Kizito Clinic & Maternity Ward","named":true,"source":"OpenStreetMap contributors","source_tags":{"amenity":"hospital","healthcare":"hospital","name":"St. Kizito Clinic & Maternity Ward"},"retrieved_at":"2026-09-06T12:43:12.245Z","confidence":"openstreetmap_mapped_unverified","field_verified":false,"layer":"osm_health_facility","facility_type":"hospital","operator":null}},{"type":"Feature","geometry":{"type":"Point","coordinates":[3.4290805,6.4433276]},"properties":{"osm_id":"way/659370489","name":"Nigerian Police Hospital - Falomo","named":true,"source":"OpenStreetMap contributors","source_tags":{"amenity":"hospital","healthcare":"hospital","name":"Nigerian Police Hospital - Falomo"},"retrieved_at":"2026-09-06T12:43:12.245Z","confidence":"openstreetmap_mapped_unverified","field_verified":false,"layer":"osm_health_facility","facility_type":"hospital","operator":null}},{"type":"Feature","geometry":{"type":"Point","coordinates":[3.3958197,6.4485127]},"properties":{"osm_id":"way/672092174","name":"General Hospital Lagos","named":true,"source":"OpenStreetMap contributors","source_tags":{"amenity":"hospital","healthcare":"hospital","name":"General Hospital Lagos","start_date":"1893","website":"http://www.ghlagos.org.ng","wikidata":"Q19874986","wikipedia":"en:Lagos Island General Hospital"},"retrieved_at":"2026-09-06T12:43:12.245Z","confidence":"openstreetmap_mapped_unverified","field_verified":false,"layer":"osm_health_facility","facility_type":"hospital","operator":null}},{"type":"Feature","geometry":{"type":"Point","coordinates":[3.4001552,6.4569427]},"properties":{"osm_id":"way/679723520","name":"Staff clinic","named":true,"source":"OpenStreetMap contributors","source_tags":{"amenity":"clinic","building":"yes","healthcare":"clinic","name":"Staff clinic"},"retrieved_at":"2026-09-06T12:43:12.245Z","confidence":"openstreetmap_mapped_unverified","field_verified":false,"layer":"osm_health_facility","facility_type":"clinic","operator":null}},{"type":"Feature","geometry":{"type":"Point","coordinates":[3.3444917,6.5909877]},"properties":{"osm_id":"way/704991085","name":"Lagos State University Teaching Hospital","named":true,"source":"OpenStreetMap contributors","source_tags":{"amenity":"hospital","healthcare":"hospital","name":"Lagos State University Teaching Hospital","short_name":"LASUTH","wikidata":"Q28449098","wikipedia":"en:Lagos State University Teaching Hospital"},"retrieved_at":"2026-09-06T12:43:12.245Z","confidence":"openstreetmap_mapped_unverified","field_verified":false,"layer":"osm_health_facility","facility_type":"hospital","operator":null}},{"type":"Feature","geometry":{"type":"Point","coordinates":[3.2510138,6.5627677]},"properties":{"osm_id":"way/705800031","name":"Alimosho General Hospital Igando","named":true,"source":"OpenStreetMap contributors","source_tags":{"amenity":"hospital","healthcare":"hospital","healthcare:speciality":"general","name":"Alimosho General Hospital Igando"},"retrieved_at":"2026-09-06T12:43:12.245Z","confidence":"openstreetmap_mapped_unverified","field_verified":false,"layer":"osm_health_facility","facility_type":"hospital","operator":null}},{"type":"Feature","geometry":{"type":"Point","coordinates":[3.4057919,6.4443262]},"properties":{"osm_id":"way/705859954","name":"Onikan Health Centre","named":true,"source":"OpenStreetMap contributors","source_tags":{"amenity":"hospital","check_date":"2026-03-03","healthcare":"hospital","name":"Onikan Health Centre"},"retrieved_at":"2026-09-06T12:43:12.245Z","confidence":"openstreetmap_mapped_unverified","field_verified":false,"layer":"osm_health_facility","facility_type":"hospital","operator":null}},{"type":"Feature","geometry":{"type":"Point","coordinates":[3.3979508,6.4494278]},"properties":{"osm_id":"way/705874362","name":"St Nicholas Hospital","named":true,"source":"OpenStreetMap contributors","source_tags":{"amenity":"hospital","check_date":"2026-03-02","healthcare":"hospital","name":"St Nicholas Hospital","wikidata":"Q18392690","wikipedia":"en:St. Nicholas Hospital, Lagos"},"retrieved_at":"2026-09-06T12:43:12.245Z","confidence":"openstreetmap_mapped_unverified","field_verified":false,"layer":"osm_health_facility","facility_type":"hospital","operator":null}},{"type":"Feature","geometry":{"type":"Point","coordinates":[3.3972393,6.448899]},"properties":{"osm_id":"way/705874363","name":"Lagos Island Maternity Hospital","named":true,"source":"OpenStreetMap contributors","source_tags":{"amenity":"hospital","check_date":"2026-03-02","healthcare":"hospital","name":"Lagos Island Maternity Hospital"},"retrieved_at":"2026-09-06T12:43:12.245Z","confidence":"openstreetmap_mapped_unverified","field_verified":false,"layer":"osm_health_facility","facility_type":"hospital","operator":null}},{"type":"Feature","geometry":{"type":"Point","coordinates":[3.3923634,6.45531]},"properties":{"osm_id":"way/707003778","name":"Massey Street Children Hospital","named":true,"source":"OpenStreetMap contributors","source_tags":{"amenity":"hospital","healthcare":"hospital","name":"Massey Street Children Hospital"},"retrieved_at":"2026-09-06T12:43:12.245Z","confidence":"openstreetmap_mapped_unverified","field_verified":false,"layer":"osm_health_facility","facility_type":"hospital","operator":null}},{"type":"Feature","geometry":{"type":"Point","coordinates":[3.3960763,6.5151488]},"properties":{"osm_id":"way/707234131","name":"UNILAG Medical Centre","named":true,"source":"OpenStreetMap contributors","source_tags":{"amenity":"clinic","healthcare":"clinic","name":"UNILAG Medical Centre"},"retrieved_at":"2026-09-06T12:43:12.245Z","confidence":"openstreetmap_mapped_unverified","field_verified":false,"layer":"osm_health_facility","facility_type":"clinic","operator":null}},{"type":"Feature","geometry":{"type":"Point","coordinates":[3.3014129,6.4604225]},"properties":{"osm_id":"way/707257732","name":"Amuwo Odofin Maternal & Childcare Centre","named":true,"source":"OpenStreetMap contributors","source_tags":{"amenity":"hospital","healthcare":"hospital","name":"Amuwo Odofin Maternal & Childcare Centre","surface":"paved","website":"http://www.amuwomcc.org.ng/"},"retrieved_at":"2026-09-06T12:43:12.245Z","confidence":"openstreetmap_mapped_unverified","field_verified":false,"layer":"osm_health_facility","facility_type":"hospital","operator":null}},{"type":"Feature","geometry":{"type":"Point","coordinates":[3.2895759,6.476061]},"properties":{"osm_id":"way/707258933","name":"Emel Hospital","named":true,"source":"OpenStreetMap contributors","source_tags":{"amenity":"hospital","healthcare":"hospital","name":"Emel Hospital","website":"https://www.emelhospital.org"},"retrieved_at":"2026-09-06T12:43:12.245Z","confidence":"openstreetmap_mapped_unverified","field_verified":false,"layer":"osm_health_facility","facility_type":"hospital","operator":null}},{"type":"Feature","geometry":{"type":"Point","coordinates":[3.3562742,6.5207326]},"properties":{"osm_id":"way/707848334","name":"Lagos University Teaching Hospital","named":true,"source":"OpenStreetMap contributors","source_tags":{"amenity":"hospital","emergency":"yes","healthcare":"hospital","name":"Lagos University Teaching Hospital","short_name":"LUTH","website":"https://www.luth.org.ng/","wikidata":"Q17109134","wikipedia":"en:Lagos University Teaching Hospital"},"retrieved_at":"2026-09-06T12:43:12.245Z","confidence":"openstreetmap_mapped_unverified","field_verified":false,"layer":"osm_health_facility","facility_type":"hospital","operator":null}},{"type":"Feature","geometry":{"type":"Point","coordinates":[3.3568871,6.508001]},"properties":{"osm_id":"way/707941982","name":"Randle General Hospital","named":true,"source":"OpenStreetMap contributors","source_tags":{"alt_name":"Surulere General Hospital","amenity":"hospital","healthcare":"hospital","name":"Randle General Hospital"},"retrieved_at":"2026-09-06T12:43:12.245Z","confidence":"openstreetmap_mapped_unverified","field_verified":false,"layer":"osm_health_facility","facility_type":"hospital","operator":null}},{"type":"Feature","geometry":{"type":"Point","coordinates":[2.8959768,6.4153152]},"properties":{"osm_id":"way/735122001","name":"Badagry General Hospital","named":true,"source":"OpenStreetMap contributors","source_tags":{"amenity":"hospital","healthcare":"hospital","name":"Badagry General Hospital"},"retrieved_at":"2026-09-06T12:43:12.245Z","confidence":"openstreetmap_mapped_unverified","field_verified":false,"layer":"osm_health_facility","facility_type":"hospital","operator":null}},{"type":"Feature","geometry":{"type":"Point","coordinates":[3.5000429,6.6105552]},"properties":{"osm_id":"way/742039132","name":"General Hospital Ikorodu","named":true,"source":"OpenStreetMap contributors","source_tags":{"amenity":"hospital","emergency":"yes","healthcare":"hospital","healthcare:speciality":"general;gynaecology;surgery;dentist;paediatrics","name":"General Hospital Ikorodu","operator":"Lagos state Govt"},"retrieved_at":"2026-09-06T12:43:12.245Z","confidence":"openstreetmap_mapped_unverified","field_verified":false,"layer":"osm_health_facility","facility_type":"hospital","operator":"Lagos state Govt"}},{"type":"Feature","geometry":{"type":"Point","coordinates":[3.5012973,6.6124269]},"properties":{"osm_id":"way/742626640","name":"Primary Health center","named":true,"source":"OpenStreetMap contributors","source_tags":{"amenity":"clinic","healthcare":"birthing_centre","healthcare:speciality":"general;clinic","name":"Primary Health center","operator":"Lagos state Govt"},"retrieved_at":"2026-09-06T12:43:12.245Z","confidence":"openstreetmap_mapped_unverified","field_verified":false,"layer":"osm_health_facility","facility_type":"clinic","operator":"Lagos state Govt"}},{"type":"Feature","geometry":{"type":"Point","coordinates":[3.5488936,6.6244394]},"properties":{"osm_id":"way/745483984","name":"St Raphael Divine Mercy Specialist Hospital","named":true,"source":"OpenStreetMap contributors","source_tags":{"addr:street":"Ijede Road","amenity":"hospital","healthcare":"hospital","name":"St Raphael Divine Mercy Specialist Hospital"},"retrieved_at":"2026-09-06T12:43:12.245Z","confidence":"openstreetmap_mapped_unverified","field_verified":false,"layer":"osm_health_facility","facility_type":"hospital","operator":null}},{"type":"Feature","geometry":{"type":"Point","coordinates":[3.5963173,6.5651634]},"properties":{"osm_id":"way/746008852","name":"General Hospital Ijede","named":true,"source":"OpenStreetMap contributors","source_tags":{"amenity":"hospital","healthcare":"hospital","name":"General Hospital Ijede"},"retrieved_at":"2026-09-06T12:43:12.245Z","confidence":"openstreetmap_mapped_unverified","field_verified":false,"layer":"osm_health_facility","facility_type":"hospital","operator":null}},{"type":"Feature","geometry":{"type":"Point","coordinates":[3.3845654,6.4883191]},"properties":{"osm_id":"way/775431197","name":"Ebute Metta Health Centre","named":true,"source":"OpenStreetMap contributors","source_tags":{"amenity":"clinic","healthcare":"clinic","name":"Ebute Metta Health Centre","opening_hours":"Mo-Sa 09:00-18:00"},"retrieved_at":"2026-09-06T12:43:12.245Z","confidence":"openstreetmap_mapped_unverified","field_verified":false,"layer":"osm_health_facility","facility_type":"clinic","operator":null}},{"type":"Feature","geometry":{"type":"Point","coordinates":[3.627211,6.5801546]},"properties":{"osm_id":"way/776290326","name":"Agura Primary Health Care Centre","named":true,"source":"OpenStreetMap contributors","source_tags":{"amenity":"clinic","healthcare":"clinic","name":"Agura Primary Health Care Centre"},"retrieved_at":"2026-09-06T12:43:12.245Z","confidence":"openstreetmap_mapped_unverified","field_verified":false,"layer":"osm_health_facility","facility_type":"clinic","operator":null}},{"type":"Feature","geometry":{"type":"Point","coordinates":[3.5084112,6.6320959]},"properties":{"osm_id":"way/778868263","name":"Agbala Paediatric Centre","named":true,"source":"OpenStreetMap contributors","source_tags":{"amenity":"clinic","healthcare":"clinic","name":"Agbala Paediatric Centre","operator":"Lagos State Health Service"},"retrieved_at":"2026-09-06T12:43:12.245Z","confidence":"openstreetmap_mapped_unverified","field_verified":false,"layer":"osm_health_facility","facility_type":"clinic","operator":"Lagos State Health Service"}},{"type":"Feature","geometry":{"type":"Point","coordinates":[3.5062218,6.6283254]},"properties":{"osm_id":"way/778868277","name":"Eye Foundation Hospital","named":true,"source":"OpenStreetMap contributors","source_tags":{"amenity":"clinic","healthcare":"clinic","name":"Eye Foundation Hospital"},"retrieved_at":"2026-09-06T12:43:12.245Z","confidence":"openstreetmap_mapped_unverified","field_verified":false,"layer":"osm_health_facility","facility_type":"clinic","operator":null}},{"type":"Feature","geometry":{"type":"Point","coordinates":[3.6110053,6.5095057]},"properties":{"osm_id":"way/785246570","name":"Primary Health Center, Badore","named":true,"source":"OpenStreetMap contributors","source_tags":{"amenity":"hospital","healthcare":"hospital","name":"Primary Health Center, Badore"},"retrieved_at":"2026-09-06T12:43:12.245Z","confidence":"openstreetmap_mapped_unverified","field_verified":false,"layer":"osm_health_facility","facility_type":"hospital","operator":null}},{"type":"Feature","geometry":{"type":"Point","coordinates":[3.3190627,6.5281117]},"properties":{"osm_id":"way/788305530","name":"Isolo General Hospital","named":true,"source":"OpenStreetMap contributors","source_tags":{"amenity":"hospital","name":"Isolo General Hospital"},"retrieved_at":"2026-09-06T12:43:12.245Z","confidence":"openstreetmap_mapped_unverified","field_verified":false,"layer":"osm_health_facility","facility_type":"hospital","operator":null}},{"type":"Feature","geometry":{"type":"Point","coordinates":[3.3061685,6.6024042]},"properties":{"osm_id":"way/790879205","name":"Crystal Specialist Hospital","named":true,"source":"OpenStreetMap contributors","source_tags":{"addr:city":"Lagos","addr:housenumber":"148/150","addr:street":"Akowonjo Road","alt_name":"Crystal Specialist Hospital Akowonjo","amenity":"clinic","contact:phone":"+234 808 800 0757","healthcare":"clinic","name":"Crystal Specialist Hospital","website":"https://crystalhospitalng.com/"},"retrieved_at":"2026-09-06T12:43:12.245Z","confidence":"openstreetmap_mapped_unverified","field_verified":false,"layer":"osm_health_facility","facility_type":"clinic","operator":null}},{"type":"Feature","geometry":{"type":"Point","coordinates":[3.5220945,6.5927333]},"properties":{"osm_id":"way/795018742","name":"Health Center","named":true,"source":"OpenStreetMap contributors","source_tags":{"amenity":"hospital","healthcare":"hospital","name":"Health Center"},"retrieved_at":"2026-09-06T12:43:12.245Z","confidence":"openstreetmap_mapped_unverified","field_verified":false,"layer":"osm_health_facility","facility_type":"hospital","operator":null}},{"type":"Feature","geometry":{"type":"Point","coordinates":[3.4150386,6.4277383]},"properties":{"osm_id":"way/795540036","name":"Glen Eagles Hospital","named":true,"source":"OpenStreetMap contributors","source_tags":{"addr:city":"Lagos","addr:housenumber":"7","addr:street":"Oju Olobun Close","amenity":"hospital","healthcare":"hospital","name":"Glen Eagles Hospital"},"retrieved_at":"2026-09-06T12:43:12.245Z","confidence":"openstreetmap_mapped_unverified","field_verified":false,"layer":"osm_health_facility","facility_type":"hospital","operator":null}},{"type":"Feature","geometry":{"type":"Point","coordinates":[3.3709586,6.5110462]},"properties":{"osm_id":"way/795581891","name":"Lagos Emergency Operations Center","named":true,"source":"OpenStreetMap contributors","source_tags":{"amenity":"hospital","health_facility:type":"support_group_home","healthcare":"hospital","name":"Lagos Emergency Operations Center","operator":"eHealth Africa"},"retrieved_at":"2026-09-06T12:43:12.245Z","confidence":"openstreetmap_mapped_unverified","field_verified":false,"layer":"osm_health_facility","facility_type":"hospital","operator":"eHealth Africa"}},{"type":"Feature","geometry":{"type":"Point","coordinates":[3.5831965,6.5022731]},"properties":{"osm_id":"way/801924039","name":"Unnamed (OSM way/801924039)","named":false,"source":"OpenStreetMap contributors","source_tags":{"amenity":"clinic","healthcare":"clinic"},"retrieved_at":"2026-09-06T12:43:12.245Z","confidence":"openstreetmap_mapped_unverified","field_verified":false,"layer":"osm_health_facility","facility_type":"clinic","operator":null}},{"type":"Feature","geometry":{"type":"Point","coordinates":[3.4641178,6.428608]},"properties":{"osm_id":"way/802983686","name":"Medison Specialist Women's Hospital","named":true,"source":"OpenStreetMap contributors","source_tags":{"addr:city":"lagos","addr:housenumber":"18","addr:street":"Olatunji Moore Street","amenity":"hospital","level":"0,1","name":"Medison Specialist Women's Hospital","operator":"Dr L. A. Akinola"},"retrieved_at":"2026-09-06T12:43:12.245Z","confidence":"openstreetmap_mapped_unverified","field_verified":false,"layer":"osm_health_facility","facility_type":"hospital","operator":"Dr L. A. Akinola"}},{"type":"Feature","geometry":{"type":"Point","coordinates":[3.3718634,6.5090162]},"properties":{"osm_id":"way/803289541","name":"Lagos Health Center Harvey Road","named":true,"source":"OpenStreetMap contributors","source_tags":{"addr:street":"Harvey Road","amenity":"hospital","healthcare":"hospital","name":"Lagos Health Center Harvey Road","opening_hours":"24/7"},"retrieved_at":"2026-09-06T12:43:12.245Z","confidence":"openstreetmap_mapped_unverified","field_verified":false,"layer":"osm_health_facility","facility_type":"hospital","operator":null}},{"type":"Feature","geometry":{"type":"Point","coordinates":[3.3725824,6.5104089]},"properties":{"osm_id":"way/803294342","name":"Federal Psychiatric Hospital Yaba","named":true,"source":"OpenStreetMap contributors","source_tags":{"addr:street":"Murtala Mohammed Way","amenity":"hospital","healthcare":"hospital","name":"Federal Psychiatric Hospital Yaba","opening_hours":"24/7"},"retrieved_at":"2026-09-06T12:43:12.245Z","confidence":"openstreetmap_mapped_unverified","field_verified":false,"layer":"osm_health_facility","facility_type":"hospital","operator":null}},{"type":"Feature","geometry":{"type":"Point","coordinates":[3.1531734,6.4649354]},"properties":{"osm_id":"way/803337410","name":"Ilogbo-Center Hospital","named":true,"source":"OpenStreetMap contributors","source_tags":{"amenity":"hospital","healthcare":"hospital","name":"Ilogbo-Center Hospital"},"retrieved_at":"2026-09-06T12:43:12.245Z","confidence":"openstreetmap_mapped_unverified","field_verified":false,"layer":"osm_health_facility","facility_type":"hospital","operator":null}},{"type":"Feature","geometry":{"type":"Point","coordinates":[3.3803787,6.52904]},"properties":{"osm_id":"way/803347476","name":"MARANATHA MEDICAL CENTER","named":true,"source":"OpenStreetMap contributors","source_tags":{"amenity":"hospital","healthcare":"hospital","name":"MARANATHA MEDICAL CENTER"},"retrieved_at":"2026-09-06T12:43:12.245Z","confidence":"openstreetmap_mapped_unverified","field_verified":false,"layer":"osm_health_facility","facility_type":"hospital","operator":null}},{"type":"Feature","geometry":{"type":"Point","coordinates":[3.3300346,6.4979669]},"properties":{"osm_id":"way/803349307","name":"St. LukeÃ¢Â€Â˜s medical center","named":true,"source":"OpenStreetMap contributors","source_tags":{"amenity":"hospital","building":"hospital","name":"St. LukeÃ¢Â€Â˜s medical center"},"retrieved_at":"2026-09-06T12:43:12.245Z","confidence":"openstreetmap_mapped_unverified","field_verified":false,"layer":"osm_health_facility","facility_type":"hospital","operator":null}},{"type":"Feature","geometry":{"type":"Point","coordinates":[3.3871468,6.4927187]},"properties":{"osm_id":"way/803362520","name":"Ayeitoro PHC","named":true,"source":"OpenStreetMap contributors","source_tags":{"amenity":"hospital","name":"Ayeitoro PHC"},"retrieved_at":"2026-09-06T12:43:12.245Z","confidence":"openstreetmap_mapped_unverified","field_verified":false,"layer":"osm_health_facility","facility_type":"hospital","operator":null}},{"type":"Feature","geometry":{"type":"Point","coordinates":[3.3805101,6.4843623]},"properties":{"osm_id":"way/803364243","name":"Federal Medical Centre","named":true,"source":"OpenStreetMap contributors","source_tags":{"amenity":"hospital","building":"hospital","healthcare":"hospital","name":"Federal Medical Centre"},"retrieved_at":"2026-09-06T12:43:12.245Z","confidence":"openstreetmap_mapped_unverified","field_verified":false,"layer":"osm_health_facility","facility_type":"hospital","operator":null}},{"type":"Feature","geometry":{"type":"Point","coordinates":[3.328629,6.448706]},"properties":{"osm_id":"way/826320802","name":"St Charles Clinic","named":true,"source":"OpenStreetMap contributors","source_tags":{"amenity":"clinic","building":"yes","healthcare":"clinic","name":"St Charles Clinic"},"retrieved_at":"2026-09-06T12:43:12.245Z","confidence":"openstreetmap_mapped_unverified","field_verified":false,"layer":"osm_health_facility","facility_type":"clinic","operator":null}},{"type":"Feature","geometry":{"type":"Point","coordinates":[3.340088,6.5565287]},"properties":{"osm_id":"way/827077205","name":"De Joseph Medical Convalescent Health Centre","named":true,"source":"OpenStreetMap contributors","source_tags":{"amenity":"clinic","building":"yes","healthcare":"clinic","name":"De Joseph Medical Convalescent Health Centre"},"retrieved_at":"2026-09-06T12:43:12.245Z","confidence":"openstreetmap_mapped_unverified","field_verified":false,"layer":"osm_health_facility","facility_type":"clinic","operator":null}},{"type":"Feature","geometry":{"type":"Point","coordinates":[3.3369175,6.4475545]},"properties":{"osm_id":"way/888425357","name":"Abbey Medical Centre","named":true,"source":"OpenStreetMap contributors","source_tags":{"amenity":"hospital","building":"yes","name":"Abbey Medical Centre","source":"Google Street view"},"retrieved_at":"2026-09-06T12:43:12.245Z","confidence":"openstreetmap_mapped_unverified","field_verified":false,"layer":"osm_health_facility","facility_type":"hospital","operator":null}},{"type":"Feature","geometry":{"type":"Point","coordinates":[3.6489589,6.4710693]},"properties":{"osm_id":"way/961289126","name":"Dalet Hospital","named":true,"source":"OpenStreetMap contributors","source_tags":{"amenity":"clinic","building":"yes","healthcare":"clinic","name":"Dalet Hospital"},"retrieved_at":"2026-09-06T12:43:12.245Z","confidence":"openstreetmap_mapped_unverified","field_verified":false,"layer":"osm_health_facility","facility_type":"clinic","operator":null}},{"type":"Feature","geometry":{"type":"Point","coordinates":[3.4641495,6.4284928]},"properties":{"osm_id":"way/1272911129","name":"Medison Specialist Women's Hospital","named":true,"source":"OpenStreetMap contributors","source_tags":{"addr:city":"lagos","addr:housenumber":"18","addr:street":"Olatunji Moore Street","amenity":"hospital","level":"0,1","name":"Medison Specialist Women's Hospital","operator":"Dr L. A. Akinola"},"retrieved_at":"2026-09-06T12:43:12.245Z","confidence":"openstreetmap_mapped_unverified","field_verified":false,"layer":"osm_health_facility","facility_type":"hospital","operator":"Dr L. A. Akinola"}}]}
